Date,EC,pH,Solution_Temperature
2025-12-29 17:28,1.15,6.12,26.97
2025-12-29 17:48,1.15,5.99,26.3
2025-12-29 18:08,1.15,6.03,26.58
2025-12-29 18:28,1.15,5.87,25.74
2025-12-29 18:48,1.15,6.06,25.61
2025-12-29 19:08,1.15,6.16,25.68
2025-12-29 19:28,1.15,5.99,25.11
2025-12-29 19:48,1.15,5.83,25.07
2025-12-29 20:00,1.15,5.76,24.78
2025-12-29 20:06,1.15,5.98,25.16
2025-12-29 20:08,1.15,6.05,25.1
2025-12-29 20:09,1.15,6.11,24.93
2025-12-29 20:09,1.16,6.1,24.98
2025-12-29 20:09,1.16,6.13,25.01
2025-12-29 20:10,1.16,6.14,24.96
2025-12-29 20:30,1.15,6.07,24.42
2025-12-29 20:31,1.15,6.02,24.4
2025-12-29 20:32,1.16,6.08,24.7
2025-12-29 20:35,1.15,6.06,24.56
2025-12-29 20:35,1.15,6.07,24.52
2025-12-29 20:55,1.15,6.05,24.07
2025-12-29 20:56,1.15,6.04,24.0
2025-12-29 20:57,1.15,6.04,23.94
2025-12-29 21:02,1.15,6.06,23.89
2025-12-29 21:09,1.15,6.05,23.8
2025-12-29 21:23,1.15,6.06,23.55
2025-12-29 21:24,1.15,6.05,23.59
2025-12-29 21:44,1.15,6.07,23.32
2025-12-29 22:04,1.15,5.89,23.25
2025-12-29 22:24,1.15,5.8,22.67
2025-12-29 22:44,1.15,6.07,22.38
2025-12-29 23:04,1.15,6.1,22.14
2025-12-29 23:24,1.15,6.13,21.93
2025-12-29 23:44,1.15,6.08,21.82
2025-12-30 00:00,1.15,5.89,21.64
2025-12-30 00:04,1.15,5.76,21.62
2025-12-30 00:24,1.15,5.78,21.45
2025-12-30 00:44,1.15,5.5,21.34
2025-12-30 01:04,1.21,5.46,21.17
2025-12-30 01:24,1.57,5.36,21.03
2025-12-30 01:44,1.2,5.36,20.88
2025-12-30 02:04,1.37,5.4,20.77
2025-12-30 02:24,1.39,5.57,20.64
2025-12-30 02:44,1.45,5.75,20.54
2025-12-30 03:04,1.18,5.85,20.44
2025-12-30 03:24,1.19,5.88,20.31
2025-12-30 03:44,1.28,5.86,20.2
2025-12-30 04:00,1.2,5.88,20.15
2025-12-30 04:04,1.18,5.87,20.14
2025-12-30 04:24,1.52,5.89,19.99
2025-12-30 04:44,1.2,5.9,19.9
2025-12-30 05:04,1.15,5.91,19.82
2025-12-30 05:24,1.15,5.89,19.76
2025-12-30 05:44,1.15,5.88,19.6
2025-12-30 06:04,1.15,5.9,19.52
2025-12-30 06:24,1.15,5.87,19.4
2025-12-30 06:44,1.15,5.87,19.29
2025-12-30 07:04,1.15,5.4,19.2
2025-12-30 07:24,1.15,5.33,19.11
2025-12-30 07:44,1.15,5.36,19.06
2025-12-30 08:00,1.15,5.34,19.0
2025-12-30 08:04,1.15,5.32,18.98
2025-12-30 08:24,1.15,5.33,18.9
2025-12-30 08:44,1.15,5.34,18.88
2025-12-30 09:04,1.15,5.39,18.88
2025-12-30 09:24,1.16,5.45,18.84
2025-12-30 09:44,1.16,5.52,18.85
2025-12-30 10:04,1.15,5.76,19.2
2025-12-30 10:24,1.15,6.15,19.13
2025-12-30 10:44,1.15,6.08,19.52
2025-12-30 10:50,1.15,6.1,19.51
2025-12-30 10:53,1.15,6.13,19.49
2025-12-30 10:53,1.15,6.1,19.46
2025-12-30 10:55,1.15,6.1,19.47
2025-12-30 10:55,1.15,6.11,19.45
2025-12-30 10:59,1.15,6.08,19.48
2025-12-30 11:00,1.15,6.09,19.46
2025-12-30 11:01,1.15,6.06,19.48
2025-12-30 11:03,1.15,6.12,19.48
2025-12-30 11:23,1.15,6.04,19.42
2025-12-30 11:43,1.15,5.77,19.59
2025-12-30 12:03,1.15,5.83,19.54
2025-12-30 12:23,1.15,5.81,19.53
2025-12-30 12:43,1.15,5.76,19.56
2025-12-30 13:03,1.15,5.75,19.55
2025-12-30 13:23,1.15,5.79,19.54
2025-12-30 13:43,1.15,5.75,19.59
2025-12-30 14:03,1.15,5.99,19.59
2025-12-30 14:23,1.15,6.06,19.69
2025-12-30 14:43,1.15,6.09,19.67
2025-12-30 15:03,1.15,6.06,19.69
2025-12-30 15:23,1.15,6.1,19.72
2025-12-30 15:43,1.15,6.0,19.79
2025-12-30 16:03,1.15,5.97,19.85
2025-12-30 16:21,1.15,5.94,19.89
2025-12-30 16:23,1.15,5.98,19.87
2025-12-30 16:37,1.16,6.09,21.48
2025-12-30 16:38,1.16,6.09,21.47
2025-12-30 16:39,1.16,6.07,21.54
2025-12-30 16:39,1.16,6.09,21.51
2025-12-30 16:55,1.15,6.05,21.26
2025-12-30 16:55,1.15,6.06,21.27
2025-12-30 17:15,1.16,6.05,21.91
2025-12-30 17:35,1.16,6.03,22.54
2025-12-30 17:55,1.16,5.99,22.36
2025-12-30 18:15,1.16,5.91,22.75
2025-12-30 18:35,1.16,5.74,23.12
2025-12-30 18:55,1.16,5.76,22.75
2025-12-30 19:15,1.16,5.76,22.98
2025-12-30 19:35,1.16,5.89,23.25
2025-12-30 19:55,1.16,5.91,22.85
2025-12-30 20:00,1.16,5.95,22.8
2025-12-30 20:15,1.16,5.95,22.96
2025-12-30 20:35,1.16,5.99,23.27
2025-12-30 20:55,1.16,6.02,22.86
2025-12-30 21:15,1.16,6.08,22.93
2025-12-30 21:35,1.16,5.88,23.17
2025-12-30 21:55,1.16,5.62,22.78
2025-12-30 22:15,1.16,5.52,22.88
2025-12-30 22:35,1.16,5.4,23.03
2025-12-30 22:55,1.16,5.35,22.65
2025-12-30 23:15,1.16,5.97,22.73
2025-12-30 23:35,1.16,5.92,22.9
2025-12-30 23:55,1.16,5.91,22.46
2025-12-31 00:00,1.16,5.9,22.4
2025-12-31 00:15,1.16,5.95,22.43
2025-12-31 00:35,1.16,5.87,22.56
2025-12-31 00:55,1.16,5.63,21.99
2025-12-31 01:15,1.16,5.8,21.95
2025-12-31 01:35,1.16,5.93,22.1
2025-12-31 01:55,1.16,5.99,21.59
2025-12-31 02:15,1.16,5.82,21.56
2025-12-31 02:35,1.16,5.29,21.63
2025-12-31 02:55,1.16,5.21,21.24
2025-12-31 03:15,1.16,5.16,21.13
2025-12-31 03:35,1.16,5.12,21.22
2025-12-31 03:55,1.16,5.21,20.74
2025-12-31 04:00,1.16,5.28,20.72
2025-12-31 04:15,1.16,5.48,20.64
2025-12-31 04:35,1.16,5.55,20.83
2025-12-31 04:55,1.16,5.63,20.41
2025-12-31 05:15,1.16,5.53,20.5
2025-12-31 05:35,1.16,5.84,21.26
2025-12-31 05:55,1.16,5.64,21.07
2025-12-31 06:15,1.16,5.71,21.87
2025-12-31 06:35,1.16,5.5,22.68
2025-12-31 06:55,1.16,5.48,22.58
2025-12-31 07:15,1.16,5.44,23.32
2025-12-31 07:35,1.17,5.44,24.02
2025-12-31 07:55,1.16,5.45,23.8
2025-12-31 08:00,1.17,5.5,23.7
2025-12-31 08:15,1.17,5.47,24.47
2025-12-31 08:35,1.17,5.65,25.1
2025-12-31 08:55,1.17,5.4,24.79
2025-12-31 09:15,1.17,5.42,25.44
2025-12-31 09:35,1.17,5.38,26.05
2025-12-31 09:55,1.17,5.42,25.77
2025-12-31 10:15,1.17,5.33,26.3
2025-12-31 10:35,1.18,5.33,26.9
2025-12-31 10:55,1.17,5.32,26.51
2025-12-31 11:15,1.18,5.32,26.93
2025-12-31 11:35,1.18,5.38,27.37
2025-12-31 11:55,1.18,5.53,26.92
2025-12-31 12:00,1.18,5.43,26.84
2025-12-31 12:15,1.18,5.44,27.21
2025-12-31 12:35,1.18,5.49,27.6
2025-12-31 12:55,1.18,5.54,27.1
2025-12-31 13:15,1.18,5.52,27.33
2025-12-31 13:35,1.19,5.44,27.67
2025-12-31 13:55,1.18,5.53,27.13
2025-12-31 14:15,1.19,5.47,27.3
2025-12-31 14:35,1.19,5.05,27.7
2025-12-31 14:55,1.19,5.39,27.15
2025-12-31 15:15,1.19,5.31,27.41
2025-12-31 15:35,1.19,5.36,27.73
2025-12-31 15:55,1.19,5.46,27.25
2025-12-31 16:00,1.19,5.38,27.17
2025-12-31 16:15,1.19,5.33,27.43
2025-12-31 16:35,1.19,5.14,27.86
2025-12-31 16:55,1.19,4.93,27.28
2025-12-31 17:15,1.19,4.94,27.4
2025-12-31 17:35,1.2,4.84,27.69
2025-12-31 17:55,1.19,4.85,27.16
2025-12-31 18:15,1.19,4.79,27.3
2025-12-31 18:35,1.2,4.9,27.54
2025-12-31 18:55,1.2,5.34,26.95
2025-12-31 19:15,1.2,5.08,26.65
2025-12-31 19:35,1.2,5.2,26.52
2025-12-31 19:55,1.19,5.21,25.76
2025-12-31 20:00,1.19,5.21,25.69
2025-12-31 20:15,1.19,5.18,25.33
2025-12-31 20:35,1.19,5.1,25.19
2025-12-31 20:55,1.19,5.19,24.52
2025-12-31 21:15,1.19,5.17,24.06
2025-12-31 21:35,1.19,5.17,23.99
2025-12-31 21:55,1.2,5.21,23.31
2025-12-31 22:15,1.19,5.2,22.95
2025-12-31 22:35,1.19,5.18,22.95
2025-12-31 22:55,1.19,5.25,22.37
2025-12-31 23:15,1.19,5.18,22.04
2025-12-31 23:35,1.19,4.87,22.11
2025-12-31 23:55,1.19,4.94,21.57
2026-01-01 00:00,1.19,5.01,21.5
2026-01-01 00:15,1.19,5.24,21.31
2026-01-01 00:35,1.19,5.25,21.36
2026-01-01 00:55,1.19,5.27,20.75
2026-01-01 01:15,1.19,5.01,20.47
2026-01-01 01:35,1.19,5.14,20.54
2026-01-01 01:55,1.19,5.4,20.01
2026-01-01 02:15,1.19,5.32,19.78
2026-01-01 02:35,1.19,4.73,19.91
2026-01-01 02:55,1.19,4.57,19.56
2026-01-01 03:15,1.19,4.59,19.41
2026-01-01 03:35,1.19,4.63,19.63
2026-01-01 03:55,1.19,4.99,19.18
2026-01-01 04:00,1.19,4.98,19.2
2026-01-01 04:15,1.19,5.04,19.11
2026-01-01 04:35,1.19,5.0,19.32
2026-01-01 04:55,1.19,5.05,18.94
2026-01-01 05:15,1.19,5.07,18.9
2026-01-01 05:35,1.19,4.46,19.24
2026-01-01 05:55,1.19,5.36,18.9
2026-01-01 06:15,1.19,5.27,19.04
2026-01-01 06:35,1.19,5.19,19.47
2026-01-01 06:55,1.19,5.17,19.1
2026-01-01 07:15,1.19,5.17,19.22
2026-01-01 07:35,1.19,5.21,19.68
2026-01-01 07:55,1.19,5.21,19.29
2026-01-01 08:00,1.19,5.25,19.27
2026-01-01 08:15,1.19,5.31,19.52
2026-01-01 08:35,1.19,5.06,19.88
2026-01-01 08:55,1.19,5.26,19.57
2026-01-01 09:15,1.19,5.23,19.81
2026-01-01 09:35,1.19,5.18,20.29
2026-01-01 09:55,1.19,5.15,19.97
2026-01-01 10:15,1.19,5.14,20.29
2026-01-01 10:35,1.19,5.14,20.85
2026-01-01 10:55,1.19,5.08,20.53
2026-01-01 11:15,1.19,5.09,20.88
2026-01-01 11:35,1.19,5.1,21.37
2026-01-01 11:55,1.19,5.13,21.02
2026-01-01 12:00,1.19,5.15,21.0
2026-01-01 12:15,1.19,5.21,21.34
2026-01-01 12:35,1.19,5.17,21.74
2026-01-01 12:55,1.19,5.09,21.36
2026-01-01 13:15,1.19,4.89,21.54
2026-01-01 13:35,1.19,4.73,21.9
2026-01-01 13:55,1.19,4.73,21.48
2026-01-01 14:15,1.19,4.62,21.62
2026-01-01 14:35,1.19,4.54,21.95
2026-01-01 14:55,1.19,4.46,21.53
2026-01-01 15:15,1.19,4.47,21.65
2026-01-01 15:35,1.19,4.44,21.96
2026-01-01 15:55,1.19,4.52,21.51
2026-01-01 16:00,1.19,4.5,21.45
2026-01-01 16:15,1.19,4.67,21.59
2026-01-01 16:35,1.19,4.55,21.92
2026-01-01 16:55,1.19,4.79,21.48
2026-01-01 17:15,1.19,4.91,21.56
2026-01-01 17:35,1.19,4.75,21.87
2026-01-01 17:55,1.19,4.64,21.38
2026-01-01 18:15,1.19,4.68,21.4
2026-01-01 18:35,1.19,4.63,21.68
2026-01-01 18:55,1.19,4.79,21.21
2026-01-01 19:15,1.19,4.72,21.25
2026-01-01 19:35,1.19,4.58,21.54
2026-01-01 19:55,1.19,4.64,21.01
2026-01-01 20:00,1.19,4.6,20.94
2026-01-01 20:15,1.19,4.65,21.02
2026-01-01 20:35,1.19,4.62,21.35
2026-01-01 20:55,1.19,4.83,20.87
2026-01-01 21:15,1.19,4.9,20.91
2026-01-01 21:35,1.19,4.7,21.27
2026-01-01 21:55,1.19,4.83,20.71
2026-01-01 22:15,1.19,4.88,20.89
2026-01-01 22:35,1.19,4.99,21.17
2026-01-01 22:55,1.19,4.98,20.63
2026-01-01 23:15,1.19,4.76,20.73
2026-01-01 23:35,1.19,5.07,21.0
2026-01-01 23:55,1.18,5.3,20.44
2026-01-02 00:00,1.18,5.24,20.37
2026-01-02 00:15,1.18,5.13,20.34
2026-01-02 00:35,1.18,5.11,20.55
2026-01-02 00:55,1.18,5.44,20.1
2026-01-02 01:15,1.18,5.23,20.01
2026-01-02 01:35,1.18,4.77,20.18
2026-01-02 01:55,1.18,4.72,19.67
2026-01-02 02:15,1.18,4.67,19.67
2026-01-02 02:35,1.18,4.69,19.82
2026-01-02 02:55,1.18,5.03,19.29
2026-01-02 03:15,1.17,5.26,19.25
2026-01-02 03:35,1.17,5.22,19.51
2026-01-02 03:55,1.17,5.3,18.96
2026-01-02 04:00,1.17,5.3,18.92
2026-01-02 04:15,1.17,5.31,18.89
2026-01-02 04:35,1.17,5.3,19.15
2026-01-02 04:55,1.17,5.36,18.62
2026-01-02 05:15,1.17,5.4,18.54
2026-01-02 05:35,1.17,5.28,18.9
2026-01-02 05:55,1.17,4.83,18.43
2026-01-02 06:15,1.17,5.33,18.56
2026-01-02 06:35,1.17,5.46,19.0
2026-01-02 06:55,1.17,5.48,18.52
2026-01-02 07:15,1.17,5.34,18.66
2026-01-02 07:35,1.17,5.17,19.12
2026-01-02 07:55,1.17,4.98,18.71
2026-01-02 08:00,1.17,4.83,18.54
2026-01-02 08:15,1.17,4.85,18.86
2026-01-02 08:35,1.17,4.87,19.28
2026-01-02 08:55,0.81,5.95,20.21
2026-01-02 09:14,0.87,6.28,20.11
2026-01-02 09:34,0.87,6.33,19.9
2026-01-02 09:54,0.87,6.03,19.73
2026-01-02 10:14,0.87,5.92,19.68
2026-01-02 10:34,0.87,5.86,19.56
2026-01-02 10:54,0.87,5.98,19.5
2026-01-02 11:14,0.87,6.32,19.45
2026-01-02 11:34,0.87,6.18,19.32
2026-01-02 11:46,0.87,6.12,19.36
2026-01-02 12:00,0.87,6.08,19.32
2026-01-02 12:06,0.87,6.04,19.31
2026-01-02 12:26,0.87,6.11,19.32
2026-01-02 12:46,0.87,6.06,19.33
2026-01-02 13:02,0.87,6.19,19.29
2026-01-02 13:22,0.87,6.02,19.32
2026-01-02 13:42,1.52,5.53,19.89
2026-01-02 14:02,0.97,6.0,20.49
2026-01-02 14:22,0.96,5.92,20.89
2026-01-02 14:42,0.96,5.95,21.5
2026-01-02 15:02,0.96,6.04,21.67
2026-01-02 15:22,0.96,6.01,21.59
2026-01-02 15:42,0.96,5.98,21.9
2026-01-02 16:02,1.09,5.82,22.02
2026-01-02 16:22,1.07,5.95,21.79
2026-01-02 16:42,1.07,6.01,21.95
2026-01-02 17:02,1.07,6.18,21.61
2026-01-02 17:22,1.07,6.17,21.37
2026-01-02 17:42,1.07,5.85,21.17
2026-01-02 18:02,1.07,6.02,20.99
2026-01-02 18:22,1.07,6.11,20.8
2026-01-02 18:42,1.07,6.09,20.6
2026-01-02 19:02,1.07,6.09,20.5
2026-01-02 19:22,1.08,5.66,20.61
2026-01-02 19:42,1.07,5.61,20.46
2026-01-02 20:00,1.07,5.56,20.3
2026-01-02 20:02,1.07,5.48,20.6
2026-01-02 20:22,1.07,5.51,20.48
2026-01-02 20:42,1.07,5.52,20.7
2026-01-02 21:02,1.07,5.49,20.86
2026-01-02 21:22,1.07,5.56,20.6
2026-01-02 21:42,1.07,5.56,20.8
2026-01-02 22:02,1.07,5.7,20.86
2026-01-02 22:22,1.07,5.63,20.58
2026-01-02 22:42,1.07,5.66,20.6
2026-01-02 23:02,1.07,5.65,20.68
2026-01-02 23:22,1.07,6.1,20.35
2026-01-02 23:42,1.07,6.13,20.29
2026-01-03 00:00,1.07,6.1,20.03
2026-01-03 00:02,1.07,5.98,20.26
2026-01-03 00:22,1.07,5.91,19.88
2026-01-03 00:42,1.07,6.14,19.72
2026-01-03 01:02,1.07,5.97,19.69
2026-01-03 01:22,1.07,5.47,19.27
2026-01-03 01:42,1.07,5.51,19.21
2026-01-03 02:02,1.07,5.43,19.19
2026-01-03 02:22,1.07,5.57,18.86
2026-01-03 02:42,1.07,5.93,18.79
2026-01-03 03:02,1.07,5.95,18.85
2026-01-03 03:22,1.07,6.01,18.63
2026-01-03 03:42,1.06,6.03,18.64
2026-01-03 04:00,1.06,6.04,18.5
2026-01-03 04:02,1.07,6.0,18.57
2026-01-03 04:22,1.06,5.97,18.49
2026-01-03 04:42,1.06,5.93,18.45
2026-01-03 05:02,1.07,5.95,18.5
2026-01-03 05:22,1.06,5.99,18.26
2026-01-03 05:42,1.06,5.43,18.47
2026-01-03 06:02,1.07,5.57,18.54
2026-01-03 06:22,1.06,5.88,18.49
2026-01-03 06:42,1.06,5.92,18.6
2026-01-03 07:02,1.06,6.04,18.75
2026-01-03 07:22,1.06,5.78,18.53
2026-01-03 07:42,1.06,5.37,18.7
2026-01-03 08:00,1.06,5.38,18.51
2026-01-03 08:02,1.07,5.36,18.78
2026-01-03 08:22,1.06,5.37,18.62
2026-01-03 08:42,1.06,5.36,18.78
2026-01-03 09:02,1.07,5.33,18.9
2026-01-03 09:22,1.06,5.4,18.85
2026-01-03 09:42,1.06,5.68,19.09
2026-01-03 10:02,1.07,5.82,19.2
2026-01-03 10:22,1.06,5.96,19.17
2026-01-03 10:42,1.06,5.76,19.4
2026-01-03 11:02,1.06,5.62,19.65
2026-01-03 11:22,1.06,5.51,19.59
2026-01-03 11:42,1.06,5.38,19.78
2026-01-03 12:00,1.06,5.33,19.64
2026-01-03 12:02,1.06,5.31,19.95
2026-01-03 12:22,1.06,5.29,19.81
2026-01-03 12:42,1.06,5.3,19.98
2026-01-03 13:02,1.06,5.32,20.11
2026-01-03 13:22,1.06,5.45,19.93
2026-01-03 13:42,1.06,5.56,20.1
2026-01-03 14:02,1.06,5.64,20.19
2026-01-03 14:22,1.06,5.68,20.0
2026-01-03 14:42,1.06,5.74,20.12
2026-01-03 15:02,1.06,5.74,20.25
2026-01-03 15:22,1.06,5.75,20.01
2026-01-03 15:42,1.06,5.75,20.15
2026-01-03 16:00,1.06,5.74,19.92
2026-01-03 16:02,1.06,5.73,20.23
2026-01-03 16:22,1.06,5.76,19.98
2026-01-03 16:42,1.06,5.74,20.12
2026-01-03 17:02,1.06,5.75,20.13
2026-01-03 17:22,1.06,5.76,19.94
2026-01-03 17:42,1.06,5.75,19.99
2026-01-03 18:02,1.06,5.74,19.98
2026-01-03 18:22,1.06,5.75,19.78
2026-01-03 18:42,1.06,5.74,19.85
2026-01-03 19:02,1.06,5.74,19.9
2026-01-03 19:22,1.06,5.74,19.61
2026-01-03 19:42,1.06,5.75,19.65
2026-01-03 20:00,1.06,5.74,19.44
2026-01-03 20:02,1.06,5.77,19.4
2026-01-03 20:22,1.06,5.72,19.2
2026-01-03 20:42,1.06,5.65,19.03
2026-01-03 21:02,1.06,5.66,18.87
2026-01-03 21:22,1.07,5.69,18.76
2026-01-03 21:42,1.08,5.67,18.56
2026-01-03 22:02,1.09,5.6,18.5
2026-01-03 22:22,1.09,5.66,18.43
2026-01-03 22:42,1.1,5.68,18.26
2026-01-03 23:02,1.1,5.74,18.18
2026-01-03 23:22,1.11,5.37,18.02
2026-01-03 23:42,1.12,6.05,17.95
2026-01-04 00:00,1.12,5.65,17.82
2026-01-04 00:02,1.12,5.54,17.82
2026-01-04 00:22,1.13,5.25,17.7
2026-01-04 00:42,1.13,5.15,17.61
2026-01-04 01:02,1.19,5.54,17.48
2026-01-04 01:22,1.78,5.73,17.39
2026-01-04 01:42,1.46,5.72,17.31
2026-01-04 02:02,1.09,5.72,17.22
2026-01-04 02:22,1.18,5.77,17.17
2026-01-04 02:42,1.19,5.73,17.05
2026-01-04 03:02,1.17,5.72,16.98
2026-01-04 03:22,1.14,5.74,16.91
2026-01-04 03:42,1.47,5.79,16.85
2026-01-04 04:00,1.11,5.79,16.8
2026-01-04 04:02,1.13,5.8,16.75
2026-01-04 04:22,1.21,5.79,16.65
2026-01-04 04:42,1.16,5.77,16.55
2026-01-04 05:02,1.14,5.73,16.53
2026-01-04 05:22,1.14,5.74,16.45
2026-01-04 05:42,1.14,5.71,16.32
2026-01-04 06:02,1.14,5.71,16.23
2026-01-04 06:22,1.13,5.63,16.21
2026-01-04 06:42,1.13,5.52,16.16
2026-01-04 07:02,1.13,5.44,16.06
2026-01-04 07:22,1.13,5.52,16.0
2026-01-04 07:42,1.13,5.33,15.95
2026-01-04 08:00,1.13,5.59,15.94
2026-01-04 08:02,1.13,5.61,15.92
2026-01-04 08:22,1.14,5.69,15.87
2026-01-04 08:42,1.14,5.7,15.81
2026-01-04 09:02,1.14,5.71,15.77
2026-01-04 09:22,1.14,5.67,15.75
2026-01-04 09:42,1.13,5.62,15.73
2026-01-04 10:02,1.14,5.57,15.72
2026-01-04 10:22,1.14,5.22,15.74
2026-01-04 10:42,1.14,5.19,15.74
2026-01-04 11:02,1.14,5.16,15.75
2026-01-04 11:22,1.14,5.17,15.75
2026-01-04 11:42,1.15,5.28,15.72
2026-01-04 12:00,1.15,5.25,15.72
2026-01-04 12:02,1.15,5.26,15.75
2026-01-04 12:22,1.15,5.6,15.74
2026-01-04 12:42,1.15,5.63,15.72
2026-01-04 13:02,1.16,5.64,15.75
2026-01-04 13:22,1.16,5.71,15.73
2026-01-04 13:42,1.16,5.69,15.73
2026-01-04 14:02,1.16,5.7,15.73
2026-01-04 14:22,1.16,5.73,15.71
2026-01-04 14:42,1.16,5.74,15.7
2026-01-04 15:02,1.16,5.76,15.73
2026-01-04 15:22,1.17,5.75,15.71
2026-01-04 15:42,1.17,5.79,15.7
2026-01-04 16:00,1.17,5.8,15.7
2026-01-04 16:02,1.17,5.79,15.69
2026-01-04 16:22,1.17,5.79,15.69
2026-01-04 16:42,1.17,5.75,15.7
2026-01-04 17:02,1.17,5.8,15.66
2026-01-04 17:22,1.17,5.77,15.69
2026-01-04 17:42,1.17,5.78,15.66
2026-01-04 18:02,1.17,5.74,15.66
2026-01-04 18:22,1.17,5.73,15.65
2026-01-04 18:42,1.18,5.7,15.62
2026-01-04 19:02,1.18,5.73,15.6
2026-01-04 19:22,1.18,5.78,15.57
2026-01-04 19:42,1.18,5.73,15.54
2026-01-04 20:00,1.18,5.77,15.54
2026-01-04 20:02,1.18,5.77,15.53
2026-01-04 20:22,1.18,5.81,15.51
2026-01-04 20:42,1.18,5.74,15.48
2026-01-04 21:02,1.18,5.74,15.44
2026-01-04 21:22,1.18,5.75,15.44
2026-01-04 21:42,1.18,5.74,15.41
2026-01-04 22:02,1.18,5.73,15.37
2026-01-04 22:22,1.18,5.74,15.36
2026-01-04 22:42,1.18,5.74,15.32
2026-01-04 23:02,1.18,5.72,15.27
2026-01-04 23:22,1.18,5.62,15.22
2026-01-04 23:42,1.18,5.19,15.19
2026-01-05 00:00,1.19,5.2,15.15
2026-01-05 00:02,1.18,5.17,15.15
2026-01-05 00:22,1.19,5.54,15.16
2026-01-05 00:42,1.19,5.72,15.09
2026-01-05 01:02,1.22,5.76,15.02
2026-01-05 01:22,1.21,5.8,14.95
2026-01-05 01:42,1.24,5.77,14.94
2026-01-05 02:02,1.67,5.8,14.91
2026-01-05 02:22,1.2,5.81,14.84
2026-01-05 02:42,1.21,5.81,14.83
2026-01-05 03:02,1.22,5.8,14.77
2026-01-05 03:22,1.23,5.82,14.74
2026-01-05 03:42,1.24,5.83,14.67
2026-01-05 04:00,1.23,5.82,14.65
2026-01-05 04:02,1.23,5.81,14.65
2026-01-05 04:22,1.53,5.79,14.61
2026-01-05 04:42,1.23,5.79,14.58
2026-01-05 05:02,1.18,5.64,14.55
2026-01-05 05:22,1.18,5.66,14.48
2026-01-05 05:42,1.17,5.76,14.44
2026-01-05 06:02,1.16,5.77,14.36
2026-01-05 06:22,1.16,5.81,14.35
2026-01-05 06:42,1.16,5.79,14.29
2026-01-05 07:02,1.16,5.78,14.27
2026-01-05 07:22,1.16,5.8,14.23
2026-01-05 07:42,1.16,5.84,14.18
2026-01-05 08:00,1.16,5.8,14.17
2026-01-05 08:02,1.16,5.8,14.15
2026-01-05 08:22,1.16,5.76,14.12
2026-01-05 08:42,1.15,5.81,14.1
2026-01-05 08:59,1.08,5.74,14.14
2026-01-05 08:59,1.08,5.76,14.14
2026-01-05 09:19,0.71,6.29,15.29
2026-01-05 09:39,0.37,6.84,16.7
2026-01-05 09:59,0.37,6.63,17.74
2026-01-05 10:19,0.37,6.78,17.56
2026-01-05 10:39,0.37,6.71,18.81
2026-01-05 10:59,0.37,6.63,18.56
2026-01-05 11:19,0.37,6.65,19.07
2026-01-05 11:39,0.37,6.67,19.65
2026-01-05 11:59,0.37,6.6,19.26
2026-01-05 12:00,0.37,6.6,19.25
2026-01-05 12:00,0.37,6.62,19.35
2026-01-05 12:19,0.37,6.89,19.86
2026-01-05 12:39,0.37,7.05,20.31
2026-01-05 12:59,0.37,6.89,19.96
2026-01-05 13:19,0.37,7.17,20.26
2026-01-05 13:39,0.37,7.09,19.94
2026-01-05 21:43,0.41,7.24,16.63
2026-01-05 22:03,0.38,7.25,16.82
2026-01-05 22:21,0.37,7.32,17.87
2026-01-05 22:22,0.37,7.33,17.88
2026-01-05 22:29,0.37,7.26,17.78
2026-01-05 22:43,0.37,7.3,18.37
2026-01-05 23:03,0.37,7.15,18.38
2026-01-06 00:37,0.38,7.32,19.14
2026-01-06 09:00,2.91,7.13,18.9
2026-01-06 09:04,2.91,6.99,18.9
2026-01-06 09:10,2.91,6.94,18.9
2026-01-06 09:30,2.91,6.58,18.9
2026-01-06 09:50,2.91,6.62,18.9
2026-01-06 10:10,2.91,6.81,18.9
2026-01-06 10:30,2.91,6.81,18.9
2026-01-06 10:50,2.91,6.86,18.9
2026-01-06 11:10,2.91,7.04,18.9
2026-01-06 11:30,2.91,6.89,18.9
2026-01-06 11:50,2.91,6.93,18.9
2026-01-06 12:00,2.91,6.89,18.9
2026-01-06 12:10,2.91,6.92,18.9
2026-01-06 12:30,2.91,6.6,18.9
2026-01-06 12:50,2.91,6.57,18.9
2026-01-06 13:10,2.91,6.62,18.9
2026-01-06 13:30,2.91,6.95,18.9
2026-01-06 13:50,2.91,7.0,18.9
2026-01-06 14:10,2.91,6.73,18.9
2026-01-06 14:30,2.91,6.53,18.9
2026-01-06 14:50,2.91,6.97,18.9
2026-01-06 15:10,2.91,6.97,18.9
2026-01-06 15:30,2.91,6.85,18.9
2026-01-06 15:35,2.91,6.83,18.9
2026-01-06 15:37,2.91,6.91,18.9
2026-01-06 15:49,0.61,7.04,19.43
2026-01-06 15:50,0.61,7.02,19.46
2026-01-06 16:00,0.61,6.95,19.43
2026-01-06 16:10,0.61,6.93,20.12
2026-01-06 16:10,0.61,6.94,20.14
2026-01-06 16:30,0.61,6.84,20.01
2026-01-06 16:50,0.61,6.9,20.86
2026-01-06 17:10,0.61,6.91,22.01
2026-01-06 17:30,0.61,6.91,21.78
2026-01-06 17:50,0.61,6.54,21.12
2026-01-06 17:58,0.61,6.56,20.99
2026-01-06 18:00,0.61,6.68,20.97
2026-01-06 18:01,0.61,6.66,20.98
2026-01-06 18:21,0.61,6.83,20.99
2026-01-06 18:38,0.61,6.83,22.98
2026-01-06 18:58,0.61,6.95,22.65
2026-01-06 19:18,0.6,6.75,22.33
2026-01-06 19:38,0.61,6.94,22.09
2026-01-06 19:58,0.61,6.89,21.84
2026-01-06 20:18,0.61,6.88,21.67
2026-01-06 20:38,0.61,6.9,21.42
2026-01-06 20:58,0.6,6.92,21.27
2026-01-06 21:11,0.6,6.94,21.15
2026-01-06 21:14,0.6,6.93,21.2
2026-01-06 21:18,0.61,6.95,21.15
2026-01-06 21:24,0.61,6.97,21.07
2026-01-06 21:27,0.61,6.96,21.03
2026-01-06 21:47,0.61,6.83,20.97
2026-01-06 22:07,0.61,6.79,20.79
2026-01-06 22:27,0.61,6.71,20.55
2026-01-06 22:47,0.61,6.95,20.43
2026-01-06 23:07,0.61,6.81,20.32
2026-01-06 23:27,0.61,6.92,20.17
2026-01-06 23:47,0.61,6.91,20.06
2026-01-07 00:07,0.61,6.96,19.86
2026-01-07 00:27,0.61,6.84,19.7
2026-01-07 00:47,0.61,6.79,19.52
2026-01-07 01:07,0.92,7.01,19.43
2026-01-07 01:27,0.83,6.85,19.4
2026-01-07 01:47,2.1,6.48,19.17
2026-01-07 02:07,1.04,6.29,19.1
2026-01-07 02:27,0.71,6.21,19.13
2026-01-07 02:47,0.79,6.22,19.1
2026-01-07 03:07,0.2,6.27,18.87
2026-01-07 03:27,3.75,6.47,18.77
2026-01-07 03:47,0.47,6.6,18.6
2026-01-07 04:07,0.74,6.7,18.57
2026-01-07 04:27,0.4,6.69,18.6
2026-01-07 04:47,1.66,6.7,18.47
2026-01-07 05:07,0.61,6.72,18.4
2026-01-07 05:27,0.61,6.77,18.31
2026-01-07 05:47,0.61,6.58,18.17
2026-01-07 06:07,0.61,6.21,18.04
2026-01-07 06:27,0.61,6.39,18.0
2026-01-07 06:47,0.61,6.52,17.9
2026-01-07 07:07,0.61,6.48,17.87
2026-01-07 07:27,0.61,6.49,17.84
2026-01-07 07:47,0.61,6.41,17.73
2026-01-07 08:07,0.61,6.28,17.64
2026-01-07 08:27,0.61,6.25,17.61
2026-01-07 08:47,0.61,6.26,17.54
2026-01-07 09:07,0.61,6.25,17.52
2026-01-07 09:21,0.61,6.27,17.52
2026-01-07 09:23,0.61,6.35,17.59
2026-01-07 09:38,0.61,6.49,17.54
2026-01-07 09:58,0.61,6.89,17.54
2026-01-07 10:18,0.61,6.83,17.61
2026-01-07 10:38,0.61,6.86,17.63
2026-01-07 10:58,0.61,6.7,17.72
2026-01-07 11:18,0.61,6.9,17.82
2026-01-07 11:38,0.61,6.29,17.9
2026-01-07 11:58,0.61,6.64,18.08
2026-01-07 12:18,0.61,6.71,18.3
2026-01-07 12:38,0.61,6.73,18.45
2026-01-07 12:58,0.61,6.72,18.69
2026-01-07 13:18,0.61,6.71,18.84
2026-01-07 13:38,0.61,6.75,19.75
2026-01-07 13:58,0.61,6.75,19.66
2026-01-07 14:18,0.61,6.68,19.7
2026-01-07 14:38,0.61,6.69,19.64
2026-01-07 14:58,0.61,6.72,19.72
2026-01-07 15:18,0.61,6.71,19.69
2026-01-07 15:38,0.61,6.67,19.66
2026-01-07 15:58,0.61,6.7,19.54
2026-01-07 16:18,0.61,6.73,19.41
2026-01-07 16:38,0.61,6.65,19.22
2026-01-07 16:58,0.61,6.85,19.06
2026-01-07 17:18,0.61,6.83,18.93
2026-01-07 17:38,0.61,6.76,18.92
2026-01-07 17:58,0.61,6.85,18.93
2026-01-07 18:18,0.61,6.95,20.64
2026-01-07 18:38,0.61,6.91,20.82
2026-01-07 18:58,0.61,6.92,20.23
2026-01-07 19:18,0.61,6.92,20.76
2026-01-07 19:38,0.61,6.93,20.93
2026-01-07 19:58,0.61,6.93,20.84
2026-01-07 20:18,0.61,6.86,21.11
2026-01-07 20:38,0.61,6.9,21.38
2026-01-07 20:58,0.61,6.92,21.21
2026-01-07 21:18,0.61,6.96,21.49
2026-01-07 21:38,0.61,6.89,21.78
2026-01-07 21:58,0.61,6.77,21.6
2026-01-07 22:18,0.61,6.87,21.84
2026-01-07 22:38,0.61,6.95,22.13
2026-01-07 22:58,0.61,6.97,21.89
2026-01-07 23:18,0.61,6.9,22.02
2026-01-07 23:38,0.61,6.92,22.17
2026-01-07 23:58,0.61,6.61,21.81
2026-01-08 00:18,0.61,6.89,21.89
2026-01-08 00:38,0.61,6.95,21.93
2026-01-08 00:58,0.61,6.98,21.49
2026-01-08 01:18,0.9,6.88,21.56
2026-01-08 01:38,0.81,6.92,21.56
2026-01-08 01:58,1.0,7.02,21.15
2026-01-08 02:18,1.27,6.98,21.19
2026-01-08 02:38,1.12,6.83,21.18
2026-01-08 02:58,0.7,6.47,20.8
2026-01-08 03:18,1.05,6.34,20.83
2026-01-08 03:38,0.78,6.28,20.88
2026-01-08 03:58,0.77,6.3,20.4
2026-01-08 04:18,1.62,6.5,20.42
2026-01-08 04:38,0.79,6.4,20.45
2026-01-08 04:58,1.67,6.75,20.05
2026-01-08 05:18,0.6,6.79,20.15
2026-01-08 05:38,0.6,6.32,20.12
2026-01-08 05:58,0.6,6.62,19.9
2026-01-08 06:18,0.6,7.05,19.92
2026-01-08 06:38,0.6,7.03,20.04
2026-01-08 06:58,0.6,6.81,19.85
2026-01-08 07:18,0.6,6.85,19.92
2026-01-08 07:38,0.6,6.73,20.04
2026-01-08 07:58,0.6,6.62,19.79
2026-01-08 08:18,0.6,6.65,19.92
2026-01-08 08:38,0.6,6.6,20.07
2026-01-08 08:58,0.6,6.71,19.91
2026-01-08 09:18,0.6,6.83,20.08
2026-01-08 09:38,0.6,6.95,20.47
2026-01-08 09:58,0.79,6.37,20.42
2026-01-08 10:18,0.72,6.51,21.0
2026-01-08 10:38,0.71,6.66,21.66
2026-01-08 10:58,0.72,6.16,21.61
2026-01-08 11:18,0.71,6.51,22.27
2026-01-08 11:38,0.71,6.77,22.87
2026-01-08 11:58,0.71,6.67,22.76
2026-01-08 12:18,0.71,6.78,23.28
2026-01-08 12:38,0.71,6.9,23.78
2026-01-08 12:58,0.71,6.32,23.54
2026-01-08 13:18,0.71,6.15,24.0
2026-01-08 13:38,0.71,6.1,24.4
2026-01-08 13:58,0.71,6.49,24.07
2026-01-08 14:06,0.71,6.51,24.52
2026-01-08 14:07,0.71,6.53,24.47
2026-01-08 14:16,0.71,6.51,24.27
2026-01-08 14:27,0.71,6.37,24.1
2026-01-08 14:47,0.71,6.25,23.94
2026-01-08 15:07,0.71,6.09,23.98
2026-01-08 15:27,0.71,6.67,22.98
2026-01-08 15:47,0.71,6.59,22.53
2026-01-08 16:07,0.71,6.64,22.75
2026-01-08 16:18,1.42,5.73,22.64
2026-01-08 16:20,1.42,6.05,22.7
2026-01-08 16:40,1.19,6.15,22.0
2026-01-08 16:50,1.19,6.01,21.8
2026-01-08 17:00,1.2,6.23,21.7
2026-01-08 17:00,1.2,6.18,21.7
2026-01-08 17:10,1.19,6.31,22.0
2026-01-08 17:20,1.19,5.98,21.9
2026-01-08 17:20,1.2,5.94,21.9
2026-01-08 17:40,1.19,6.46,22.0
2026-01-08 17:40,1.19,6.32,22.0
2026-01-08 18:00,1.19,6.18,21.7
2026-01-08 18:00,1.2,6.09,21.7
2026-01-08 18:20,1.19,6.27,21.9
2026-01-08 18:20,1.19,6.3,21.9
2026-01-08 18:40,1.19,6.47,22.2
2026-01-08 18:40,1.19,6.33,22.2
2026-01-08 19:00,1.19,6.58,21.8
2026-01-08 19:00,1.19,6.5,21.8
2026-01-08 19:20,1.19,6.01,22.0
2026-01-08 19:20,1.19,6.07,22.1
2026-01-08 19:40,1.19,5.71,22.1
2026-01-08 19:40,1.19,5.78,22.2
2026-01-08 20:00,1.19,5.81,21.9
2026-01-08 20:00,1.19,5.8,21.8
2026-01-08 20:20,1.19,6.29,22.0
2026-01-08 20:20,1.19,6.27,21.9
2026-01-08 20:40,1.19,6.38,22.0
2026-01-08 20:40,1.19,6.38,22.1
2026-01-08 21:00,1.19,6.4,21.7
2026-01-08 21:00,1.19,6.41,21.8
2026-01-08 21:20,1.19,6.52,21.9
2026-01-08 21:20,1.19,6.48,21.8
2026-01-08 21:40,1.19,6.53,22.0
2026-01-08 21:40,1.19,6.48,22.1
2026-01-08 22:00,1.19,6.43,21.7
2026-01-08 22:00,1.19,6.41,21.7
2026-01-08 22:20,1.19,6.48,21.9
2026-01-08 22:20,1.19,6.45,21.8
2026-01-08 22:40,1.19,6.49,22.1
2026-01-08 22:40,1.19,6.46,22.0
2026-01-08 23:00,1.19,6.43,21.7
2026-01-08 23:00,1.19,6.53,21.7
2026-01-08 23:20,1.19,6.47,21.7
2026-01-08 23:20,1.19,6.5,21.8
2026-01-08 23:40,1.19,6.45,21.8
2026-01-08 23:40,1.19,6.46,21.8
2026-01-09 00:00,1.19,6.54,21.4
2026-01-09 00:00,1.19,6.55,21.4
2026-01-09 00:20,1.19,6.49,21.5
2026-01-09 00:20,1.19,6.46,21.5
2026-01-09 00:40,1.19,6.5,21.5
2026-01-09 00:40,1.19,6.53,21.6
2026-01-09 01:00,1.19,6.44,21.3
2026-01-09 01:00,1.19,6.48,21.1
2026-01-09 01:20,1.19,6.51,21.3
2026-01-09 01:20,1.19,6.53,21.1
2026-01-09 01:40,1.19,6.53,21.3
2026-01-09 01:40,1.18,6.52,21.2
2026-01-09 02:00,1.19,6.32,20.7
2026-01-09 02:00,1.19,6.37,20.9
2026-01-09 02:20,1.19,6.3,20.9
2026-01-09 02:20,1.19,6.31,20.9
2026-01-09 02:40,1.19,6.46,20.9
2026-01-09 02:40,1.18,6.45,20.9
2026-01-09 03:00,1.19,6.46,20.4
2026-01-09 03:00,1.19,6.48,20.4
2026-01-09 03:20,1.19,6.47,20.4
2026-01-09 03:20,1.19,6.51,20.6
2026-01-09 03:40,1.18,6.48,20.6
2026-01-09 03:40,1.18,6.55,20.5
2026-01-09 04:00,1.18,6.5,20.3
2026-01-09 04:00,1.19,6.48,20.2
2026-01-09 04:20,1.18,6.47,20.1
2026-01-09 04:20,1.18,6.5,20.3
2026-01-09 04:40,1.18,6.53,20.3
2026-01-09 04:40,1.18,6.5,20.2
2026-01-09 05:00,1.19,6.49,20.0
2026-01-09 05:00,1.18,6.49,19.9
2026-01-09 05:20,1.18,6.51,20.0
2026-01-09 05:20,1.18,6.5,20.0
2026-01-09 05:40,1.18,6.49,20.1
2026-01-09 05:40,1.18,6.47,20.0
2026-01-09 06:00,1.19,6.42,19.8
2026-01-09 06:00,1.18,6.45,19.8
2026-01-09 06:20,1.18,6.43,19.9
2026-01-09 06:20,1.18,6.47,19.9
2026-01-09 06:40,1.18,6.44,20.0
2026-01-09 06:40,1.18,6.46,20.0
2026-01-09 07:00,1.19,6.37,19.8
2026-01-09 07:00,1.19,6.43,19.8
2026-01-09 07:20,1.18,6.39,19.9
2026-01-09 07:20,1.18,6.38,19.9
2026-01-09 07:40,1.18,6.24,20.0
2026-01-09 07:40,1.18,6.33,20.0
2026-01-09 08:00,1.19,6.19,19.8
2026-01-09 08:00,1.18,6.27,19.9
2026-01-09 08:20,1.19,6.29,19.9
2026-01-09 08:20,1.19,6.36,19.9
2026-01-09 08:40,1.18,6.35,20.1
2026-01-09 08:40,1.18,6.28,20.0
2026-01-09 09:00,2.69,2.57,20.0
2026-01-09 09:00,2.7,2.44,19.9
2026-01-09 09:20,1.37,3.54,19.9
2026-01-09 09:20,1.37,3.6,19.9
2026-01-09 09:40,0.8,5.79,19.5
2026-01-09 09:40,0.81,5.82,19.5
2026-01-09 09:50,0.86,5.53,19.07
2026-01-09 09:55,0.86,5.53,19.05
2026-01-09 10:00,0.86,5.69,19.0
2026-01-09 10:00,0.86,5.49,18.9
2026-01-09 10:00,0.87,5.27,19.04
2026-01-09 10:05,0.93,4.98,20.03
2026-01-09 10:10,0.93,5.3,20.05
2026-01-09 10:15,0.93,5.29,20.08
2026-01-09 10:20,0.93,5.58,20.1
2026-01-09 10:20,0.93,5.46,20.1
2026-01-09 10:20,0.93,5.24,20.09
2026-01-09 10:25,0.93,4.89,20.09
2026-01-09 10:30,0.93,4.76,20.07
2026-01-09 10:35,0.93,4.71,21.02
2026-01-09 10:40,0.93,4.97,21.2
2026-01-09 10:40,0.93,5.09,21.1
2026-01-09 10:40,0.93,4.74,21.1
2026-01-09 10:45,0.93,4.78,21.13
2026-01-09 10:50,0.93,4.79,21.02
2026-01-09 10:55,0.93,4.78,21.05
2026-01-09 11:00,0.93,5.07,21.0
2026-01-09 11:00,0.93,5.08,21.1
2026-01-09 11:00,0.93,4.76,21.05
2026-01-09 11:05,0.93,4.76,21.99
2026-01-09 11:10,0.93,4.8,22.03
2026-01-09 11:15,0.93,4.84,22.04
2026-01-09 11:20,0.93,5.17,22.0
2026-01-09 11:20,0.93,5.14,22.0
2026-01-09 11:20,0.93,4.86,21.95
2026-01-09 11:25,0.93,4.87,21.94
2026-01-09 11:30,0.9,4.91,21.73
2026-01-09 11:35,0.9,4.91,22.59
2026-01-09 11:40,0.86,5.38,21.9
2026-01-09 11:40,0.86,5.4,21.9
2026-01-09 11:40,0.86,5.11,21.89
2026-01-09 11:45,0.86,5.11,21.86
2026-01-09 11:50,0.86,5.12,21.78
2026-01-09 11:55,0.86,5.16,21.77
2026-01-09 12:00,0.85,5.46,21.7
2026-01-09 12:00,0.85,5.44,21.7
2026-01-09 12:00,0.86,5.15,21.76
2026-01-09 12:05,0.87,5.06,22.77
2026-01-09 12:10,0.87,5.35,22.86
2026-01-09 12:15,0.87,5.39,22.82
2026-01-09 12:20,0.87,5.86,22.8
2026-01-09 12:20,0.87,5.82,22.7
2026-01-09 12:20,0.87,5.54,22.73
2026-01-09 12:25,0.87,5.59,22.68
2026-01-09 12:30,0.87,5.57,22.65
2026-01-09 12:35,0.87,5.59,23.36
2026-01-09 12:40,0.87,5.95,23.2
2026-01-09 12:40,0.87,5.86,23.4
2026-01-09 12:40,0.87,5.6,23.36
2026-01-09 12:45,0.87,5.63,23.27
2026-01-09 12:50,0.87,5.65,23.19
2026-01-09 12:55,0.87,5.66,23.09
2026-01-09 13:00,0.87,5.88,23.0
2026-01-09 13:00,0.87,5.95,23.0
2026-01-09 13:00,0.87,5.63,23.05
2026-01-09 13:05,0.87,5.61,23.76
2026-01-09 13:10,0.87,5.63,23.75
2026-01-09 13:15,0.87,5.62,23.69
2026-01-09 13:20,0.87,5.92,23.5
2026-01-09 13:20,0.87,5.87,23.5
2026-01-09 13:20,0.87,5.63,23.52
2026-01-09 13:25,0.87,5.65,23.45
2026-01-09 13:30,0.87,5.67,23.44
2026-01-09 13:35,0.9,5.52,24.08
2026-01-09 13:40,0.94,5.88,24.0
2026-01-09 13:40,0.95,5.84,23.9
2026-01-09 13:40,0.95,5.6,23.92
2026-01-09 13:45,0.98,5.87,23.69
2026-01-09 13:50,1.01,5.99,23.5
2026-01-09 13:55,1.09,5.31,23.67
2026-01-09 14:00,1.07,6.1,23.4
2026-01-09 14:00,1.07,6.08,23.4
2026-01-09 14:00,1.07,5.79,23.4
2026-01-09 14:05,1.11,5.27,23.78
2026-01-09 14:10,1.11,5.34,23.7
2026-01-09 14:15,1.11,5.42,23.66
2026-01-09 14:20,1.11,5.76,23.6
2026-01-09 14:20,1.11,5.73,23.6
2026-01-09 14:20,1.11,5.44,23.6
2026-01-09 14:25,1.11,5.47,23.5
2026-01-09 14:30,1.11,5.47,23.42
2026-01-09 14:35,1.1,5.49,23.97
2026-01-09 14:40,1.1,5.85,23.8
2026-01-09 14:40,1.1,5.82,23.9
2026-01-09 14:40,1.1,5.54,23.86
2026-01-09 14:45,1.1,5.59,23.79
2026-01-09 14:50,1.1,5.62,23.7
2026-01-09 14:55,1.1,5.64,23.51
2026-01-09 15:00,1.1,5.92,23.5
2026-01-09 15:00,1.1,5.88,23.5
2026-01-09 15:00,1.1,5.59,23.52
2026-01-09 15:05,1.1,5.6,24.08
2026-01-09 15:10,1.1,5.6,24.0
2026-01-09 15:15,1.1,5.63,23.9
2026-01-09 15:20,1.1,5.91,23.9
2026-01-09 15:20,1.1,5.91,23.8
2026-01-09 15:20,1.1,5.62,23.85
2026-01-09 15:25,1.1,5.58,23.74
2026-01-09 15:30,1.1,5.57,23.71
2026-01-09 15:35,1.1,5.59,24.3
2026-01-09 15:40,1.1,5.88,24.2
2026-01-09 15:40,1.1,5.92,24.2
2026-01-09 15:40,1.1,5.59,24.2
2026-01-09 15:45,1.1,5.62,24.16
2026-01-09 15:50,1.1,5.64,24.1
2026-01-09 15:55,1.1,5.64,23.99
2026-01-09 16:00,1.1,5.94,23.9
2026-01-09 16:00,1.1,5.9,23.9
2026-01-09 16:00,1.1,5.61,23.95
2026-01-09 16:05,1.1,5.61,24.51
2026-01-09 16:10,1.1,5.65,24.43
2026-01-09 16:15,1.1,5.66,24.4
2026-01-09 16:20,1.11,6,24.3
2026-01-09 16:20,1.1,5.95,24.3
2026-01-09 16:20,1.1,5.67,24.29
2026-01-09 16:25,1.1,5.66,24.2
2026-01-09 16:30,1.11,5.68,24.13
2026-01-09 16:40,1.1,6.02,24.6
2026-01-09 17:52,1.11,6.03,24.7
2026-01-09 17:54,1.11,6.03,24.7
2026-01-09 18:00,1.11,6.02,24.6
2026-01-11 00:40,1.1,5.96,20.5
2026-01-11 01:20,1.13,5.81,20.5
2026-01-11 01:40,1.13,5.81,20.5
2026-01-11 02:00,1.13,5.81,20.5
2026-01-11 02:20,1.09,5.91,19.9
2026-01-11 02:40,1.09,5.91,19.9
2026-01-11 03:00,1.09,5.91,19.9
2026-01-11 03:00,,,
2026-01-11 03:00,,,
2026-01-11 03:20,1.09,5.91,19.9
2026-01-11 03:20,0.586,5.93,19.6
2026-01-11 03:20,1.092,5.92,19.7
2026-01-11 03:40,1.09,5.91,19.9
2026-01-11 03:40,0.586,5.9,19.8
2026-01-11 03:40,1.091,5.85,19.8
2026-01-11 04:00,1.09,5.82,109.3
2026-01-11 04:00,0.589,5.87,19.5
2026-01-11 04:20,0.193,5.89,59.1
2026-01-11 04:40,1.09,5.89,58.7
2026-01-11 04:40,0.193,5.84,19.5
2026-01-11 05:00,1.09,5.89,58.7
2026-01-11 05:00,1.096,5.82,19.2
2026-01-11 05:20,1.09,5.89,58.7
2026-01-11 05:20,0.583,5.83,18.9
2026-01-11 05:40,1.09,5.89,58.7
2026-01-11 05:40,0.583,5.85,109.6
2026-01-11 06:00,1.09,5.89,58.7
2026-01-11 06:00,0.583,5.87,109.5
2026-01-11 06:00,1.096,5.86,18.6
2026-01-11 06:20,1.096,5.81,18.5
2026-01-11 06:40,1.096,5.82,18.2
2026-01-11 07:00,1.098,5.83,18.1
2026-01-11 07:20,1.096,5.87,17.8
2026-01-11 07:40,1.095,5.84,17.6
2026-01-11 08:00,1.095,5.87,17.6
2026-01-11 08:20,1.097,5.86,17.2
2026-01-11 08:40,1.097,5.88,17.2
2026-01-11 09:00,1.097,5.86,17.0
2026-01-11 09:20,1.098,5.82,17.2
2026-01-11 09:40,1.097,5.86,17.1
2026-01-11 10:00,1.098,5.87,17.0
2026-01-11 10:20,1.099,5.89,17.0
2026-01-11 10:40,1.099,5.88,16.9
2026-01-11 11:00,1.099,5.84,16.9
2026-01-11 11:20,1.094,5.79,17.2
2026-01-11 11:40,1.091,5.74,17.7
2026-01-11 12:00,1.093,5.78,17.7
2026-01-11 12:20,1.091,5.76,18.2
2026-01-11 12:40,1.092,5.74,18.7
2026-01-11 13:00,1.096,5.7,18.6
2026-01-11 13:20,1.093,5.69,18.9
2026-01-11 13:40,1.093,5.67,19.4
2026-01-11 14:00,1.1,5.69,19.3
2026-01-11 14:20,1.093,5.66,19.6
2026-01-11 14:40,1.091,5.61,19.9
2026-01-11 15:00,1.097,5.59,19.7
2026-01-11 15:20,1.093,5.58,19.8
2026-01-11 15:40,1.096,5.55,20.2
2026-01-11 16:00,1.096,5.55,19.8
2026-01-11 16:20,1.096,5.57,20.0
2026-01-11 16:40,1.097,5.51,20.3
2026-01-11 17:00,1.097,5.53,19.9
2026-01-11 17:20,1.099,5.47,20.1
2026-01-11 19:40,1.098,5.34,20.1
2026-01-12 01:00,1.056,5.27,17.2
2026-01-12 01:20,1.1,5.35,17.3
2026-01-12 01:40,1.101,5.29,17.1
2026-01-12 02:00,1.103,5.31,16.7
2026-01-12 02:20,1.104,5.27,16.7
2026-01-12 02:40,1.107,5.29,16.5
2026-01-12 03:00,1.107,5.31,16.2
2026-01-12 03:20,1.104,5.31,16.0
2026-01-12 03:40,1.107,5.29,16.0
2026-01-12 04:00,1.108,5.29,15.9
2026-01-12 04:20,1.108,5.28,15.7
2026-01-12 04:40,1.107,5.29,15.5
2026-01-12 05:00,1.108,5.29,15.4
2026-01-12 05:20,1.11,5.28,15.3
2026-01-12 05:40,1.11,5.28,15.2
2026-01-12 06:00,1.109,5.3,15.1
2026-01-12 06:20,1.111,5.29,14.9
2026-01-12 06:40,1.113,5.29,14.7
2026-01-12 07:00,1.11,5.29,14.6
2026-01-12 07:20,1.113,5.08,14.6
2026-01-12 07:40,1.109,5.26,14.6
2026-01-12 08:00,1.11,5.21,14.5
2026-01-12 08:20,1.112,5.04,14.4
2026-01-12 08:40,1.1,5.01,15.9
2026-01-12 09:00,1.098,5.33,15.9
2026-01-12 09:00,1.102,5.02,15.9
2026-01-12 10:20,1.092,5.62,20.6
2026-01-12 10:40,1.093,5.28,21.3
2026-01-12 11:00,1.096,4.98,21.1
2026-01-12 11:20,1.082,4.96,21.6
2026-01-12 11:40,1.08,5.35,22.4
2026-01-12 12:00,1.087,5.55,22.2
2026-01-12 12:20,1.072,5.71,22.6
2026-01-12 12:40,1.075,5.67,23.1
2026-01-12 13:00,1.08,5.67,22.9
2026-01-12 13:20,1.074,5.66,23.0
2026-01-12 13:40,1.073,5.69,23.4
2026-01-12 14:00,1.081,5.73,23.1
2026-01-12 14:20,1.075,5.63,23.2
2026-01-12 14:40,1.073,5.55,23.5
2026-01-12 15:00,1.081,5.55,23.3
2026-01-12 15:20,1.072,5.53,23.2
2026-01-12 15:40,1.075,5.55,23.5
2026-01-12 16:00,1.081,5.49,23.4
2026-01-12 16:20,1.073,5.57,23.4
2026-01-12 16:40,1.075,5.46,23.7
2026-01-12 17:00,1.083,5.49,23.4
2026-01-12 17:20,1.076,5.5,23.5
2026-01-12 17:40,1.08,5.38,23.9
2026-01-12 18:00,1.07,5.45,23.4
2026-01-12 18:20,1.07,5.4,23.7
2026-01-12 18:40,1.08,4.9,24.4
2026-01-12 19:00,1.08,4.89,23.9
2026-01-12 19:20,1.07,4.83,24.5
2026-01-12 19:40,1.08,5.26,24.8
2026-01-12 20:00,1.09,5.27,24.6
2026-01-12 20:20,1.08,5.35,24.8
2026-01-12 20:40,1.08,5.23,25.4
2026-01-12 21:00,1.08,5.16,24.9
2026-01-12 21:20,1.08,4.8,25.5
2026-01-12 21:40,1.08,4.75,26.0
2026-01-12 22:00,1.08,4.75,25.7
2026-01-12 22:20,1.08,4.76,26.0
2026-01-12 22:40,1.08,4.78,26.7
2026-01-12 23:00,1.08,4.78,26.2
2026-01-12 23:20,1.08,5.37,26.6
2026-01-12 23:40,1.08,5.25,25.9
2026-01-13 00:00,1.08,5.06,25.7
2026-01-13 00:20,1.08,5.64,25.3
2026-01-13 00:40,1.08,4.9,24.9
2026-01-13 01:00,1.08,4.76,24.7
2026-01-13 01:20,1.08,5.21,24.3
2026-01-13 01:40,1.08,5.29,23.9
2026-01-13 02:00,1.08,5.35,23.6
2026-01-13 02:20,1.08,5.39,23.4
2026-01-13 02:40,1.08,5.48,23.1
2026-01-13 03:00,1.08,5.29,23.0
2026-01-13 03:20,1.08,5.34,22.6
2026-01-13 03:40,1.08,5.34,22.4
2026-01-13 04:00,1.08,5.09,22.1
2026-01-13 04:20,1.08,5.06,22.0
2026-01-13 04:40,1.08,5.22,21.7
2026-01-13 05:00,1.08,5.3,21.6
2026-01-13 05:20,1.08,5.28,21.3
2026-01-13 05:40,1.08,5.26,21.2
2026-01-13 06:00,1.08,5.27,20.8
2026-01-13 06:20,1.08,5.27,20.6
2026-01-13 06:40,1.08,5.27,20.6
2026-01-13 07:00,1.08,5.14,20.4
2026-01-13 07:20,1.08,5.04,20.2
2026-01-13 07:40,1.08,5.08,19.9
2026-01-13 08:00,1.08,5.18,19.7
2026-01-13 08:20,1.08,5.25,19.6
2026-01-13 08:40,1.08,5.2,19.4
2026-01-13 09:00,1.02,5.51,19.3
2026-01-13 09:20,1.02,5.64,19.4
2026-01-13 09:40,1.02,5.57,19.7
2026-01-13 10:00,1.02,5.06,19.6
2026-01-13 10:20,1.01,5.12,20.6
2026-01-13 10:40,1.02,5.06,21.7
2026-01-13 11:00,1.02,5.18,21.6
2026-01-13 11:20,1.01,5.34,22.2
2026-01-13 11:40,1.01,5.16,23.1
2026-01-13 12:00,1.02,5.57,22.9
2026-01-13 12:20,1.01,5.63,23.4
2026-01-13 12:40,1.01,5.58,23.8
2026-01-13 13:00,1.02,5.56,23.4
2026-01-13 13:20,1.01,5.58,23.7
2026-01-13 13:40,1.01,5.59,24.1
2026-01-13 14:00,1.02,5.56,23.9
2026-01-13 14:20,0.99,5.77,23.3
2026-01-13 14:40,0.99,5.64,24.0
2026-01-13 15:00,1.0,5.66,23.7
2026-01-13 15:20,0.99,5.59,24.0
2026-01-13 15:40,1.0,5.54,24.2
2026-01-13 16:00,1.0,5.55,24.1
2026-01-13 16:20,1.0,5.5,24.0
2026-01-13 16:40,1.0,5.6,23.4
2026-01-13 17:00,1.0,5.08,23.2
2026-01-13 17:20,1.0,5.11,23.3
2026-01-13 17:40,1.0,5.02,23.4
2026-01-13 18:00,1.0,4.98,23.1
2026-01-13 18:20,1.0,5.32,23.2
2026-01-13 18:40,1.0,5.43,23.6
2026-01-13 19:00,1.0,5.45,23.3
2026-01-13 19:20,1.0,5.46,24.0
2026-01-13 19:40,1.01,5.51,24.1
2026-01-13 20:00,1.0,5.68,23.8
2026-01-13 20:20,1.0,5.73,23.4
2026-01-13 20:40,1.0,5.6,23.4
2026-01-13 21:00,1.0,5.02,23.0
2026-01-13 21:20,1.0,4.96,23.8
2026-01-13 21:40,1.0,5.07,24.3
2026-01-13 22:00,1.0,5.36,24.1
2026-01-13 22:20,1.0,5.44,24.6
2026-01-13 22:40,1.0,5.38,25.3
2026-01-13 23:00,1.0,5.41,24.9
2026-01-13 23:20,1.0,4.95,25.2
2026-01-13 23:40,1.0,4.8,25.3
2026-01-14 00:00,0.99,5.02,24.4
2026-01-14 00:20,1.0,5.45,24.2
2026-01-14 00:40,1.0,5.42,23.5
2026-01-14 01:00,1.0,5.46,23.1
2026-01-14 01:20,0.96,5.43,22.5
2026-01-14 01:40,0.97,5.42,22.4
2026-01-14 02:00,1.04,5.21,21.8
2026-01-14 02:20,0.86,5.39,21.6
2026-01-14 02:40,1.12,5.43,21.3
2026-01-14 03:20,1.4,5.46,20.6
2026-01-14 03:40,0.94,5.48,20.5
2026-01-14 04:00,4.43,5.44,20.2
2026-01-14 04:20,0.92,5.31,19.8
2026-01-14 04:40,1.29,5.35,19.7
2026-01-14 05:00,1.06,5.36,19.4
2026-01-14 05:20,0.98,5.49,19.5
2026-01-14 05:40,0.97,5.56,20.1
2026-01-14 09:20,0.97,5.6,21.3
2026-01-14 09:40,0.97,5.64,22.7
2026-01-14 10:00,0.97,5.6,22.6
2026-01-14 10:20,0.97,5.61,23.5
2026-01-14 10:40,0.97,5.59,24.6
2026-01-14 11:00,0.97,5.51,24.3
2026-01-14 11:20,0.96,5.57,24.9
2026-01-14 11:40,0.97,5.56,24.6
2026-01-14 12:00,0.97,5.49,24.0
2026-01-14 12:20,0.96,5.72,23.9
2026-01-14 12:40,0.96,5.81,24.1
2026-01-14 13:00,0.96,5.77,23.5
2026-01-14 13:20,0.96,5.82,23.7
2026-01-14 13:40,0.96,5.82,23.7
2026-01-14 14:00,0.96,5.85,23.2
2026-01-14 14:20,0.96,5.75,23.4
2026-01-14 14:40,0.96,5.8,23.1
2026-01-14 15:00,1.2,5.93,14.8
2026-01-14 15:20,1.15,6.15,17.8
2026-01-14 15:40,1.15,5.99,18.9
2026-01-14 16:00,1.16,5.96,18.9
2026-01-14 16:20,1.15,5.94,19.8
2026-01-14 16:35,1.2,5.65,20.67
2026-01-14 16:40,1.19,6,20.7
2026-01-14 17:00,1.19,6.07,20.6
2026-01-14 17:20,1.2,6.07,20.7
2026-01-14 17:40,1.19,5.99,21.6
2026-01-14 18:00,1.2,6.06,21.6
2026-01-14 18:20,1.19,6.04,22.4
2026-01-14 18:40,1.19,6.09,23.0
2026-01-14 19:00,1.19,6.01,23.1
2026-01-14 19:20,1.19,6.03,23.7
2026-01-14 19:40,1.19,6.04,24.5
2026-01-14 20:00,1.19,5.57,24.3
2026-01-14 20:20,1.19,5.99,24.1
2026-01-14 20:40,1.19,5.67,23.9
2026-01-14 21:00,1.19,5.52,23.9
2026-01-14 21:20,1.2,5.69,23.5
2026-01-14 21:40,1.19,5.71,23.5
2026-01-14 22:00,1.19,5.67,23.4
2026-01-14 22:20,1.19,5.59,23.2
2026-01-14 22:40,1.19,5.62,23.0
2026-01-14 23:00,1.19,5.67,22.9
2026-01-14 23:20,1.19,6.02,22.7
2026-01-14 23:40,1.19,6.1,22.5
2026-01-15 00:00,1.19,6.1,22.5
2026-01-15 00:20,1.19,6.13,22.5
2026-01-15 00:40,1.19,6.15,22.4
2026-01-15 01:00,1.19,6.17,22.0
2026-01-15 01:20,1.19,6.11,21.9
2026-01-15 01:40,1.19,6.12,21.8
2026-01-15 02:00,1.19,6.12,21.8
2026-01-15 02:20,1.19,6.08,21.6
2026-01-15 02:40,1.19,6.05,21.5
2026-01-15 03:00,1.19,6.14,21.4
2026-01-15 03:20,1.19,6.13,21.1
2026-01-15 03:40,1.19,6.19,21.2
2026-01-15 04:00,1.19,6.15,21.1
2026-01-15 04:20,1.19,6.12,20.8
2026-01-15 04:40,1.19,6.18,20.8
2026-01-15 05:00,1.19,6.1,20.8
2026-01-15 05:20,1.19,6.07,20.6
2026-01-15 05:40,1.19,6.13,20.6
2026-01-15 06:00,1.19,6.05,20.5
2026-01-15 06:20,1.19,5.93,20.4
2026-01-15 06:40,1.19,5.94,20.2
2026-01-15 07:00,1.19,6.21,20.1
2026-01-15 07:20,1.19,5.99,20.2
2026-01-15 07:40,1.19,5.93,19.9
2026-01-15 08:00,1.19,5.92,20.0
2026-01-15 08:20,1.19,6.07,20.0
2026-01-15 08:40,1.19,5.98,19.8
2026-01-15 09:00,1.19,6.18,19.8
2026-01-15 09:20,1.18,6.2,20.0
2026-01-15 09:40,1.21,6.16,20.7
2026-01-15 10:00,1.22,6.08,20.7
2026-01-15 10:20,1.21,6.16,21.4
2026-01-15 10:40,1.21,6.13,22.4
2026-01-15 11:00,1.22,6.13,22.1
2026-01-15 11:20,1.21,6.18,22.9
2026-01-15 11:40,1.21,6.08,23.7
2026-01-15 12:00,1.22,6.11,23.5
2026-01-15 12:20,1.22,6.1,24.0
2026-01-15 12:40,1.21,6.2,24.3
2026-01-15 13:00,1.22,6.21,24.0
2026-01-15 13:20,1.22,6.12,23.9
2026-01-15 13:40,1.22,6.15,24.2
2026-01-15 14:00,1.22,6.09,23.8
2026-01-15 14:20,1.22,6.01,23.8
2026-01-15 14:40,1.22,5.95,24.1
2026-01-15 15:00,1.22,5.91,23.8
2026-01-15 15:20,1.22,5.94,24.1
2026-01-15 15:40,1.22,5.92,24.6
2026-01-15 16:00,1.22,5.24,24.1
2026-01-15 16:20,1.23,5.51,23.7
2026-01-15 16:40,1.22,5.77,24.2
2026-01-15 17:00,1.22,5.84,23.6
2026-01-15 17:20,1.22,5.82,23.8
2026-01-15 17:40,1.23,5.85,24.1
2026-01-15 18:00,1.23,5.89,23.5
2026-01-15 18:20,1.23,5.82,23.9
2026-01-15 18:40,1.23,5.79,24.4
2026-01-15 19:00,1.23,5.66,24.1
2026-01-15 19:20,1.23,5.67,25.1
2026-01-15 19:40,1.23,5.65,25.8
2026-01-15 20:00,1.24,5.66,25.4
2026-01-15 20:20,1.24,5.56,26.2
2026-01-15 20:40,1.24,5.58,27.1
2026-01-15 21:00,1.23,5.58,26.7
2026-01-15 21:20,1.23,5.57,27.5
2026-01-15 21:40,1.24,5.54,28.1
2026-01-15 22:00,1.24,5.59,27.6
2026-01-15 22:20,1.24,5.51,28.3
2026-01-15 22:40,1.24,5.36,28.7
2026-01-15 23:00,1.24,5.43,28.3
2026-01-15 23:20,1.24,5.65,28.7
2026-01-15 23:40,1.24,4.77,28.8
2026-01-16 00:00,1.24,4.94,28.2
2026-01-16 00:20,1.24,5.51,28.0
2026-01-16 00:40,1.24,5.49,27.7
2026-01-16 01:00,1.23,5.53,27.2
2026-01-16 01:20,1.24,5.57,26.9
2026-01-16 01:40,1.24,5.39,26.5
2026-01-16 02:00,1.24,5.44,26.2
2026-01-16 02:20,1.24,4.97,25.9
2026-01-16 02:40,1.24,4.61,25.8
2026-01-16 03:00,1.24,4.68,25.4
2026-01-16 03:20,1.24,4.66,25.3
2026-01-16 03:40,1.24,4.53,25.2
2026-01-16 04:00,1.24,4.68,24.8
2026-01-16 04:20,1.23,4.69,24.8
2026-01-16 04:40,1.24,4.85,24.5
2026-01-16 05:00,1.24,5.19,24.2
2026-01-16 05:20,1.23,4.6,24.3
2026-01-16 05:40,1.24,4.42,24.8
2026-01-16 06:00,1.24,4.55,24.6
2026-01-16 06:20,1.24,4.51,25.3
2026-01-16 06:40,1.24,4.46,26.0
2026-01-16 07:00,1.24,4.78,25.8
2026-01-16 07:20,1.24,4.52,26.7
2026-01-16 07:40,1.24,4.47,27.3
2026-01-16 08:00,1.24,4.83,27.1
2026-01-16 08:20,1.24,4.82,27.8
2026-01-16 08:40,1.24,4.72,28.4
2026-01-16 09:00,1.11,5.97,27.6
2026-01-16 09:20,1.13,5.92,26.7
2026-01-16 09:40,1.13,4.79,25.9
2026-01-16 10:00,1.07,5.4,24.6
2026-01-16 10:20,1.07,5.74,24.1
2026-01-16 10:40,1.07,5.62,23.4
2026-01-16 11:00,1.07,5.69,22.9
2026-01-16 11:20,1.07,5.67,22.3
2026-01-16 11:40,1.07,5.52,22.0
2026-01-16 12:00,1.07,5.55,21.6
2026-01-16 12:20,1.07,5.49,21.4
2026-01-16 12:40,1.07,5.23,21.0
2026-01-16 13:00,1.07,5.43,20.8
2026-01-16 13:20,1.07,5.21,20.7
2026-01-16 13:40,1.07,5.31,20.8
2026-01-16 14:00,1.07,5.42,20.7
2026-01-16 14:20,1.07,5.33,20.6
2026-01-16 14:40,1.07,5.15,20.9
2026-01-16 15:00,1.08,5.23,20.8
2026-01-16 15:20,1.08,5.31,20.9
2026-01-16 15:40,1.07,5.16,21.1
2026-01-16 16:00,1.02,5.62,20.2
2026-01-16 16:20,1.03,5.59,20.8
2026-01-16 16:40,1.03,5.49,21.1
2026-01-16 17:00,1.03,5.54,21.1
2026-01-16 17:20,1.02,5.47,21.2
2026-01-16 17:40,1.02,5.44,21.4
2026-01-16 18:00,1.03,5.4,21.1
2026-01-16 18:20,1.02,5.41,21.1
2026-01-16 18:40,1.02,5.28,21.6
2026-01-16 19:00,1.03,5.31,21.5
2026-01-16 19:20,1.02,5.29,21.8
2026-01-16 19:40,1.02,5.31,22.5
2026-01-16 20:00,1.03,5.27,22.4
2026-01-16 20:20,1.03,5.22,22.7
2026-01-16 20:40,1.02,5.18,23.4
2026-01-16 21:00,1.03,5.12,23.2
2026-01-16 21:20,1.03,5.2,23.4
2026-01-16 21:40,1.02,5.11,23.9
2026-01-16 22:00,1.03,5.13,23.8
2026-01-16 22:20,1.03,5.18,23.8
2026-01-16 22:40,1.02,5.25,23.5
2026-01-16 23:00,1.02,5.28,23.2
2026-01-16 23:20,1.02,4.93,23.0
2026-01-16 23:40,1.02,5.13,22.5
2026-01-17 00:00,1.02,4.84,22.4
2026-01-17 00:20,1.02,4.69,22.2
2026-01-17 00:40,1.02,4.71,22.1
2026-01-17 01:00,0.98,4.74,21.7
2026-01-17 01:20,1.11,5.1,21.6
2026-01-17 02:20,1.01,5.31,21.1
2026-01-17 02:40,1.06,5.16,20.9
2026-01-17 03:20,1.22,5.15,20.5
2026-01-17 03:40,1.14,5.18,21.3
2026-01-17 04:00,1.11,5.12,21.0
2026-01-17 04:20,1.04,5.24,20.9
2026-01-17 04:40,1.05,5.12,21.1
2026-01-17 05:00,1.02,5.11,20.8
2026-01-17 05:20,1.01,5.17,20.6
2026-01-17 05:40,1.02,5.14,21.0
2026-01-17 06:00,1.02,5.1,20.8
2026-01-17 06:20,1.02,5.1,20.6
2026-01-17 06:40,1.01,4.91,21.0
2026-01-17 07:00,1.02,4.89,20.7
2026-01-17 07:20,1.01,4.92,20.6
2026-01-17 07:40,1.01,5.03,20.6
2026-01-17 08:00,1.02,4.86,20.5
2026-01-17 08:20,1.01,5.03,20.4
2026-01-17 08:40,1.01,5,20.6
2026-01-17 09:00,1.02,5.02,20.4
2026-01-17 09:20,1.01,5.1,20.0
2026-01-17 09:40,1.01,5.07,19.7
2026-01-17 10:00,1.01,5.11,19.7
2026-01-17 10:20,1.01,5.14,19.5
2026-01-17 10:40,1.01,5.22,19.4
2026-01-17 11:00,1.02,5.1,19.5
2026-01-17 11:20,1.01,5.22,19.2
2026-01-17 11:40,1.02,5.19,19.2
2026-01-17 12:00,1.01,5.2,19.2
2026-01-17 12:20,1.01,5.22,19.1
2026-01-17 12:40,1.01,5.21,19.2
2026-01-17 13:00,1.02,5.19,19.2
2026-01-17 13:20,1.01,5.28,20.7
2026-01-17 13:40,1.01,5.11,21.7
2026-01-17 14:00,1.02,5.2,21.6
2026-01-17 14:20,1.01,5.26,22.1
2026-01-17 14:40,1.01,5.2,22.8
2026-01-17 15:00,1.02,5.22,22.7
2026-01-17 15:20,1.01,5.34,23.0
2026-01-17 15:40,1.01,5.13,23.5
2026-01-17 16:00,1.01,5.15,23.0
2026-01-17 16:20,1.01,5.1,23.4
2026-01-17 16:40,1.01,5.01,23.9
2026-01-17 17:00,1.01,5.03,23.3
2026-01-17 17:20,1.01,5.31,23.8
2026-01-17 17:40,1.01,5.01,24.1
2026-01-17 18:00,1.01,5.03,23.5
2026-01-17 18:20,1.01,5.18,23.9
2026-01-17 18:40,1.01,4.95,24.3
2026-01-17 19:00,1.01,5.01,23.6
2026-01-17 19:20,1.01,5.04,23.9
2026-01-17 19:40,1.01,5.21,24.2
2026-01-17 20:00,1.01,5.02,23.5
2026-01-17 20:20,1.01,5.23,23.8
2026-01-17 20:40,1.0,5.08,24.2
2026-01-17 21:00,1.0,5.22,23.5
2026-01-17 21:20,1.0,5.21,23.8
2026-01-17 21:40,1.0,5.11,24.1
2026-01-17 22:00,1.0,5.18,23.4
2026-01-17 22:20,1.0,5.14,23.4
2026-01-17 22:40,1.0,5.13,23.9
2026-01-17 23:00,1.0,5.15,23.2
2026-01-17 23:20,1.0,4.83,23.4
2026-01-17 23:40,0.99,5.36,23.3
2026-01-18 00:00,1.0,5.33,22.7
2026-01-18 00:20,0.99,5.41,22.2
2026-01-18 00:40,0.99,5.44,22.1
2026-01-18 01:00,1.1,5.44,21.7
2026-01-18 01:20,1.05,5.57,21.3
2026-01-18 01:40,0.96,5.48,21.2
2026-01-18 02:00,1.11,5.48,20.9
2026-01-18 02:20,1.18,5.63,20.4
2026-01-18 02:40,0.99,5.5,20.6
2026-01-18 03:00,1.03,5.52,20.3
2026-01-18 03:20,1.19,5.62,20.0
2026-01-18 04:00,1.01,5.6,19.8
2026-01-18 04:20,0.98,5.61,19.4
2026-01-18 04:40,0.98,5.63,19.6
2026-01-18 05:00,0.98,5.65,19.3
2026-01-18 05:20,0.97,5.67,18.9
2026-01-18 05:40,0.97,5.69,19.5
2026-01-18 06:00,0.97,5.69,19.3
2026-01-18 06:20,0.97,5.75,19.7
2026-01-18 06:40,0.97,5.74,20.3
2026-01-18 07:00,0.97,5.73,20.3
2026-01-18 07:20,0.96,5.79,20.4
2026-01-18 07:40,0.96,5.86,21.1
2026-01-18 08:00,0.97,5.87,21.0
2026-01-18 08:20,0.96,5.66,21.1
2026-01-18 08:40,0.96,5.6,21.6
2026-01-18 09:00,0.96,5.65,21.4
2026-01-18 09:20,0.96,5.85,21.4
2026-01-18 09:40,0.96,5.83,21.9
2026-01-18 10:00,0.96,5.86,21.7
2026-01-18 10:20,0.95,5.94,21.7
2026-01-18 10:40,0.95,5.92,22.0
2026-01-18 11:00,0.96,5.89,21.9
2026-01-18 11:20,0.96,6.04,21.8
2026-01-18 11:40,0.95,5.96,22.3
2026-01-18 12:00,0.96,5.94,22.1
2026-01-18 12:20,0.95,6.01,22.0
2026-01-18 12:40,0.95,5.99,22.4
2026-01-18 13:00,0.95,6,22.1
2026-01-18 13:20,0.95,6.11,22.2
2026-01-18 13:40,0.95,5.98,22.7
2026-01-18 14:00,0.95,6.02,22.4
2026-01-18 14:20,0.94,5.91,22.4
2026-01-18 14:40,0.94,5.95,22.9
2026-01-18 15:00,0.95,5.93,22.6
2026-01-18 15:20,0.94,6.03,22.6
2026-01-18 15:40,0.94,5.9,23.0
2026-01-18 16:00,0.95,5.87,22.8
2026-01-18 16:20,0.94,6.15,22.9
2026-01-18 16:40,0.94,6.15,23.2
2026-01-18 17:00,0.94,6.13,22.9
2026-01-18 17:20,0.94,6.17,22.9
2026-01-18 17:40,0.94,6.19,23.2
2026-01-18 18:00,0.94,6.18,23.1
2026-01-18 18:20,0.93,6.21,22.9
2026-01-18 18:40,0.93,6.17,23.2
2026-01-18 19:00,0.94,6.19,23.0
2026-01-18 19:20,0.93,6.26,23.0
2026-01-18 19:40,0.93,5.66,22.5
2026-01-18 20:00,0.94,5.65,22.1
2026-01-18 20:20,0.93,6.14,21.8
2026-01-18 20:40,0.93,6.21,21.6
2026-01-18 21:00,0.93,6.16,21.3
2026-01-18 21:20,0.93,6.2,21.1
2026-01-18 21:40,0.93,6.19,20.8
2026-01-18 22:00,0.93,6.25,20.6
2026-01-18 22:20,0.93,6.34,20.5
2026-01-18 22:40,0.93,6.26,20.2
2026-01-18 23:00,0.93,6.27,20.0
2026-01-18 23:20,0.93,6.27,19.8
2026-01-18 23:40,0.93,6.26,19.7
2026-01-19 00:00,0.93,6.23,19.3
2026-01-19 00:20,0.93,6.18,19.2
2026-01-19 00:40,0.93,6.23,20.1
2026-01-19 01:00,0.93,6.24,19.6
2026-01-19 01:20,0.93,6.31,20.0
2026-01-19 01:40,0.93,6.37,20.5
2026-01-19 02:00,0.93,6.4,19.9
2026-01-19 02:20,0.93,6.41,20.2
2026-01-19 02:40,0.92,6.4,20.5
2026-01-19 03:00,0.92,6.36,19.9
2026-01-19 03:20,0.92,6.35,20.0
2026-01-19 03:40,0.92,6.4,20.4
2026-01-19 04:00,0.92,6.38,19.9
2026-01-19 04:20,0.92,6.42,20.1
2026-01-19 04:40,0.92,6.48,20.3
2026-01-19 05:00,0.92,6.39,19.8
2026-01-19 05:20,0.92,6.46,20.0
2026-01-19 05:40,0.92,6.46,20.5
2026-01-19 06:00,0.92,6.49,20.0
2026-01-19 06:20,0.92,6.47,20.5
2026-01-19 06:40,0.92,6.38,21.1
2026-01-19 07:00,0.92,6.38,20.6
2026-01-19 07:20,0.91,6.53,21.1
2026-01-19 07:40,0.92,6.52,21.7
2026-01-19 08:00,0.92,6.31,21.1
2026-01-19 08:20,0.92,6.25,21.5
2026-01-19 08:40,0.92,6.26,22.1
2026-01-19 09:00,0.92,6.24,21.9
2026-01-19 09:20,0.92,6.43,21.8
2026-01-19 09:40,0.92,6.51,22.3
2026-01-19 10:00,0.92,6.55,22.1
2026-01-19 10:20,0.91,6.44,22.2
2026-01-19 10:40,0.92,6.5,21.6
2026-01-19 11:00,0.92,6.47,21.2
2026-01-19 11:20,0.96,6.37,21.4
2026-01-19 11:40,1.86,5.49,21.6
2026-01-19 12:00,1.75,5.47,21.2
2026-01-19 12:20,0.99,6.23,21.6
2026-01-19 12:40,0.99,6.36,22.1
2026-01-19 13:00,0.98,6.29,21.6
2026-01-19 13:20,0.98,6.58,22.0
2026-01-19 13:40,0.99,6.26,22.6
2026-01-19 14:00,0.98,6.28,22.0
2026-01-19 14:20,0.98,6.4,22.4
2026-01-19 14:40,0.99,6.5,22.8
2026-01-19 15:00,0.99,6.47,22.5
2026-01-19 15:20,0.99,6.52,22.5
2026-01-19 15:40,1.12,6.28,23.1
2026-01-19 16:00,1.11,6.32,22.7
2026-01-19 16:20,1.08,6.42,22.8
2026-01-19 16:40,1.08,6.37,23.1
2026-01-19 17:00,1.09,6.34,22.8
2026-01-19 17:20,1.13,6.32,22.7
2026-01-19 17:40,1.13,6.14,22.9
2026-01-19 18:00,1.14,6.39,22.5
2026-01-19 18:20,1.13,6.34,22.5
2026-01-19 18:40,1.13,6.35,22.9
2026-01-19 19:00,1.14,6.31,22.5
2026-01-19 19:20,1.13,6.36,22.7
2026-01-19 19:40,1.13,6.31,23.0
2026-01-19 20:00,1.14,6.29,22.7
2026-01-19 20:20,1.12,6.33,22.7
2026-01-19 20:40,1.13,6.27,23.1
2026-01-19 21:00,1.13,6.28,22.8
2026-01-19 21:20,1.13,6.36,22.9
2026-01-19 21:40,1.13,6.3,23.3
2026-01-19 22:00,1.13,6.28,23.1
2026-01-19 22:20,1.12,6.23,23.4
2026-01-19 22:40,1.13,6.29,24.1
2026-01-19 23:00,1.13,6.26,23.9
2026-01-19 23:20,1.12,6.2,24.0
2026-01-19 23:40,1.12,6.26,24.2
2026-01-20 00:00,1.13,6.28,23.5
2026-01-20 00:20,1.12,6.29,23.1
2026-01-20 00:40,1.12,6.25,22.8
2026-01-20 01:00,1.21,6.08,22.4
2026-01-20 01:20,1.2,6.25,21.8
2026-01-20 01:40,3.25,6.22,21.6
2026-01-20 02:00,1.68,6.22,21.3
2026-01-20 02:40,1.15,6.18,20.6
2026-01-20 03:20,3.73,6.23,20.0
2026-01-20 03:40,1.07,6.18,19.8
2026-01-20 04:00,1.1,6.18,19.5
2026-01-20 04:20,1.17,6.16,19.3
2026-01-20 04:40,1.25,6.18,19.6
2026-01-20 05:00,1.11,6.16,19.2
2026-01-20 05:20,1.11,6.04,19.3
2026-01-20 05:40,1.11,6.14,19.9
2026-01-20 06:00,1.11,6.13,19.7
2026-01-20 06:20,1.11,6.23,20.1
2026-01-20 06:40,1.11,6.14,20.7
2026-01-20 07:00,1.12,6.1,20.4
2026-01-20 07:20,1.11,6.04,20.8
2026-01-20 07:40,1.11,5.93,21.4
2026-01-20 08:00,1.12,5.93,21.1
2026-01-20 08:20,1.11,5.92,21.3
2026-01-20 08:40,1.11,5.9,21.9
2026-01-20 09:00,1.11,6.12,21.6
2026-01-20 09:20,1.11,5.93,21.7
2026-01-20 09:40,1.11,6.18,22.3
2026-01-20 10:00,1.12,6.16,21.8
2026-01-20 10:20,1.11,6.13,21.9
2026-01-20 10:40,1.1,5.99,20.2
2026-01-20 11:00,1.1,6.06,20.3
2026-01-20 11:20,1.1,6.17,20.7
2026-01-20 11:40,1.1,6.26,21.5
2026-01-20 12:00,1.1,6.25,21.0
2026-01-20 12:20,1.1,6.27,21.3
2026-01-20 12:40,1.1,6.3,21.8
2026-01-20 13:00,1.1,6.23,21.4
2026-01-20 13:20,1.09,6.31,21.4
2026-01-20 13:40,1.1,6.25,22.0
2026-01-20 14:00,1.1,6.3,21.6
2026-01-20 14:20,1.19,6.24,21.8
2026-01-20 14:40,1.18,6.25,22.4
2026-01-20 15:00,1.19,6.28,21.7
2026-01-20 15:20,1.18,6.24,22.1
2026-01-20 15:40,1.18,6.24,22.5
2026-01-20 16:00,1.18,6.27,21.9
2026-01-20 16:20,1.18,6.24,22.4
2026-01-20 16:40,1.18,6.25,22.9
2026-01-20 17:00,1.18,6.3,22.0
2026-01-20 17:20,1.18,6.24,22.5
2026-01-20 17:40,1.18,6.24,23.0
2026-01-20 18:00,1.18,6.23,22.1
2026-01-20 18:20,1.18,6.23,22.6
2026-01-20 18:40,1.18,6.26,23.1
2026-01-20 19:00,1.18,6.27,22.3
2026-01-20 19:20,1.17,6.21,22.7
2026-01-20 19:40,1.18,6.23,23.1
2026-01-20 20:00,1.18,6.2,22.3
2026-01-20 20:20,1.18,6.09,22.6
2026-01-20 20:40,1.18,6.21,23.1
2026-01-20 21:00,1.18,6.19,22.3
2026-01-20 21:20,1.18,6.15,22.7
2026-01-20 21:40,1.18,6.11,23.4
2026-01-20 22:00,1.18,6.21,22.6
2026-01-20 22:20,1.18,6.11,23.2
2026-01-20 22:40,1.18,6.19,24.1
2026-01-20 23:00,1.18,6.07,23.0
2026-01-20 23:20,1.18,6.05,23.7
2026-01-20 23:40,1.18,6.02,24.0
2026-01-21 00:00,1.18,6.03,23.0
2026-01-21 00:20,1.18,6.04,22.9
2026-01-21 00:40,1.18,5.96,23.3
2026-01-21 01:00,2.69,6.03,22.3
2026-01-21 01:40,1.27,5.9,22.6
2026-01-21 02:00,1.29,6.03,21.6
2026-01-21 02:20,1.15,5.94,21.6
2026-01-21 02:40,1.24,5.68,21.6
2026-01-21 03:00,1.35,5.95,20.6
2026-01-21 03:20,1.21,5.84,20.6
2026-01-21 03:40,1.18,5.82,20.6
2026-01-21 04:00,1.08,5.83,19.8
2026-01-21 04:20,1.22,5.8,19.8
2026-01-21 04:40,1.18,5.74,20.1
2026-01-21 05:00,1.18,5.64,19.4
2026-01-21 05:20,1.18,5.5,19.8
2026-01-21 05:40,1.18,5.7,20.8
2026-01-21 06:00,1.18,5.72,20.1
2026-01-21 06:20,1.18,5.67,20.9
2026-01-21 06:40,1.19,5.71,21.8
2026-01-21 07:00,1.18,5.75,21.1
2026-01-21 07:20,1.18,5.65,21.8
2026-01-21 07:40,1.19,5.57,22.4
2026-01-21 08:00,1.18,5.68,21.5
2026-01-21 08:20,1.19,5.42,21.8
2026-01-21 08:40,1.18,5.48,22.4
2026-01-21 09:00,1.17,5.61,21.5
2026-01-21 09:20,1.18,5.62,21.8
2026-01-21 09:40,1.18,5.59,22.5
2026-01-21 10:00,1.18,5.69,21.7
2026-01-21 10:20,1.18,5.6,22.1
2026-01-21 10:40,1.18,5.52,22.6
2026-01-21 11:00,1.18,5.38,22.0
2026-01-21 11:20,1.18,5.58,22.4
2026-01-21 11:40,1.18,5.59,22.7
2026-01-21 12:00,1.18,5.58,22.1
2026-01-21 12:20,1.18,5.58,22.4
2026-01-21 12:40,1.18,5.52,22.9
2026-01-21 13:00,1.19,5.58,22.4
2026-01-21 13:20,1.18,5.69,22.4
2026-01-21 13:40,1.18,5.52,22.6
2026-01-21 14:00,1.19,5.61,21.7
2026-01-21 14:20,1.18,5.55,21.9
2026-01-21 14:40,1.18,5.35,22.3
2026-01-21 15:00,1.18,5.37,21.5
2026-01-21 15:20,1.18,5.34,21.9
2026-01-21 15:40,1.18,5.48,22.4
2026-01-21 16:00,1.18,5.5,21.6
2026-01-21 16:20,1.18,5.36,22.0
2026-01-21 16:40,1.18,5.27,22.4
2026-01-21 17:00,1.19,5.37,21.6
2026-01-21 17:20,1.18,5.39,21.9
2026-01-21 17:40,1.18,5.49,22.3
2026-01-21 18:00,1.18,5.45,21.5
2026-01-21 18:20,1.18,5.45,21.6
2026-01-21 18:40,1.18,5.47,21.9
2026-01-21 19:00,1.18,5.53,21.2
2026-01-21 19:20,1.18,5.51,21.4
2026-01-21 19:40,1.18,5.5,21.6
2026-01-21 20:00,1.18,5.53,20.9
2026-01-21 20:20,1.17,5.55,21.0
2026-01-21 20:40,1.17,5.4,21.4
2026-01-21 21:00,1.17,5.42,20.6
2026-01-21 21:20,1.17,5.34,20.9
2026-01-21 21:40,1.17,5.48,21.4
2026-01-21 22:00,1.17,5.61,20.6
2026-01-21 22:20,1.17,5.59,21.4
2026-01-21 22:40,1.17,5.55,22.5
2026-01-21 23:00,1.17,5.56,21.7
2026-01-21 23:20,1.17,5.57,22.2
2026-01-21 23:40,1.16,5.6,22.2
2026-01-22 00:00,1.16,5.66,21.1
2026-01-22 00:20,1.16,5.67,20.4
2026-01-22 00:40,1.16,5.68,20.2
2026-01-22 01:00,1.12,5.61,19.1
2026-01-22 01:20,1.27,5.76,18.7
2026-01-22 01:40,1.15,5.75,18.5
2026-01-22 02:00,1.12,5.82,17.5
2026-01-22 02:20,1.19,5.78,17.3
2026-01-22 02:40,1.08,5.78,17.1
2026-01-22 03:00,1.38,5.79,16.3
2026-01-22 03:20,1.21,5.85,16.2
2026-01-22 03:40,1.23,5.85,16.0
2026-01-22 04:00,1.12,5.85,15.4
2026-01-22 04:20,1.17,5.81,15.2
2026-01-22 04:40,1.18,5.9,15.2
2026-01-22 05:00,1.14,5.9,14.6
2026-01-22 05:20,1.14,5.93,14.6
2026-01-22 05:40,1.14,5.88,15.2
2026-01-22 06:00,1.14,5.95,14.8
2026-01-22 06:20,1.13,5.89,15.4
2026-01-22 06:40,1.14,5.72,16.4
2026-01-22 07:00,1.13,5.96,16.0
2026-01-22 07:20,1.13,5.97,17.1
2026-01-22 07:40,1.14,5.95,17.9
2026-01-22 08:00,1.13,5.98,17.3
2026-01-22 08:20,1.13,5.82,17.8
2026-01-22 08:40,1.13,6.01,18.4
2026-01-22 09:00,1.14,6.02,18.0
2026-01-22 09:20,1.13,6.06,18.5
2026-01-22 09:40,1.13,5.95,19.0
2026-01-22 10:00,1.13,5.91,18.6
2026-01-22 10:20,1.13,5.9,19.1
2026-01-22 10:40,1.13,5.96,19.7
2026-01-22 11:00,1.13,6.09,19.2
2026-01-22 11:20,1.13,6.09,19.7
2026-01-22 11:40,1.13,6.13,20.3
2026-01-22 12:00,1.13,6.13,19.7
2026-01-22 12:20,1.12,6.18,20.0
2026-01-22 12:40,1.13,6.18,20.3
2026-01-22 13:00,1.13,6.18,19.8
2026-01-22 13:20,1.12,6.2,19.9
2026-01-22 13:40,1.12,6.2,20.3
2026-01-22 14:00,1.13,6.21,19.7
2026-01-22 14:20,1.12,6.23,19.9
2026-01-22 14:40,1.65,4.95,20.4
2026-01-22 15:00,1.19,6.05,20.4
2026-01-22 15:20,1.17,6.11,20.8
2026-01-22 15:40,1.17,6.08,21.6
2026-01-22 16:00,1.18,6.14,21.5
2026-01-22 16:20,1.17,6.17,22.2
2026-01-22 16:40,1.17,5.89,22.7
2026-01-22 17:00,1.17,5.89,22.4
2026-01-22 17:20,1.17,6.06,22.9
2026-01-22 17:40,1.17,5.92,23.3
2026-01-22 18:00,1.17,6.16,23.0
2026-01-22 18:20,1.17,5.93,23.2
2026-01-22 18:40,1.17,6.12,23.5
2026-01-22 19:00,1.17,6.16,22.7
2026-01-22 19:20,1.17,6.16,22.8
2026-01-22 19:40,1.17,6.08,23.2
2026-01-22 20:00,1.16,6.16,22.5
2026-01-22 20:20,1.17,6.15,22.7
2026-01-22 20:40,1.17,6.19,23.1
2026-01-22 21:00,1.16,6.13,22.4
2026-01-22 21:20,1.16,6.21,22.8
2026-01-22 21:40,1.16,6.12,23.3
2026-01-22 22:00,1.16,6.21,22.6
2026-01-22 22:20,1.16,6.18,23.1
2026-01-22 22:40,1.16,6.24,23.1
2026-01-22 23:00,1.16,6.04,22.5
2026-01-22 23:20,1.16,6.24,21.9
2026-01-22 23:40,1.16,6.21,21.8
2026-01-23 00:00,1.16,6.08,20.9
2026-01-23 00:20,1.16,6.29,20.7
2026-01-23 00:40,1.16,6.27,20.4
2026-01-23 01:00,1.16,6.29,19.9
2026-01-23 01:20,1.12,6.34,19.8
2026-01-23 01:40,1.24,6.3,20.0
2026-01-23 02:00,1.15,6.32,19.4
2026-01-23 02:20,1.22,6.34,19.6
2026-01-23 02:40,1.16,6.35,19.7
2026-01-23 03:00,1.1,6.33,19.2
2026-01-23 03:20,1.21,6.34,19.2
2026-01-23 03:40,1.24,6.37,19.7
2026-01-23 04:00,1.56,6.41,19.0
2026-01-23 04:20,1.15,6.19,19.3
2026-01-23 04:40,0.96,6.39,19.9
2026-01-23 05:00,1.15,6.36,19.4
2026-01-23 05:20,1.14,6.38,20.0
2026-01-23 05:40,1.15,6.39,20.7
2026-01-23 06:00,1.14,6.4,20.1
2026-01-23 06:20,1.15,6.42,20.6
2026-01-23 06:40,1.14,6.46,21.2
2026-01-23 07:00,1.14,6.25,20.5
2026-01-23 07:20,1.14,6.22,20.9
2026-01-23 07:40,1.14,6.41,21.3
2026-01-23 08:00,1.14,6.46,20.6
2026-01-23 08:20,1.14,6.44,20.9
2026-01-23 08:40,1.14,6.45,21.5
2026-01-23 09:00,1.1,5.92,21.1
2026-01-23 09:20,1.11,6.18,21.3
2026-01-23 09:40,1.12,6.21,21.7
2026-01-23 10:00,1.11,6.18,21.3
2026-01-23 10:20,1.12,6.24,21.8
2026-01-23 10:40,1.12,6.19,22.3
2026-01-23 11:00,1.12,6.17,21.8
2026-01-23 11:20,1.12,6.22,22.3
2026-01-23 11:40,1.12,6.15,22.7
2026-01-23 12:00,1.12,6.23,22.1
2026-01-23 12:20,1.11,6.19,22.2
2026-01-23 12:40,1.12,5.95,22.4
2026-01-23 13:00,1.12,6.14,21.7
2026-01-23 13:20,1.12,6.15,21.9
2026-01-23 13:40,1.12,6.13,22.3
2026-01-23 14:00,1.12,6.12,21.8
2026-01-23 14:20,1.12,6.16,22.2
2026-01-23 14:40,1.12,6.11,22.7
2026-01-23 15:00,1.12,6.1,22.3
2026-01-23 15:20,1.12,6.11,22.7
2026-01-23 15:40,1.12,6.08,23.1
2026-01-23 16:00,1.12,6.16,22.5
2026-01-23 16:20,1.12,6.12,22.8
2026-01-23 16:40,1.12,6,23.0
2026-01-23 17:00,1.12,6.06,22.6
2026-01-23 17:20,1.12,5.89,22.8
2026-01-23 17:40,1.12,5.86,23.1
2026-01-23 18:00,1.12,5.87,22.7
2026-01-23 18:20,1.12,5.95,22.8
2026-01-23 18:40,1.12,5.94,23.2
2026-01-23 19:00,1.12,5.92,22.4
2026-01-23 19:20,1.12,5.99,22.8
2026-01-23 19:40,1.12,5.93,23.0
2026-01-23 20:00,1.12,5.9,22.4
2026-01-23 20:20,1.13,6.06,22.7
2026-01-23 20:40,1.13,5.99,23.0
2026-01-23 21:00,1.12,6.03,22.5
2026-01-23 21:20,1.12,6.04,22.8
2026-01-23 21:40,1.12,6,23.2
2026-01-23 22:00,1.12,6.06,22.5
2026-01-23 22:20,1.12,6.08,23.1
2026-01-23 22:40,1.12,6.09,23.0
2026-01-23 23:00,1.12,6.03,22.2
2026-01-23 23:20,1.12,6.11,22.1
2026-01-23 23:40,1.11,6.12,22.0
2026-01-24 00:00,1.11,5.9,21.4
2026-01-24 00:20,1.12,6.12,21.3
2026-01-24 00:40,1.11,6.11,21.1
2026-01-24 01:00,1.2,6.14,20.5
2026-01-24 01:20,1.09,6.12,20.6
2026-01-24 01:40,1.46,6.14,20.6
2026-01-24 02:00,1.01,6.16,20.1
2026-01-24 02:20,1.12,6.15,20.1
2026-01-24 02:40,1.43,6.15,20.1
2026-01-24 03:00,1.13,6.18,19.6
2026-01-24 03:20,1.13,6.18,19.7
2026-01-24 03:40,1.11,6.18,19.7
2026-01-24 04:00,1.3,6.21,19.1
2026-01-24 04:20,1.34,6.04,19.5
2026-01-24 04:40,1.16,6.18,20.3
2026-01-24 05:00,1.12,6.2,20.0
2026-01-24 05:20,1.1,6.22,21.1
2026-01-24 05:40,1.1,6.19,22.2
2026-01-24 06:00,1.1,6.19,21.6
2026-01-24 06:20,1.1,6.29,22.6
2026-01-24 06:40,1.11,6.29,23.5
2026-01-24 07:00,1.1,6.24,22.9
2026-01-24 07:20,1.1,6.17,23.8
2026-01-24 07:40,1.1,6.26,24.3
2026-01-24 08:00,1.09,6.31,23.4
2026-01-24 08:20,1.1,6.28,23.6
2026-01-24 08:40,1.1,6.24,23.8
2026-01-24 09:00,1.1,6.25,23.1
2026-01-24 09:20,1.1,6.18,23.5
2026-01-24 09:40,1.1,6.27,23.9
2026-01-24 10:00,1.1,6.38,23.3
2026-01-24 10:20,1.1,6.38,23.7
2026-01-24 10:40,1.1,6.27,24.2
2026-01-24 11:00,1.1,6.22,23.5
2026-01-24 11:20,1.1,6.24,24.0
2026-01-24 11:40,1.1,6.11,24.4
2026-01-24 12:00,1.09,6.18,23.7
2026-01-24 12:20,1.1,6.31,24.0
2026-01-24 12:40,1.1,6.37,24.4
2026-01-24 13:00,1.1,6.3,23.7
2026-01-24 13:20,1.1,6.36,24.1
2026-01-24 13:40,1.1,6.4,24.3
2026-01-24 14:00,1.1,6.43,23.6
2026-01-24 14:20,1.1,6.38,24.0
2026-01-24 14:40,1.1,6.33,24.3
2026-01-24 15:00,1.1,6.38,23.6
2026-01-24 15:20,1.09,6.42,23.9
2026-01-24 15:40,1.1,6.38,24.3
2026-01-24 16:00,1.09,6.4,23.6
2026-01-24 16:20,1.1,6.38,24.0
2026-01-24 16:40,1.1,6.49,24.4
2026-01-24 17:00,1.1,6.45,23.6
2026-01-24 17:20,1.1,6.39,24.0
2026-01-24 17:40,1.1,6.47,24.3
2026-01-24 18:00,1.09,6.48,23.5
2026-01-24 18:20,1.09,6.44,23.8
2026-01-24 18:40,1.1,6.47,24.1
2026-01-24 19:00,1.09,6.46,23.3
2026-01-24 19:20,1.09,6.47,23.5
2026-01-24 19:40,1.09,6.47,23.9
2026-01-24 20:00,1.09,6.53,23.1
2026-01-24 20:20,1.09,6.48,23.4
2026-01-24 20:40,1.09,6.5,23.7
2026-01-24 21:00,1.09,6.49,22.9
2026-01-24 21:20,1.09,6.52,23.2
2026-01-24 21:40,1.09,6.49,23.5
2026-01-24 22:00,1.09,6.53,22.8
2026-01-24 22:20,1.09,6.59,23.0
2026-01-24 22:40,1.09,6.54,23.0
2026-01-24 23:00,1.09,6.39,22.1
2026-01-24 23:20,1.09,6.59,21.7
2026-01-24 23:40,1.09,6.65,21.5
2026-01-25 00:00,1.09,6.53,20.6
2026-01-25 00:20,1.09,6.57,20.3
2026-01-25 00:40,1.09,6.64,20.4
2026-01-25 01:00,1.12,6.62,19.7
2026-01-25 01:20,1.04,6.64,19.6
2026-01-25 01:40,1.04,6.65,19.5
2026-01-25 02:00,0.94,6.61,18.9
2026-01-25 02:20,1.13,6.66,19.2
2026-01-25 02:40,1.07,6.67,19.1
2026-01-25 03:00,1.24,6.68,18.6
2026-01-25 03:20,1.16,6.7,18.6
2026-01-25 03:40,1.01,6.71,18.9
2026-01-25 04:00,1.06,6.72,18.3
2026-01-25 04:20,1.2,6.64,18.6
2026-01-25 04:40,1.16,6.69,19.5
2026-01-25 05:00,1.08,6.71,19.1
2026-01-25 05:20,1.08,6.66,20.1
2026-01-25 05:40,1.09,6.64,21.4
2026-01-25 06:00,1.08,6.69,20.7
2026-01-25 06:20,1.08,6.76,21.6
2026-01-25 06:40,1.09,6.72,22.0
2026-01-25 07:00,1.09,6.73,21.3
2026-01-25 07:20,1.09,6.55,21.6
2026-01-25 07:40,1.09,6.71,21.8
2026-01-25 08:00,1.09,6.72,21.1
2026-01-25 08:20,1.09,6.75,21.3
2026-01-25 08:40,1.09,6.76,21.5
2026-01-25 09:00,1.08,6.79,20.9
2026-01-25 09:20,1.09,6.7,21.2
2026-01-25 09:40,1.09,6.78,21.7
2026-01-25 10:00,1.09,6.78,21.1
2026-01-25 10:20,1.09,6.78,21.7
2026-01-25 10:40,1.09,6.78,22.2
2026-01-25 11:00,1.08,6.75,21.7
2026-01-25 11:20,1.09,6.81,22.1
2026-01-25 11:40,1.09,6.79,22.5
2026-01-25 12:00,1.09,6.83,21.9
2026-01-25 12:20,1.09,6.84,22.2
2026-01-25 12:40,1.09,6.78,22.6
2026-01-25 13:00,1.09,6.61,21.9
2026-01-25 13:20,1.09,6.62,22.2
2026-01-25 13:40,1.09,6.77,22.8
2026-01-25 14:00,1.09,6.86,22.0
2026-01-25 14:20,1.09,6.6,22.6
2026-01-25 14:40,1.09,6.75,23.0
2026-01-25 15:00,1.09,6.56,22.2
2026-01-25 15:20,1.09,6.59,22.7
2026-01-25 15:40,1.09,6.64,23.0
2026-01-25 16:00,1.09,6.57,22.3
2026-01-25 16:20,1.09,6.59,22.7
2026-01-25 16:40,1.09,6.71,23.0
2026-01-25 17:00,1.09,6.79,22.2
2026-01-25 17:20,1.09,6.81,22.5
2026-01-25 17:40,1.09,6.83,22.9
2026-01-25 18:00,1.09,6.62,22.1
2026-01-25 18:20,1.09,6.77,22.3
2026-01-25 18:40,1.09,6.69,22.6
2026-01-25 19:00,1.09,6.75,21.8
2026-01-25 19:20,1.09,6.85,22.1
2026-01-25 19:40,1.09,6.82,22.4
2026-01-25 20:00,1.09,6.79,21.6
2026-01-25 20:20,1.09,6.74,21.8
2026-01-25 20:40,1.09,6.79,22.1
2026-01-25 21:00,1.09,6.87,21.3
2026-01-25 21:20,1.09,6.88,21.6
2026-01-25 21:40,1.09,6.81,21.9
2026-01-25 22:00,1.09,6.87,21.2
2026-01-25 22:20,1.09,6.88,21.8
2026-01-25 22:40,1.09,7,22.3
2026-01-25 23:00,1.09,6.88,21.7
2026-01-25 23:20,1.09,6.95,22.0
2026-01-25 23:40,1.09,6.97,22.2
2026-01-26 00:00,1.09,6.78,21.5
2026-01-26 00:20,1.09,6.98,21.3
2026-01-26 00:40,1.09,6.97,20.9
2026-01-26 01:00,0.99,6.81,20.1
2026-01-26 01:20,1.16,7.04,20.2
2026-01-26 01:40,1.15,6.94,20.3
2026-01-26 02:00,1.11,7.05,19.7
2026-01-26 02:20,1.14,7.06,19.6
2026-01-26 02:40,1.03,7.06,19.6
2026-01-26 03:00,1.41,7.06,18.9
2026-01-26 03:20,1.1,7.04,19.0
2026-01-26 03:40,1.2,7.07,19.0
2026-01-26 04:00,1.17,7.07,18.4
2026-01-26 04:20,1.25,7.05,18.5
2026-01-26 04:40,1.08,7.01,18.9
2026-01-26 05:00,1.09,7.06,18.5
2026-01-26 05:20,1.09,7.04,19.1
2026-01-26 05:40,1.09,7.06,19.8
2026-01-26 06:00,1.09,7.04,19.2
2026-01-26 06:20,1.09,7.03,20.0
2026-01-26 06:40,1.09,7.08,20.7
2026-01-26 07:00,1.08,7.06,20.2
2026-01-26 07:20,1.09,7.07,20.7
2026-01-26 07:40,1.09,7.11,21.0
2026-01-26 08:00,1.08,7.07,20.4
2026-01-26 08:20,1.09,6.9,20.6
2026-01-26 08:40,1.09,6.87,20.8
2026-01-26 09:00,1.08,7.12,20.3
2026-01-26 09:20,1.09,7.07,20.5
2026-01-26 09:40,1.09,7.17,20.6
2026-01-26 10:00,1.09,7.13,20.0
2026-01-26 10:20,1.09,7.17,20.2
2026-01-26 10:40,1.09,7.15,20.5
2026-01-26 10:40,1.09,6.89,20.47
2026-01-26 10:45,1.14,6.43,20.4
2026-01-26 10:50,1.12,6.24,20.26
2026-01-26 10:55,1.12,6.23,20.38
2026-01-26 11:00,1.12,6.55,20.2
2026-01-26 11:00,1.12,6.26,20.2
2026-01-26 11:05,1.11,6.38,20.7
2026-01-26 11:10,1.11,6.4,20.6
2026-01-26 11:15,1.11,6.4,20.43
2026-01-26 11:20,1.11,6.72,20.2
2026-01-26 11:20,1.11,6.4,20.24
2026-01-26 11:25,1.11,6.4,20.13
2026-01-26 11:30,1.11,6.4,19.99
2026-01-26 11:35,1.11,6.42,20.76
2026-01-26 11:40,1.11,6.72,20.7
2026-01-26 11:40,1.11,6.42,20.66
2026-01-26 11:45,1.11,6.43,20.5
2026-01-26 11:50,1.11,6.42,20.31
2026-01-26 11:55,1.11,6.42,20.2
2026-01-26 12:00,1.11,6.72,20.1
2026-01-26 12:00,1.11,6.43,20.11
2026-01-26 12:05,1.11,6.42,20.9
2026-01-26 12:10,1.11,6.42,20.79
2026-01-26 12:15,1.11,6.42,20.6
2026-01-26 12:20,1.11,6.71,20.4
2026-01-26 12:20,1.11,6.43,20.46
2026-01-26 12:25,1.11,6.43,20.3
2026-01-26 12:30,1.11,6.42,20.21
2026-01-26 12:35,1.11,6.43,20.93
2026-01-26 12:40,1.11,6.74,20.9
2026-01-26 12:40,1.11,6.43,20.89
2026-01-26 12:45,1.11,6.44,20.7
2026-01-26 12:50,1.11,6.43,20.5
2026-01-26 12:55,1.11,6.43,20.39
2026-01-26 13:00,1.11,6.75,20.3
2026-01-26 13:00,1.11,6.43,20.3
2026-01-26 13:05,1.11,6.43,21.07
2026-01-26 13:10,1.12,6.1,20.99
2026-01-26 13:15,1.12,6.14,20.9
2026-01-26 13:20,1.12,6.47,20.6
2026-01-26 13:20,1.12,6.15,20.63
2026-01-26 13:25,1.12,6.15,20.6
2026-01-26 13:30,1.12,6.14,20.5
2026-01-26 13:35,1.12,6.22,21.15
2026-01-26 13:40,1.12,6.48,21.1
2026-01-26 13:40,1.12,6.22,21.11
2026-01-26 13:45,1.12,6.23,20.99
2026-01-26 13:50,1.12,6.24,20.81
2026-01-26 13:55,1.12,6.23,20.62
2026-01-26 14:00,1.12,6.51,20.6
2026-01-26 14:00,1.12,6.22,20.59
2026-01-26 14:05,1.12,6.15,21.3
2026-01-26 14:10,1.11,6.13,21.29
2026-01-26 14:15,1.11,6.14,21.19
2026-01-26 14:20,1.12,6.37,21.0
2026-01-26 14:20,1.12,6.12,20.98
2026-01-26 14:25,1.12,6.12,20.89
2026-01-26 14:30,1.12,6.2,20.8
2026-01-26 14:35,1.12,6.26,21.59
2026-01-26 14:40,1.11,6.56,21.6
2026-01-26 14:40,1.11,6.23,21.56
2026-01-26 14:45,1.12,6.25,21.42
2026-01-26 14:50,1.11,6.24,21.33
2026-01-26 14:55,1.11,6.24,21.22
2026-01-26 15:00,1.11,6.21,21.13
2026-01-26 15:05,1.12,6.13,21.9
2026-01-26 15:10,1.12,6.14,21.9
2026-01-26 15:15,1.11,6.09,21.83
2026-01-26 15:20,1.11,6.52,21.7
2026-01-26 15:20,1.11,6.13,21.71
2026-01-26 15:25,1.11,6.06,21.59
2026-01-26 15:30,1.12,6.07,21.51
2026-01-26 15:35,1.11,6.1,22.35
2026-01-26 15:40,1.11,6.06,22.36
2026-01-26 15:45,1.11,6.08,22.21
2026-01-26 15:50,1.11,6.13,22.0
2026-01-26 15:55,1.11,6.1,21.9
2026-01-26 16:00,1.11,6.54,21.8
2026-01-26 16:00,1.11,6.16,21.75
2026-01-26 16:05,1.11,6.15,22.71
2026-01-26 16:10,1.11,6.15,22.7
2026-01-26 16:15,1.11,6.17,22.6
2026-01-26 16:20,1.11,6.44,22.4
2026-01-26 16:20,1.11,6.19,22.4
2026-01-26 16:25,1.11,6.23,22.3
2026-01-26 16:30,1.11,6.25,22.17
2026-01-26 16:35,1.11,6.27,23.02
2026-01-26 16:40,1.11,6.5,23.0
2026-01-26 16:40,1.11,6.25,23.0
2026-01-26 16:45,1.11,6.25,22.83
2026-01-26 16:50,1.11,6.27,22.59
2026-01-26 16:55,1.11,6.24,22.48
2026-01-26 17:00,1.11,6.55,22.4
2026-01-26 17:00,1.11,6.25,22.39
2026-01-26 17:05,1.11,6.25,23.2
2026-01-26 17:10,1.1,6.14,22.9
2026-01-26 17:15,1.1,6.1,22.6
2026-01-26 17:20,1.1,6.37,22.4
2026-01-26 17:20,1.1,6.1,22.4
2026-01-26 17:25,1.1,6.1,22.28
2026-01-26 17:30,1.11,6.13,22.34
2026-01-26 17:40,1.1,6.47,22.8
2026-01-26 18:00,1.11,6.43,22.5
2026-01-26 18:20,1.1,6.52,22.3
2026-01-26 18:40,1.1,6.51,22.7
2026-01-26 19:00,1.11,6.46,22.4
2026-01-26 19:20,1.1,6.24,22.3
2026-01-26 19:40,1.1,6.29,22.8
2026-01-26 20:00,1.11,6.31,22.4
2026-01-26 21:00,1.11,6.43,22.5
2026-01-26 21:20,1.09,6.44,22.6
2026-01-26 21:40,1.1,6.5,23.2
2026-01-26 22:00,1.1,6.47,22.9
2026-01-26 22:20,1.09,6.41,22.8
2026-01-26 22:40,1.09,6.32,23.1
2026-01-26 23:00,1.1,6.46,22.5
2026-01-26 23:20,1.09,6.48,22.0
2026-01-26 23:40,1.09,6.51,22.1
2026-01-27 00:20,1.09,6.52,20.9
2026-01-27 00:40,1.09,6.53,20.8
2026-01-27 01:00,1.11,6.53,20.4
2026-01-27 01:20,1.19,6.54,20.1
2026-01-27 02:00,1.1,6.53,19.9
2026-01-27 02:20,1.08,6.55,19.8
2026-01-27 02:40,1.06,6.56,19.8
2026-01-27 03:00,1.15,6.55,19.4
2026-01-27 03:20,1.13,6.56,19.2
2026-01-27 03:40,1.45,6.59,19.25
2026-01-27 04:20,1.07,6.56,18.5
2026-01-27 04:40,1.01,6.51,18.9
2026-01-27 05:00,1.09,6.56,18.7
2026-01-27 05:20,1.08,6.61,18.8
2026-01-27 05:40,1.08,6.56,19.5
2026-01-27 06:00,1.09,6.61,19.2
2026-01-27 06:20,1.08,6.34,19.5
2026-01-27 06:40,1.08,6.54,20.2
2026-01-27 07:00,1.08,6.56,19.9
2026-01-27 07:20,1.07,6.54,19.9
2026-01-27 07:40,1.07,6.6,20.63
2026-01-27 08:00,1.08,6.57,20.2
2026-01-27 08:40,1.07,6.57,20.9
2026-01-27 09:00,1.08,6.53,20.6
2026-01-27 09:20,1.07,6.56,21.0
2026-01-27 09:40,1.07,6.56,21.5
2026-01-27 10:00,1.07,6.54,20.89
2026-01-27 10:00,1.08,6.51,21.2
2026-01-27 10:19,1.07,6.52,21.47
2026-01-27 10:20,1.44,3.92,21.4
2026-01-27 10:25,1.58,3.05,21.5
2026-01-27 10:34,1.14,6.31,22.14
2026-01-27 10:40,1.13,6.28,22.1
2026-01-27 10:47,1.12,6.26,21.93
2026-01-27 11:00,1.12,6.17,21.9
2026-01-27 11:20,1.11,6.27,22.2
2026-01-27 11:30,1.11,6.29,21.98
2026-01-27 11:40,1.11,6.23,22.9
2026-01-27 12:00,1.13,6.11,22.1
2026-01-27 12:00,1.13,6.12,22.17
2026-01-27 12:20,1.11,6.13,22.6
2026-01-27 12:30,1.11,6.21,22.42
2026-01-27 12:40,1.11,6.11,23.2
2026-01-27 13:00,1.11,6.11,22.52
2026-01-27 13:20,1.11,6.23,22.9
2026-01-27 13:30,1.11,6.04,22.86
2026-01-27 13:40,1.11,5.92,23.4
2026-01-27 14:00,1.11,5.92,22.75
2026-01-27 14:00,1.11,5.93,22.8
2026-01-27 14:20,1.11,6.04,23.0
2026-01-27 14:30,1.11,6.03,22.82
2026-01-27 14:40,1.11,6.03,23.5
2026-01-27 15:00,1.11,5.79,22.83
2026-01-27 15:00,1.12,5.75,23.1
2026-01-27 15:20,1.11,5.9,23.1
2026-01-27 15:30,1.11,5.95,22.95
2026-01-27 15:40,1.11,5.92,23.5
2026-01-27 16:00,1.11,5.98,22.78
2026-01-27 16:00,1.12,5.87,23.1
2026-01-27 16:20,1.12,5.95,23.0
2026-01-27 16:40,1.12,5.89,23.3
2026-01-27 17:00,1.12,5.95,22.8
2026-01-27 17:20,1.11,6.02,22.6
2026-01-27 17:40,0.83,6.5,18.3
2026-01-27 18:00,0.83,6.48,18.4
2026-01-27 18:20,0.83,6.47,18.9
2026-01-27 18:40,0.83,6.59,19.8
2026-01-27 19:00,0.83,6.52,19.6
2026-01-27 19:20,0.83,6.56,20.0
2026-01-27 19:40,0.83,6.62,20.6
2026-01-27 20:00,0.83,6.59,20.22
2026-01-27 20:00,0.84,6.43,20.5
2026-01-27 20:20,0.83,6.49,20.7
2026-01-27 20:40,0.83,6.49,21.3
2026-01-27 21:00,0.83,6.47,21.3
2026-01-27 21:20,0.83,6.47,21.3
2026-01-27 21:40,0.83,6.52,21.7
2026-01-27 22:00,0.83,6.53,21.5
2026-01-27 22:20,0.83,6.36,21.6
2026-01-27 22:40,0.83,6.31,21.8
2026-01-27 23:00,0.83,6.43,21.3
2026-01-27 23:20,0.82,6.58,20.7
2026-01-27 23:40,0.83,6.54,20.8
2026-01-28 00:00,0.82,6.36,19.93
2026-01-28 00:00,0.85,6.28,20.2
2026-01-28 00:20,0.84,6.53,19.7
2026-01-28 00:40,0.83,6.49,20.0
2026-01-28 01:00,0.85,6.55,19.6
2026-01-28 01:20,0.85,6.57,19.3
2026-01-28 01:40,0.88,6.54,19.2
2026-01-28 02:00,0.91,6.48,18.8
2026-01-28 02:20,0.89,6.55,18.5
2026-01-28 02:40,1.01,6.59,18.5
2026-01-28 03:00,0.9,6.54,18.0
2026-01-28 03:20,0.83,6.6,17.7
2026-01-28 03:40,0.77,6.59,17.7
2026-01-28 04:00,0.88,6.57,17.08
2026-01-28 04:20,0.9,6.49,17.0
2026-01-28 04:40,0.87,6.51,17.6
2026-01-28 05:00,0.87,6.54,17.5
2026-01-28 05:20,0.87,6.44,18.1
2026-01-28 05:40,0.87,6.46,19.1
2026-01-28 06:00,0.87,6.43,19.1
2026-01-28 06:20,0.86,6.47,19.9
2026-01-28 06:40,0.86,6.44,20.8
2026-01-28 07:00,0.86,6.48,20.6
2026-01-28 07:20,0.86,6.5,20.9
2026-01-28 07:40,0.86,6.48,21.4
2026-01-28 08:00,0.86,6.47,20.71
2026-01-28 08:00,0.91,6.5,21.1
2026-01-28 08:20,0.9,6.49,21.0
2026-01-28 08:40,0.9,6.47,21.3
2026-01-28 09:00,0.9,6.46,21.1
2026-01-28 09:20,0.89,6.55,21.1
2026-01-28 09:40,0.89,6.44,21.6
2026-01-28 10:00,0.9,6.49,21.1
2026-01-28 10:20,0.89,6.47,21.4
2026-01-28 10:40,0.89,6.48,21.9
2026-01-28 11:00,0.89,6.5,21.6
2026-01-28 11:20,0.89,6.49,21.6
2026-01-28 11:40,0.89,6.47,22.0
2026-01-28 12:00,0.89,6.43,21.49
2026-01-28 12:00,0.94,6.36,21.8
2026-01-28 12:20,0.92,6.41,21.7
2026-01-28 12:40,0.92,6.38,22.1
2026-01-28 13:00,0.93,6.38,21.7
2026-01-28 13:20,0.92,6.44,21.8
2026-01-28 13:40,0.92,6.38,22.1
2026-01-28 14:00,0.93,6.47,21.7
2026-01-28 14:20,0.92,6.22,21.7
2026-01-28 14:40,0.92,6.48,22.1
2026-01-28 15:00,0.92,6.4,21.7
2026-01-28 15:20,0.92,6.41,21.9
2026-01-28 15:40,0.92,6.4,22.4
2026-01-28 16:00,0.92,6.36,21.85
2026-01-28 16:00,0.92,6.34,22.0
2026-01-28 16:20,0.96,6.33,22.3
2026-01-28 16:40,0.96,6.32,22.7
2026-01-28 17:00,0.96,6.26,22.5
2026-01-28 17:20,0.95,6.29,22.4
2026-01-28 17:40,0.95,6.29,22.8
2026-01-28 18:00,0.95,6.31,22.2
2026-01-28 18:20,0.95,6.34,22.4
2026-01-28 18:40,0.95,6.31,22.7
2026-01-28 19:00,0.95,6.21,22.1
2026-01-28 19:20,0.95,6.05,22.4
2026-01-28 19:40,0.95,6.11,22.8
2026-01-28 20:00,0.95,6.16,22.1
2026-01-28 20:00,0.95,6.12,22.23
2026-01-28 20:20,0.99,6.23,22.4
2026-01-28 20:40,0.99,6.29,22.8
2026-01-28 21:00,0.99,6.18,22.2
2026-01-28 21:20,0.99,6.21,22.6
2026-01-28 21:40,0.99,6.17,23.1
2026-01-28 22:00,0.99,6.1,22.5
2026-01-28 22:20,0.99,6.19,23.3
2026-01-28 22:40,0.99,5.63,23.7
2026-01-28 23:00,0.99,5.96,22.9
2026-01-28 23:20,0.99,5.76,22.9
2026-01-28 23:40,0.98,5.58,23.0
2026-01-29 00:00,0.98,6.1,22.1
2026-01-29 00:00,0.99,6.09,22.19
2026-01-29 00:20,1.02,6.13,21.9
2026-01-29 00:40,1.02,6.03,21.8
2026-01-29 01:00,1.05,6.03,21.0
2026-01-29 01:20,1.02,6.1,20.9
2026-01-29 01:40,1.02,6.06,20.9
2026-01-29 02:00,1.08,6.07,20.1
2026-01-29 02:20,1.02,6.07,20.1
2026-01-29 02:40,1.05,6.07,20.0
2026-01-29 03:00,0.93,6.04,19.2
2026-01-29 03:20,1.09,6.06,19.1
2026-01-29 04:00,1.16,5.89,18.5
2026-01-29 04:00,1.06,5.91,18.5
2026-01-29 04:20,0.95,6.12,18.3
2026-01-29 04:40,1.02,6.01,18.9
2026-01-29 05:00,1.01,6.03,18.5
2026-01-29 05:20,1.01,5.93,18.8
2026-01-29 05:40,1.01,6.03,19.5
2026-01-29 06:00,1.01,6.03,18.9
2026-01-29 06:20,1.01,6.04,19.4
2026-01-29 06:40,1.01,6.01,19.9
2026-01-29 07:00,1.01,6.04,19.3
2026-01-29 07:20,1.0,6.01,19.7
2026-01-29 07:40,1.0,5.99,20.2
2026-01-29 08:00,1.0,6.08,19.5
2026-01-29 08:00,1.01,6.03,19.56
2026-01-29 08:20,1.0,6.01,19.8
2026-01-29 08:40,1.0,5.98,20.3
2026-01-29 09:00,1.0,6.05,19.9
2026-01-29 09:20,1.0,6,20.3
2026-01-29 09:40,1.0,6.02,21.0
2026-01-29 10:00,1.01,5.95,20.5
2026-01-29 10:20,1.0,6.05,21.0
2026-01-29 10:40,1.0,5.98,21.6
2026-01-29 11:00,1.0,6.06,21.2
2026-01-29 11:20,1.0,6.04,21.6
2026-01-29 11:40,1.0,5.98,22.2
2026-01-29 12:00,1.0,6.08,21.7
2026-01-29 12:00,1,6.06,21.76
2026-01-29 12:20,1.03,6.01,21.9
2026-01-29 12:40,1.03,5.97,22.6
2026-01-29 13:00,1.03,6.01,22.0
2026-01-29 13:20,1.03,6.08,22.3
2026-01-29 13:40,1.03,6.03,22.7
2026-01-29 14:00,1.03,6.06,22.1
2026-01-29 14:20,1.03,6.08,22.5
2026-01-29 14:40,1.04,6,23.0
2026-01-29 15:00,1.03,5.99,22.4
2026-01-29 15:20,1.03,5.93,22.8
2026-01-29 15:40,1.04,5.94,23.4
2026-01-29 16:00,1.03,5.89,22.9
2026-01-29 16:00,1.04,5.96,22.9
2026-01-29 16:20,1.08,5.99,23.2
2026-01-29 16:40,1.08,5.89,23.9
2026-01-29 17:00,1.08,5.94,23.2
2026-01-29 17:20,1.08,5.87,23.7
2026-01-29 17:40,1.08,5.88,24.1
2026-01-29 18:00,1.08,5.91,23.4
2026-01-29 18:20,1.08,5.93,23.8
2026-01-29 18:40,1.08,5.86,24.1
2026-01-29 19:00,1.08,5.94,23.4
2026-01-29 19:20,1.08,5.94,23.7
2026-01-29 19:40,1.08,5.89,24.1
2026-01-29 20:00,1.08,5.94,23.4
2026-01-29 20:00,1.08,5.93,23.47
2026-01-29 20:20,1.12,5.87,23.7
2026-01-29 20:40,1.12,5.84,24.1
2026-01-29 21:00,1.12,5.85,23.3
2026-01-29 21:20,1.12,5.84,23.6
2026-01-29 21:40,1.12,5.81,24.2
2026-01-29 22:00,1.12,5.8,23.3
2026-01-29 22:20,1.12,5.35,23.5
2026-01-29 22:40,1.12,6.05,23.7
2026-01-29 23:00,1.13,5.41,22.9
2026-01-29 23:20,1.12,5.2,22.7
2026-01-29 23:40,1.12,5.71,22.5
2026-01-30 00:00,1.12,5.71,21.6
2026-01-30 00:00,1.12,5.78,21.65
2026-01-30 00:20,1.12,5.76,21.4
2026-01-30 00:40,1.12,5.74,21.4
2026-01-30 01:00,1.24,5.8,20.5
2026-01-30 01:20,1.09,5.61,20.4
2026-01-30 01:40,1.42,5.75,20.4
2026-01-30 02:00,1.02,5.77,19.8
2026-01-30 02:20,1.15,5.79,19.7
2026-01-30 02:40,1.12,5.72,19.7
2026-01-30 03:00,1.12,5.78,19.0
2026-01-30 03:20,1.13,5.71,18.9
2026-01-30 04:00,1.1,5.74,18.5
2026-01-30 04:00,1.18,5.74,18.5
2026-01-30 04:20,1.16,5.72,18.6
2026-01-30 04:40,1.23,5.62,19.2
2026-01-30 05:00,1.12,5.7,18.7
2026-01-30 05:20,1.11,5.72,19.2
2026-01-30 05:40,1.12,5.72,19.9
2026-01-30 06:00,1.11,5.71,19.4
2026-01-30 06:20,1.12,5.7,19.9
2026-01-30 06:40,1.12,5.74,20.5
2026-01-30 07:00,1.13,5.67,19.9
2026-01-30 07:20,1.12,5.67,20.2
2026-01-30 07:40,1.12,5.67,20.9
2026-01-30 08:00,1.13,5.75,20.2
2026-01-30 08:00,1.12,5.73,20.16
2026-01-30 08:20,1.12,5.5,20.4
2026-01-30 08:40,1.12,5.53,20.9
2026-01-30 09:00,1.12,5.69,20.3
2026-01-30 09:20,1.12,5.78,20.7
2026-01-30 09:40,1.11,5.74,21.2
2026-01-30 10:00,1.12,5.67,20.7
2026-01-30 10:20,1.11,5.69,21.2
2026-01-30 10:40,1.12,5.73,21.8
2026-01-30 11:00,1.12,5.75,21.3
