Date,EC,pH
2025-10-13 10:38,0.18,7.49
2025-10-13 10:58,0.19,7.22
2025-10-13 11:18,0.21,7.46
2025-10-13 11:38,0.17,6.82
2025-10-13 11:58,3.64,4.46
2025-10-13 12:18,1.86,5.41
2025-10-13 12:38,1.86,5.64
2025-10-13 12:58,1.86,5.81
2025-10-13 13:18,1.86,5.85
2025-10-13 13:38,1.86,5.98
2025-10-13 13:58,1.86,5.99
2025-10-13 14:18,1.86,6.04
2025-10-13 14:38,1.86,5.98
2025-10-13 14:58,1.86,6.14
2025-10-13 15:18,1.86,6.1
2025-10-13 15:38,1.86,6.16
2025-10-13 15:58,1.86,6.21
2025-10-13 16:18,1.86,6.27
2025-10-13 16:38,1.86,6.4
2025-10-13 16:58,1.86,6.4
2025-10-13 17:18,1.86,6.19
2025-10-13 17:38,1.86,6.16
2025-10-13 17:58,1.86,6.16
2025-10-13 18:18,1.86,6.58
2025-10-13 18:38,1.86,6.58
2025-10-13 18:58,1.86,6.61
2025-10-13 19:18,1.87,6.67
2025-10-13 19:38,1.87,6.75
2025-10-13 19:58,1.87,6.68
2025-10-13 20:18,1.87,6.86
2025-10-13 20:38,1.87,6.85
2025-10-13 20:58,1.87,6.86
2025-10-13 21:18,1.87,6.88
2025-10-13 21:38,1.87,6.9
2025-10-13 21:58,1.87,6.91
2025-10-13 22:18,1.87,6.88
2025-10-13 22:38,1.87,6.89
2025-10-13 22:58,1.87,6.96
2025-10-13 23:18,1.87,7.04
2025-10-13 23:38,1.87,6.84
2025-10-13 23:58,1.87,6.72
2025-10-14 00:18,3.81,6.98
2025-10-14 00:38,4.2,7.06
2025-10-14 00:58,4.9,7.05
2025-10-14 01:18,4.8,7.09
2025-10-14 01:38,4.96,6.89
2025-10-14 01:58,4.85,6.8
2025-10-14 02:18,4.73,6.8
2025-10-14 02:38,4.9,6.82
2025-10-14 02:58,4.89,6.8
2025-10-14 03:18,5.04,6.92
2025-10-14 03:38,4.78,6.91
2025-10-14 03:58,5.16,6.85
2025-10-14 04:18,4.93,6.86
2025-10-14 04:38,4.97,7.01
2025-10-14 04:58,4.69,7.13
2025-10-14 05:18,4.84,7.15
2025-10-14 05:38,4.83,7.16
2025-10-14 05:58,4.91,7.17
2025-10-14 06:18,1.89,7.15
2025-10-14 06:38,1.88,7.17
2025-10-14 06:58,1.88,7.19
2025-10-14 07:18,1.88,7.2
2025-10-14 07:38,1.88,7.21
2025-10-14 07:58,1.88,7.2
2025-10-14 08:18,1.88,7.02
2025-10-14 08:38,1.88,7.04
2025-10-14 08:58,1.88,7.23
2025-10-14 09:18,1.88,6.98
2025-10-14 09:38,1.88,7.08
2025-10-14 09:58,1.88,6.96
2025-10-14 10:18,1.88,7.21
2025-10-14 10:38,1.87,7.05
2025-10-14 10:58,1.87,7.16
2025-10-14 11:18,1.88,7.05
2025-10-14 11:38,1.88,7.07
2025-10-14 11:58,1.87,7.04
2025-10-14 12:18,1.87,7.22
2025-10-14 12:38,1.87,7.31
2025-10-14 12:58,1.88,7.33
2025-10-14 13:18,1.89,7.32
2025-10-14 13:38,1.89,7.39
2025-10-14 13:58,1.88,7.39
2025-10-14 14:18,1.88,7.27
2025-10-14 14:38,1.89,7.24
2025-10-14 14:58,1.89,7.43
2025-10-14 15:18,1.9,7.57
2025-10-14 15:38,1.9,7.57
2025-10-14 15:58,1.9,7.57
2025-10-14 16:18,1.9,7.52
2025-10-14 16:38,1.9,7.32
2025-10-14 16:58,1.9,7.18
2025-10-14 17:18,1.9,7.28
2025-10-14 17:38,1.89,7.37
2025-10-14 17:58,1.88,7.75
2025-10-14 18:18,1.76,7.64
2025-10-14 18:38,1.77,7.65
2025-10-14 18:58,1.78,7.66
2025-10-14 19:18,1.78,7.65
2025-10-14 19:38,1.78,7.65
2025-10-14 19:58,1.78,7.63
2025-10-14 20:18,1.78,7.64
2025-10-14 20:38,1.78,7.43
2025-10-14 20:58,1.78,7.66
2025-10-14 21:18,1.78,7.69
2025-10-14 21:38,1.78,7.53
2025-10-14 21:58,1.78,7.33
2025-10-14 22:18,1.78,7.49
2025-10-14 22:38,1.78,7.64
2025-10-14 22:58,1.79,7.65
2025-10-14 23:18,1.79,7.68
2025-10-14 23:38,1.79,7.7
2025-10-14 23:58,1.79,7.61
2025-10-15 00:18,3.19,7.49
2025-10-15 00:38,3.33,7.46
2025-10-15 00:58,3.12,7.53
2025-10-15 01:18,3.24,7.64
2025-10-15 01:38,3.07,7.68
2025-10-15 01:58,3.19,7.7
2025-10-15 02:18,3.16,7.7
2025-10-15 02:38,3.14,7.66
2025-10-15 02:58,2.95,7.61
2025-10-15 03:18,3.03,7.58
2025-10-15 03:38,3.25,7.5
2025-10-15 03:58,3.06,7.25
2025-10-15 04:18,3.09,7.2
2025-10-15 04:38,3.05,7.16
2025-10-15 04:58,3.23,7.22
2025-10-15 05:18,3.18,7.32
2025-10-15 05:38,3.23,7.25
2025-10-15 05:58,3.06,7.22
2025-10-15 06:18,1.8,7.07
2025-10-15 06:38,1.8,7.65
2025-10-15 06:58,1.8,7.38
2025-10-15 07:18,1.8,7.63
2025-10-15 07:38,1.8,7.59
2025-10-15 07:58,1.8,7.59
2025-10-15 08:18,1.8,7.58
2025-10-15 08:38,1.8,7.59
2025-10-15 08:58,1.8,7.6
2025-10-15 09:18,1.8,7.63
2025-10-15 09:38,1.85,7.68
2025-10-15 09:58,1.86,7.61
2025-10-15 10:18,1.86,7.54
2025-10-15 10:38,1.86,7.55
2025-10-15 10:58,1.87,7.57
2025-10-15 11:18,1.87,7.62
2025-10-15 11:38,1.87,7.55
2025-10-15 11:58,1.87,7.45
2025-10-15 12:18,1.88,7.43
2025-10-15 12:38,1.88,7.41
2025-10-15 12:58,1.87,7.41
2025-10-15 13:18,1.87,7.47
2025-10-15 13:38,1.87,7.45
2025-10-15 13:58,1.87,7.44
2025-10-15 14:18,1.87,7.38
2025-10-15 14:38,1.87,7.42
2025-10-15 14:58,1.87,7.47
2025-10-15 15:18,1.87,7.5
2025-10-15 15:38,1.87,7.49
2025-10-15 15:58,1.86,7.53
2025-10-15 16:18,1.87,7.54
2025-10-15 16:38,1.86,7.65
2025-10-15 16:58,1.87,7.59
2025-10-15 17:18,1.88,7.68
2025-10-15 17:38,1.88,7.63
2025-10-15 17:58,1.88,7.62
2025-10-15 18:18,1.87,7.63
2025-10-15 18:38,1.87,7.48
2025-10-15 18:58,1.87,7.48
2025-10-15 19:18,1.87,7.51
2025-10-15 19:38,1.87,7.43
2025-10-15 19:58,1.87,7.34
2025-10-15 20:18,1.87,7.46
2025-10-15 20:38,1.87,7.5
2025-10-15 20:58,1.87,7.61
2025-10-15 21:18,1.87,7.65
2025-10-15 21:38,1.87,7.69
2025-10-15 21:58,1.87,7.7
2025-10-15 22:18,1.87,7.61
2025-10-15 22:38,1.87,7.55
2025-10-15 22:58,1.87,7.51
2025-10-15 23:18,1.87,7.68
2025-10-15 23:38,1.87,7.77
2025-10-15 23:58,1.87,7.82
2025-10-16 00:18,3.47,7.77
2025-10-16 00:38,3.24,7.75
2025-10-16 00:58,3.4,7.66
2025-10-16 01:18,3.47,7.48
2025-10-16 01:38,3.38,7.45
2025-10-16 01:58,3.38,7.45
2025-10-16 02:18,3.68,7.43
2025-10-16 02:38,3.62,7.42
2025-10-16 02:58,3.58,7.45
2025-10-16 03:18,3.47,7.46
2025-10-16 03:38,3.59,7.53
2025-10-16 03:58,3.52,7.55
2025-10-16 04:18,3.54,7.6
2025-10-16 04:38,3.65,7.58
2025-10-16 04:58,3.55,7.62
2025-10-16 05:18,3.68,7.63
2025-10-16 05:38,3.67,7.64
2025-10-16 05:58,3.66,7.65
2025-10-16 06:18,1.89,7.62
2025-10-16 06:38,1.89,7.51
2025-10-16 06:58,1.89,7.49
2025-10-16 07:18,1.89,7.23
2025-10-16 07:38,1.89,7.51
2025-10-16 07:58,1.88,7.56
2025-10-16 08:18,1.88,7.61
2025-10-16 08:38,1.88,7.45
2025-10-16 08:58,1.87,7.38
2025-10-16 09:18,1.87,7.53
2025-10-16 09:38,1.88,7.51
2025-10-16 09:58,1.88,7.43
2025-10-16 10:18,1.88,7.4
2025-10-16 10:38,1.88,7.43
2025-10-16 10:58,1.89,7.37
2025-10-16 11:18,1.89,7.63
2025-10-16 11:38,1.89,7.58
2025-10-16 11:58,1.89,7.48
2025-10-16 12:18,1.89,7.41
2025-10-16 12:38,1.89,7.43
2025-10-16 12:58,1.89,7.45
2025-10-16 13:18,1.89,7.46
2025-10-16 13:38,1.89,7.48
2025-10-16 13:58,1.9,7.44
2025-10-16 14:18,1.9,7.33
2025-10-16 14:38,1.91,7.27
2025-10-16 14:58,1.88,7.32
2025-10-16 15:18,1.28,7.62
2025-10-16 15:38,1.28,7.52
2025-10-16 15:58,1.49,7.54
2025-10-16 16:18,1.5,7.49
2025-10-16 16:38,1.5,7.43
2025-10-16 16:58,1.51,7.15
2025-10-16 17:18,1.5,7.01
2025-10-16 17:38,1.5,7.28
2025-10-16 17:58,1.51,7.32
2025-10-16 18:18,1.51,7.34
2025-10-16 18:38,1.51,7.4
2025-10-16 18:58,1.52,7.39
2025-10-16 19:18,1.52,7.39
2025-10-16 19:38,1.52,7.42
2025-10-16 19:58,1.52,7.46
2025-10-16 20:18,1.52,7.45
2025-10-16 20:38,1.52,7.48
2025-10-16 20:58,1.52,7.47
2025-10-16 21:18,1.52,7.48
2025-10-16 21:38,1.51,7.51
2025-10-16 21:58,1.51,7.53
2025-10-16 22:18,1.51,7.55
2025-10-16 22:38,1.51,7.47
2025-10-16 22:58,1.51,7.35
2025-10-16 23:18,1.51,7.33
2025-10-16 23:38,1.51,7.45
2025-10-16 23:58,1.51,7.48
2025-10-17 00:18,2.22,7.68
2025-10-17 00:38,2.09,7.64
2025-10-17 00:58,2.17,7.56
2025-10-17 01:18,2.15,7.33
2025-10-17 01:38,2.21,7.23
2025-10-17 01:58,2.1,7.13
2025-10-17 02:18,2.22,6.99
2025-10-17 02:38,2.22,6.96
2025-10-17 02:58,2.2,6.94
2025-10-17 03:18,2.19,6.92
2025-10-17 03:38,2.16,6.9
2025-10-17 03:58,2.13,6.91
2025-10-17 04:18,2.06,6.9
2025-10-17 04:38,2.36,6.91
2025-10-17 04:58,2.11,6.95
2025-10-17 05:18,2.2,6.93
2025-10-17 05:38,2.2,7.0
2025-10-17 05:58,2.18,6.98
2025-10-17 06:18,1.51,6.94
2025-10-17 06:38,1.51,7.09
2025-10-17 06:58,1.51,7.52
2025-10-17 07:18,1.52,7.34
2025-10-17 07:38,1.51,7.38
2025-10-17 07:58,1.51,7.42
2025-10-17 08:18,1.51,7.42
2025-10-17 08:38,1.51,7.37
2025-10-17 08:58,1.51,7.36
2025-10-17 09:18,1.51,7.36
2025-10-17 09:38,1.51,7.5
2025-10-17 09:58,1.51,7.58
2025-10-17 10:18,1.51,7.64
2025-10-17 10:38,1.61,6.12
2025-10-17 10:58,1.62,5.78
2025-10-17 11:18,1.59,5.56
2025-10-17 11:38,1.57,5.61
2025-10-17 11:58,1.57,5.85
2025-10-17 12:18,1.56,6.28
2025-10-17 12:38,1.54,6.56
2025-10-17 12:58,1.54,6.76
2025-10-17 13:18,1.54,6.95
2025-10-17 13:38,1.53,6.95
2025-10-17 13:58,1.51,7.24
2025-10-17 14:18,1.51,7.35
2025-10-17 14:38,1.5,7.69
2025-10-17 14:58,1.5,7.42
2025-10-17 15:18,1.5,7.55
2025-10-17 15:38,1.5,7.47
2025-10-17 15:58,1.5,7.4
2025-10-17 16:18,1.5,7.38
2025-10-17 16:38,1.5,7.38
2025-10-17 16:58,1.5,7.4
2025-10-17 17:18,1.5,7.54
2025-10-17 17:38,1.5,7.62
2025-10-17 17:58,1.5,7.67
2025-10-17 18:18,1.5,7.67
2025-10-17 18:38,1.5,7.64
2025-10-17 18:58,1.5,7.58
2025-10-17 19:18,1.5,7.61
2025-10-17 19:38,1.5,7.66
2025-10-17 19:58,1.5,7.72
2025-10-17 20:18,1.5,7.7
2025-10-17 20:38,1.5,7.45
2025-10-17 20:58,1.5,7.66
2025-10-17 21:18,1.5,7.66
2025-10-17 21:38,1.5,7.66
2025-10-17 21:58,1.5,7.48
2025-10-17 22:18,1.5,7.44
2025-10-17 22:38,1.5,7.5
2025-10-17 22:58,1.5,7.63
2025-10-17 23:18,1.5,7.76
2025-10-17 23:38,1.5,7.77
2025-10-17 23:58,1.5,7.76
2025-10-18 00:18,2.22,7.6
2025-10-18 00:38,2.12,7.27
2025-10-18 00:58,2.11,7.1
2025-10-18 01:18,2.16,7.06
2025-10-18 01:38,2.14,7.02
2025-10-18 01:58,2.08,7.0
2025-10-18 02:18,2.11,7.01
2025-10-18 02:38,2.27,7.01
2025-10-18 02:58,2.12,7.05
2025-10-18 03:18,1.97,7.21
2025-10-18 03:38,2.17,7.26
2025-10-18 03:58,2.16,7.24
2025-10-18 04:18,2.08,7.08
2025-10-18 04:38,2.04,7.13
2025-10-18 04:58,2.28,7.1
2025-10-18 05:18,2.14,7.14
2025-10-18 05:38,2.07,7.11
2025-10-18 05:58,2.35,7.06
2025-10-18 06:18,1.5,7.24
2025-10-18 06:38,1.5,7.03
2025-10-18 06:58,1.5,7.63
2025-10-18 07:18,1.5,7.4
2025-10-18 07:38,1.5,7.4
2025-10-18 07:58,1.5,7.41
2025-10-18 08:18,1.5,7.44
2025-10-18 08:38,1.5,7.48
2025-10-18 08:58,1.5,7.59
2025-10-18 09:18,1.5,7.65
2025-10-18 09:38,1.5,7.63
2025-10-18 09:58,1.5,7.69
2025-10-18 10:18,1.5,7.7
2025-10-18 10:38,1.5,7.7
2025-10-18 10:58,1.5,7.63
2025-10-18 11:18,1.5,7.51
2025-10-18 11:38,1.5,7.41
2025-10-18 11:58,1.5,7.59
2025-10-18 12:18,1.5,7.55
2025-10-18 12:38,1.5,7.35
2025-10-18 12:58,1.5,7.1
2025-10-18 13:18,1.5,7.11
2025-10-18 13:38,1.5,7.1
2025-10-18 13:58,1.5,7.07
2025-10-18 14:18,1.5,7.05
2025-10-18 14:38,1.5,7.03
2025-10-18 14:58,1.5,7.08
2025-10-18 15:18,1.5,7.07
2025-10-18 15:38,1.5,7.06
2025-10-18 15:58,1.5,7.05
2025-10-18 16:18,1.5,7.02
2025-10-18 16:38,1.5,7.0
2025-10-18 16:58,1.5,7.0
2025-10-18 17:18,1.5,7.0
2025-10-18 17:38,1.5,7.01
2025-10-18 17:58,1.5,7.0
2025-10-18 18:18,1.5,7.0
2025-10-18 18:38,1.5,7.01
2025-10-18 18:58,1.5,7.0
2025-10-18 19:18,1.5,7.01
2025-10-18 19:38,1.5,7.03
2025-10-18 19:58,1.5,7.02
2025-10-18 20:18,1.5,7.01
2025-10-18 20:38,1.5,7.71
2025-10-18 20:58,1.5,7.46
2025-10-18 21:18,1.5,7.48
2025-10-18 21:38,1.5,7.44
2025-10-18 21:58,1.5,7.63
2025-10-18 22:18,1.5,7.72
2025-10-18 22:38,1.5,7.76
2025-10-18 22:58,1.5,7.79
2025-10-18 23:18,1.5,7.8
2025-10-18 23:38,1.5,7.75
2025-10-18 23:58,1.5,7.76
2025-10-19 00:18,2.1,7.67
2025-10-19 00:38,2.0,7.34
2025-10-19 00:58,2.1,7.11
2025-10-19 01:18,2.29,7.06
2025-10-19 01:38,1.9,7.03
2025-10-19 01:58,1.95,7.03
2025-10-19 02:18,2.08,7.08
2025-10-19 02:38,2.07,7.18
2025-10-19 02:58,2.09,7.25
2025-10-19 03:18,2.16,7.32
2025-10-19 03:38,2.1,7.4
2025-10-19 03:58,2.09,7.43
2025-10-19 04:18,2.07,7.44
2025-10-19 04:38,2.08,7.45
2025-10-19 04:58,2.15,7.46
2025-10-19 05:18,1.99,7.47
2025-10-19 05:38,2.01,7.46
2025-10-19 05:58,2.07,7.46
2025-10-19 06:18,1.5,7.46
2025-10-19 06:38,1.5,7.04
2025-10-19 06:58,1.5,7.68
2025-10-19 07:18,1.5,7.48
2025-10-19 07:38,1.5,7.38
2025-10-19 07:58,1.5,7.37
2025-10-19 08:18,1.5,7.39
2025-10-19 08:38,1.5,7.43
2025-10-19 08:58,1.5,7.53
2025-10-19 09:18,1.5,7.59
2025-10-19 09:38,1.5,7.62
2025-10-19 09:58,1.5,7.67
2025-10-19 10:18,1.5,7.68
2025-10-19 10:38,1.5,7.67
2025-10-19 10:58,1.5,7.42
2025-10-19 11:18,1.5,7.24
2025-10-19 11:38,1.5,7.14
2025-10-19 11:58,1.5,7.08
2025-10-19 12:18,1.5,7.08
2025-10-19 12:38,1.5,7.08
2025-10-19 12:58,1.5,7.02
2025-10-19 13:18,1.5,7.01
2025-10-19 13:38,1.5,7.0
2025-10-19 13:58,1.5,6.99
2025-10-19 14:18,1.5,6.99
2025-10-19 14:38,1.5,6.98
2025-10-19 14:58,1.5,6.98
2025-10-19 15:18,1.5,6.99
2025-10-19 15:38,1.5,7.0
2025-10-19 15:58,1.5,6.99
2025-10-19 16:18,1.5,6.99
2025-10-19 16:38,1.5,6.98
2025-10-19 16:58,1.5,6.99
2025-10-19 17:18,1.5,7.02
2025-10-19 17:38,1.5,7.02
2025-10-19 17:58,1.5,7.0
2025-10-19 18:18,1.5,7.02
2025-10-19 18:38,1.5,7.03
2025-10-19 18:58,1.5,7.03
2025-10-19 19:18,1.5,7.04
2025-10-19 19:38,1.5,7.18
2025-10-19 19:58,1.5,7.07
2025-10-19 20:18,1.5,7.01
2025-10-19 20:38,1.5,7.52
2025-10-19 20:58,1.5,7.53
2025-10-19 21:18,1.5,7.46
2025-10-19 21:38,1.5,7.42
2025-10-19 21:58,1.5,7.59
2025-10-19 22:18,1.5,7.68
2025-10-19 22:38,1.5,7.75
2025-10-19 22:58,1.5,7.73
2025-10-19 23:18,1.5,7.66
2025-10-19 23:38,1.5,7.57
2025-10-19 23:58,1.5,7.37
2025-10-20 00:18,2.0,7.16
2025-10-20 00:38,1.84,7.05
2025-10-20 00:58,1.85,7.01
2025-10-20 01:18,1.88,7.01
2025-10-20 01:38,1.95,7.01
2025-10-20 01:58,1.83,7.03
2025-10-20 02:18,1.82,7.05
2025-10-20 02:38,1.84,7.06
2025-10-20 02:58,1.74,7.01
2025-10-20 03:18,1.81,7.02
2025-10-20 03:38,1.85,7.0
2025-10-20 03:58,1.82,7.0
2025-10-20 04:18,1.81,7.01
2025-10-20 04:38,1.88,7.01
2025-10-20 04:58,1.77,7.0
2025-10-20 05:18,1.85,7.01
2025-10-20 05:38,1.82,7.07
2025-10-20 05:58,1.84,7.13
2025-10-20 06:18,1.5,7.24
2025-10-20 06:38,1.5,7.08
2025-10-20 06:58,1.5,7.44
2025-10-20 07:18,1.5,7.8
2025-10-20 07:38,1.5,7.77
2025-10-20 07:58,1.5,7.76
2025-10-20 08:18,1.5,7.76
2025-10-20 08:38,1.5,7.79
2025-10-20 08:58,1.5,7.79
2025-10-20 09:18,1.51,7.58
2025-10-20 09:38,1.5,7.49
2025-10-20 09:58,1.51,7.68
2025-10-20 10:18,1.51,7.62
2025-10-20 10:38,1.51,7.71
2025-10-20 10:58,1.51,7.73
2025-10-20 11:18,1.51,7.59
2025-10-20 11:38,1.51,7.26
2025-10-20 11:58,1.51,7.25
2025-10-20 12:18,1.51,7.77
2025-10-20 12:38,1.51,7.68
2025-10-20 12:58,1.51,7.71
2025-10-20 13:18,1.52,7.74
2025-10-20 13:38,1.51,7.74
2025-10-20 13:58,1.51,7.67
2025-10-20 14:18,1.51,7.62
2025-10-20 14:38,1.51,7.51
2025-10-20 14:58,1.51,7.45
2025-10-20 15:18,1.51,7.17
2025-10-20 15:38,1.51,7.13
2025-10-20 15:58,1.52,7.37
2025-10-20 16:18,1.52,7.19
2025-10-20 16:38,1.52,7.08
2025-10-20 16:58,1.52,7.04
2025-10-20 17:18,1.51,7.0
2025-10-20 17:37,1.6,7.1
2025-10-20 17:57,1.54,6.95
2025-10-20 18:17,1.29,6.62
2025-10-20 18:37,1.29,6.9
2025-10-20 18:57,1.29,7.11
2025-10-20 19:17,1.29,6.89
2025-10-20 19:37,1.29,6.7
2025-10-20 19:57,1.29,6.7
2025-10-20 20:17,1.29,6.67
2025-10-20 20:37,1.29,7.33
2025-10-20 20:57,1.29,7.05
2025-10-20 21:17,1.3,7.06
2025-10-20 21:37,1.29,7.18
2025-10-20 21:57,1.3,7.31
2025-10-20 22:17,1.3,7.36
2025-10-20 22:37,1.3,7.38
2025-10-20 22:57,1.3,7.05
2025-10-20 23:17,1.3,6.91
2025-10-20 23:37,1.3,6.88
2025-10-20 23:57,1.3,6.7
2025-10-21 00:17,1.56,6.68
2025-10-21 00:37,1.48,6.73
2025-10-21 00:57,1.52,6.98
2025-10-21 01:17,1.54,7.14
2025-10-21 01:37,1.55,7.16
2025-10-21 01:57,1.5,7.15
2025-10-21 02:17,1.58,7.15
2025-10-21 02:37,1.53,7.16
2025-10-21 02:57,1.5,7.16
2025-10-21 03:17,1.44,7.17
2025-10-21 03:37,1.51,7.17
2025-10-21 03:57,1.45,7.2
2025-10-21 04:17,1.58,7.21
2025-10-21 04:37,1.47,7.21
2025-10-21 04:57,1.49,7.22
2025-10-21 05:17,1.46,7.22
2025-10-21 05:37,1.48,7.22
2025-10-21 05:57,1.49,7.17
2025-10-21 06:17,1.3,7.22
2025-10-21 06:37,1.3,7.1
2025-10-21 06:57,1.3,6.87
2025-10-21 07:17,1.3,7.37
2025-10-21 07:37,1.3,7.39
2025-10-21 07:57,1.3,7.38
2025-10-21 08:17,1.3,7.38
2025-10-21 08:37,1.3,7.4
2025-10-21 08:57,1.3,7.4
2025-10-21 09:17,1.3,7.41
2025-10-21 09:37,1.3,7.4
2025-10-21 09:57,1.4,6.89
2025-10-21 10:17,1.3,7.16
2025-10-21 10:37,1.3,7.39
2025-10-21 10:57,1.29,7.48
2025-10-21 11:17,1.29,7.46
2025-10-21 11:37,1.29,7.37
2025-10-21 11:57,1.29,7.06
2025-10-21 12:17,1.29,6.99
2025-10-21 12:37,1.29,6.92
2025-10-21 12:57,1.29,6.9
2025-10-21 13:17,1.29,6.87
2025-10-21 13:37,1.29,6.8
2025-10-21 13:57,1.29,7.14
2025-10-21 14:17,1.29,7.32
2025-10-21 14:37,1.29,7.38
2025-10-21 14:57,1.29,7.36
2025-10-21 15:17,1.29,7.37
2025-10-21 15:37,1.29,7.36
2025-10-21 15:57,1.29,7.37
2025-10-21 16:17,1.29,7.39
2025-10-21 16:37,1.29,7.4
2025-10-21 16:57,1.29,7.36
2025-10-21 17:17,1.29,7.26
2025-10-21 17:37,1.29,7.18
2025-10-21 17:57,1.29,7.18
2025-10-21 18:17,1.29,7.18
2025-10-21 18:37,1.29,7.22
2025-10-21 18:57,1.29,7.29
2025-10-21 19:17,1.29,7.25
2025-10-21 19:37,1.29,7.38
2025-10-21 19:57,1.29,7.39
2025-10-21 20:17,1.29,7.35
2025-10-21 20:37,1.29,7.38
2025-10-21 20:57,1.29,7.35
2025-10-21 21:17,1.29,7.38
2025-10-21 21:37,1.29,7.37
2025-10-21 21:57,1.29,7.42
2025-10-21 22:17,1.29,7.39
2025-10-21 22:37,1.29,7.21
2025-10-21 22:57,1.29,7.29
2025-10-21 23:17,1.29,7.32
2025-10-21 23:37,1.29,7.44
2025-10-21 23:57,1.29,7.45
2025-10-22 00:17,1.53,7.49
2025-10-22 00:37,1.48,7.41
2025-10-22 00:57,1.52,7.13
2025-10-22 01:17,1.46,7.0
2025-10-22 01:37,1.55,6.86
2025-10-22 01:57,1.51,6.81
2025-10-22 02:17,1.52,6.77
2025-10-22 02:37,1.48,6.73
2025-10-22 02:57,1.48,6.73
2025-10-22 03:17,1.53,6.73
2025-10-22 03:37,1.45,6.73
2025-10-22 03:57,1.53,6.75
2025-10-22 04:17,1.55,6.75
2025-10-22 04:37,1.51,6.76
2025-10-22 04:57,1.59,6.8
2025-10-22 05:17,1.52,6.77
2025-10-22 05:37,1.48,6.84
2025-10-22 05:57,1.53,6.8
2025-10-22 06:17,1.29,7.13
2025-10-22 06:37,1.29,6.83
2025-10-22 06:57,1.29,7.37
2025-10-22 07:17,1.29,7.17
2025-10-22 07:37,1.29,7.27
2025-10-22 07:57,1.29,7.36
2025-10-22 08:17,1.3,7.36
2025-10-22 08:37,1.3,7.35
2025-10-22 08:57,1.3,7.35
2025-10-22 09:17,1.3,7.36
2025-10-22 09:37,1.3,7.33
2025-10-22 09:57,1.3,7.19
2025-10-22 10:17,1.29,7.05
2025-10-22 10:37,1.29,7.09
2025-10-22 10:57,1.29,6.96
2025-10-22 11:17,1.29,6.89
2025-10-22 11:37,1.29,6.83
2025-10-22 11:57,1.29,6.82
2025-10-22 12:17,1.29,6.82
2025-10-22 12:37,1.29,6.81
2025-10-22 12:57,1.29,6.83
2025-10-22 13:17,1.3,6.85
2025-10-22 13:37,1.3,6.96
2025-10-22 13:57,1.3,7.05
2025-10-22 14:17,1.29,7.17
2025-10-22 14:37,1.29,6.99
2025-10-22 14:57,1.29,7.14
2025-10-22 15:17,1.29,7.04
2025-10-22 15:37,1.29,7.0
2025-10-22 15:57,1.29,6.95
2025-10-22 16:17,1.29,7.12
2025-10-22 16:37,1.29,7.23
2025-10-22 16:57,1.29,7.2
2025-10-22 17:17,1.29,7.27
2025-10-22 17:37,1.29,7.28
2025-10-22 17:57,1.29,7.29
2025-10-22 18:17,1.29,7.31
2025-10-22 18:37,1.29,7.3
2025-10-22 18:57,1.29,7.34
2025-10-22 19:17,1.29,7.33
2025-10-22 19:37,1.29,7.33
2025-10-22 19:57,1.29,7.36
2025-10-22 20:17,1.29,7.33
2025-10-22 20:37,1.29,7.09
2025-10-22 20:57,1.29,7.24
2025-10-22 21:17,1.29,7.25
2025-10-22 21:37,1.29,7.26
2025-10-22 21:57,1.29,7.27
2025-10-22 22:17,1.29,7.3
2025-10-22 22:37,1.29,7.32
2025-10-22 22:57,1.29,7.16
2025-10-22 23:17,1.29,7.1
2025-10-22 23:37,1.29,7.05
2025-10-22 23:57,1.29,7.12
2025-10-23 00:17,1.31,7.31
2025-10-23 00:37,1.31,7.37
2025-10-23 00:57,1.31,7.39
2025-10-23 01:17,1.34,7.32
2025-10-23 01:37,1.31,7.25
2025-10-23 01:57,1.31,7.19
2025-10-23 02:17,1.32,7.09
2025-10-23 02:37,1.32,6.98
2025-10-23 02:57,1.31,6.83
2025-10-23 03:17,1.32,6.79
2025-10-23 03:37,1.31,6.75
2025-10-23 03:57,1.31,6.7
2025-10-23 04:17,1.31,6.7
2025-10-23 04:37,1.31,6.67
2025-10-23 04:57,1.31,6.68
2025-10-23 05:17,1.31,6.65
2025-10-23 05:37,1.31,6.64
2025-10-23 05:57,1.31,6.64
2025-10-23 06:17,1.29,6.66
2025-10-23 06:37,1.29,7.13
2025-10-23 06:57,1.29,7.07
2025-10-23 07:17,1.29,7.28
2025-10-23 07:37,1.29,7.28
2025-10-23 07:57,1.3,7.25
2025-10-23 08:17,1.3,7.14
2025-10-23 08:37,1.3,7.12
2025-10-23 08:57,1.3,7.04
2025-10-23 09:17,1.3,7.01
2025-10-23 09:37,1.32,6.99
2025-10-23 09:57,1.31,6.62
2025-10-23 10:17,1.34,6.76
2025-10-23 10:37,1.36,6.68
2025-10-23 10:57,1.37,6.66
2025-10-23 11:17,1.37,6.71
2025-10-23 11:37,1.37,6.74
2025-10-23 11:57,1.37,6.63
2025-10-23 12:17,1.37,6.72
2025-10-23 12:37,1.38,6.67
2025-10-23 12:57,1.38,6.69
2025-10-23 13:17,1.37,6.73
2025-10-23 13:37,1.37,6.71
2025-10-23 13:57,1.37,6.72
2025-10-23 14:17,1.37,6.73
2025-10-23 14:37,1.37,6.75
2025-10-23 14:57,1.37,6.78
2025-10-23 15:17,1.37,6.77
2025-10-23 15:37,1.37,6.75
2025-10-23 15:57,1.37,6.72
2025-10-23 16:17,1.37,6.64
2025-10-23 16:37,1.37,6.61
2025-10-23 16:57,1.37,6.61
2025-10-23 17:17,1.35,6.66
2025-10-23 17:37,1.3,7.02
2025-10-23 17:57,1.28,7.17
2025-10-23 18:26,1.26,7.11
2025-10-23 18:46,1.27,7.2
2025-10-23 19:06,1.27,7.18
2025-10-23 19:26,1.27,7.11
2025-10-23 19:46,1.28,7.06
2025-10-23 20:06,1.28,7.01
2025-10-23 20:26,1.29,7.02
2025-10-23 20:46,1.29,7.03
2025-10-23 21:06,1.28,6.99
2025-10-23 21:26,1.28,6.93
2025-10-23 21:46,1.27,6.96
2025-10-23 22:06,1.27,7.0
2025-10-23 22:26,1.27,7.04
2025-10-23 22:46,1.27,7.09
2025-10-23 23:06,1.27,7.11
2025-10-23 23:26,1.27,7.09
2025-10-23 23:46,1.27,6.99
2025-10-24 00:06,1.27,6.89
2025-10-24 00:26,1.37,6.84
2025-10-24 00:46,1.35,7.13
2025-10-24 01:06,1.38,7.19
2025-10-24 01:26,1.38,7.19
2025-10-24 01:46,1.33,7.14
2025-10-24 02:06,1.31,7.16
2025-10-24 02:26,1.32,7.06
2025-10-24 02:46,1.32,6.9
2025-10-24 03:06,1.33,6.86
2025-10-24 03:26,1.34,6.86
2025-10-24 03:46,1.32,6.74
2025-10-24 04:06,1.32,6.6
2025-10-24 04:26,1.31,6.58
2025-10-24 04:46,1.33,6.59
2025-10-24 05:06,1.34,6.55
2025-10-24 05:26,1.35,6.52
2025-10-24 05:46,1.33,6.5
2025-10-24 06:06,1.31,6.47
2025-10-24 06:26,1.27,6.45
2025-10-24 06:46,1.27,7.02
2025-10-24 07:06,1.27,7.03
2025-10-24 07:26,1.27,7.06
2025-10-24 07:46,1.28,7.05
2025-10-24 08:06,1.29,7.05
2025-10-24 08:26,1.29,7.01
2025-10-24 08:46,1.29,6.9
2025-10-24 09:06,1.29,6.88
2025-10-24 09:26,1.3,6.82
2025-10-24 09:46,1.3,6.76
2025-10-24 10:06,1.3,6.75
2025-10-24 10:26,1.3,6.74
2025-10-24 10:46,1.3,6.75
2025-10-24 11:06,1.3,6.79
2025-10-24 11:26,1.28,7.0
2025-10-24 11:46,1.29,6.92
2025-10-24 12:06,1.29,6.92
2025-10-24 12:26,1.29,6.92
2025-10-24 12:46,1.3,6.89
2025-10-24 13:06,1.3,6.93
2025-10-24 13:23,1.29,6.91
2025-10-24 13:43,1.29,6.8
2025-10-24 14:03,1.3,6.65
2025-10-24 14:23,1.3,6.72
2025-10-24 14:43,1.3,6.71
2025-10-24 15:03,1.3,6.75
2025-10-24 15:23,1.3,6.7
2025-10-24 15:43,1.3,6.66
2025-10-24 16:03,1.3,6.65
2025-10-24 16:23,1.26,6.87
2025-10-24 16:43,1.26,6.7
2025-10-24 17:03,1.26,6.69
2025-10-24 17:23,1.26,6.62
2025-10-24 17:43,1.26,6.63
2025-10-24 18:03,1.26,6.71
2025-10-24 18:23,1.26,6.76
2025-10-24 18:43,1.27,6.79
2025-10-24 19:03,1.27,6.86
2025-10-24 19:23,1.27,6.95
2025-10-24 19:43,1.28,6.96
2025-10-24 20:03,1.28,6.93
2025-10-24 20:23,1.28,6.91
2025-10-24 20:43,1.28,6.91
2025-10-24 21:03,1.27,6.92
2025-10-24 21:23,1.27,6.76
2025-10-24 21:43,1.27,6.73
2025-10-24 22:03,1.27,6.77
2025-10-24 22:23,1.27,6.66
2025-10-24 22:43,1.27,6.83
2025-10-24 23:03,1.27,6.9
2025-10-24 23:23,1.27,6.89
2025-10-24 23:43,1.27,6.94
2025-10-25 00:03,1.27,6.94
2025-10-25 00:23,1.27,6.96
2025-10-25 00:43,1.27,6.98
2025-10-25 01:03,1.27,6.96
2025-10-25 01:23,1.27,6.98
2025-10-25 01:43,1.27,6.97
2025-10-25 02:03,1.27,6.96
2025-10-25 02:23,1.27,6.96
2025-10-25 02:43,1.27,6.92
2025-10-25 03:03,1.27,6.91
2025-10-25 03:23,1.27,6.88
2025-10-25 03:43,1.27,6.84
2025-10-25 04:03,1.27,6.78
2025-10-25 04:23,1.27,6.68
2025-10-25 04:43,1.27,6.88
2025-10-25 05:03,1.27,6.82
2025-10-25 05:23,1.27,6.65
2025-10-25 05:43,1.27,6.67
2025-10-25 06:03,1.27,6.74
2025-10-25 06:23,1.27,6.55
2025-10-25 06:43,1.27,6.49
2025-10-25 07:03,1.27,6.52
2025-10-25 07:23,1.28,6.75
2025-10-25 07:43,1.28,6.88
2025-10-25 08:03,1.28,6.87
2025-10-25 08:23,1.28,6.81
2025-10-25 08:43,1.28,6.74
2025-10-25 09:03,1.28,6.86
2025-10-25 09:23,1.28,6.81
2025-10-25 09:43,1.28,6.75
2025-10-25 10:03,1.28,6.79
2025-10-25 10:23,1.28,6.86
2025-10-25 10:43,1.28,6.94
2025-10-25 11:03,1.28,6.96
2025-10-25 11:23,1.28,6.99
2025-10-25 11:43,1.28,6.99
2025-10-25 12:03,1.28,7.0
2025-10-25 12:23,1.28,6.96
2025-10-25 12:43,1.28,6.93
2025-10-25 13:03,1.28,6.95
2025-10-25 13:23,1.35,6.96
2025-10-25 13:43,1.32,6.97
2025-10-25 14:03,1.35,6.94
2025-10-25 14:23,1.35,6.91
2025-10-25 14:43,1.32,6.91
2025-10-25 15:03,1.34,6.91
2025-10-25 15:23,1.34,6.9
2025-10-25 15:43,1.34,6.89
2025-10-25 16:03,1.34,6.91
2025-10-25 16:23,1.28,6.9
2025-10-25 16:43,1.29,6.9
2025-10-25 17:03,1.29,6.89
2025-10-25 17:23,1.29,6.89
2025-10-25 17:43,1.29,6.9
2025-10-25 18:03,1.29,6.9
2025-10-25 18:23,1.29,6.88
2025-10-25 18:43,1.3,6.9
2025-10-25 19:03,1.29,6.82
2025-10-25 19:23,1.29,6.82
2025-10-25 19:43,1.29,6.79
2025-10-25 20:03,1.29,6.75
2025-10-25 20:23,1.29,6.84
2025-10-25 20:43,1.29,6.95
2025-10-25 21:03,1.29,6.99
2025-10-25 21:23,1.29,6.98
2025-10-25 21:43,1.29,6.97
2025-10-25 22:03,1.29,6.96
2025-10-25 22:23,1.29,6.97
2025-10-25 22:43,1.29,6.97
2025-10-25 23:03,1.29,6.97
2025-10-25 23:23,1.29,6.97
2025-10-25 23:43,1.29,6.97
2025-10-26 00:03,1.29,6.97
2025-10-26 00:23,1.29,6.97
2025-10-26 00:43,1.29,6.95
2025-10-26 01:03,1.29,6.93
2025-10-26 01:23,1.29,6.94
2025-10-26 01:43,1.29,6.89
2025-10-26 02:03,1.29,6.83
2025-10-26 02:23,1.29,6.73
2025-10-26 02:43,1.29,6.69
2025-10-26 03:03,1.29,6.72
2025-10-26 03:23,1.29,6.55
2025-10-26 03:43,1.29,6.5
2025-10-26 04:03,1.29,6.54
2025-10-26 04:23,1.29,6.56
2025-10-26 04:43,1.29,6.7
2025-10-26 05:03,1.29,6.66
2025-10-26 05:23,1.29,6.46
2025-10-26 05:43,1.29,6.5
2025-10-26 06:03,1.29,6.61
2025-10-26 06:23,1.29,6.55
2025-10-26 06:43,1.29,6.43
2025-10-26 07:03,1.29,6.48
2025-10-26 07:23,1.29,6.65
2025-10-26 07:43,1.29,6.66
2025-10-26 08:03,1.29,6.68
2025-10-26 08:23,1.29,6.77
2025-10-26 08:43,1.29,6.78
2025-10-26 09:03,1.29,6.79
2025-10-26 09:23,1.29,6.72
2025-10-26 09:43,1.29,6.81
2025-10-26 10:03,1.29,6.85
2025-10-26 10:23,1.29,6.71
2025-10-26 10:43,1.29,6.68
2025-10-26 11:03,1.29,6.73
2025-10-26 11:23,1.29,6.75
2025-10-26 11:43,1.29,6.73
2025-10-26 12:03,1.29,6.65
2025-10-26 12:23,1.29,6.54
2025-10-26 12:43,1.29,6.53
2025-10-26 13:03,1.29,6.35
2025-10-26 13:23,1.34,6.34
2025-10-26 13:43,1.34,6.45
2025-10-26 14:03,1.34,6.6
2025-10-26 14:23,1.33,6.69
2025-10-26 14:43,1.35,6.87
2025-10-26 15:03,1.34,6.85
2025-10-26 15:23,1.33,6.93
2025-10-26 15:43,1.38,6.85
2025-10-26 16:03,1.35,6.79
2025-10-26 16:23,1.29,6.87
2025-10-26 16:43,1.29,6.62
2025-10-26 17:03,1.29,6.65
2025-10-26 17:23,1.29,6.68
2025-10-26 17:43,1.3,6.54
2025-10-26 18:03,1.3,6.45
2025-10-26 18:23,1.3,6.47
2025-10-26 18:43,1.3,6.43
2025-10-26 19:03,1.3,6.45
2025-10-26 19:23,1.3,6.47
2025-10-26 19:43,1.29,6.42
2025-10-26 20:03,1.29,6.44
2025-10-26 20:23,1.29,6.66
2025-10-26 20:43,1.29,6.78
2025-10-26 21:03,1.29,6.91
2025-10-26 21:23,1.29,6.92
2025-10-26 21:43,1.29,6.94
2025-10-26 22:03,1.29,6.94
2025-10-26 22:23,1.29,6.93
2025-10-26 22:43,1.29,6.94
2025-10-26 23:03,1.29,6.94
2025-10-26 23:23,1.29,6.94
2025-10-26 23:43,1.29,6.88
2025-10-27 00:03,1.29,6.89
2025-10-27 00:23,1.29,6.87
2025-10-27 00:43,1.29,6.77
2025-10-27 01:03,1.29,6.71
2025-10-27 01:23,1.29,6.82
2025-10-27 01:43,1.29,6.73
2025-10-27 02:03,1.29,6.75
2025-10-27 02:23,1.29,6.57
2025-10-27 02:43,1.29,6.59
2025-10-27 03:03,1.29,6.55
2025-10-27 03:23,1.29,6.71
2025-10-27 03:43,1.29,6.7
2025-10-27 04:03,1.29,6.47
2025-10-27 04:23,1.29,6.53
2025-10-27 04:43,1.29,6.47
2025-10-27 05:03,1.29,6.5
2025-10-27 05:23,1.29,6.43
2025-10-27 05:43,1.29,6.26
2025-10-27 06:03,1.29,6.29
2025-10-27 06:23,1.29,6.31
2025-10-27 06:43,1.29,6.24
2025-10-27 07:03,1.29,6.22
2025-10-27 07:23,1.29,6.23
2025-10-27 07:43,1.29,6.26
2025-10-27 08:03,1.29,6.36
2025-10-27 08:23,1.29,6.58
2025-10-27 08:43,1.29,6.76
2025-10-27 09:03,1.29,6.79
2025-10-27 09:23,1.29,6.71
2025-10-27 09:43,1.29,6.56
2025-10-27 10:03,1.24,6.37
2025-10-27 10:23,1.24,6.36
2025-10-27 10:43,1.24,6.18
2025-10-27 11:03,1.24,6.09
2025-10-27 11:23,1.24,6.07
2025-10-27 11:43,1.24,6.04
2025-10-27 12:03,1.25,6.01
2025-10-27 12:23,1.25,6.04
2025-10-27 12:43,1.25,6.02
2025-10-27 13:03,1.25,5.96
2025-10-27 13:23,1.27,5.97
2025-10-27 13:43,1.25,6.01
2025-10-27 14:03,1.25,5.93
2025-10-27 14:23,1.25,5.9
2025-10-27 14:43,1.26,5.96
2025-10-27 15:03,1.25,6.06
2025-10-27 15:23,1.25,6.04
2025-10-27 15:43,1.26,6.0
2025-10-27 16:03,1.26,5.98
2025-10-27 16:23,1.25,5.9
2025-10-27 16:43,1.25,5.82
2025-10-27 17:03,1.23,6.0
2025-10-27 17:23,1.24,4.99
2025-10-27 17:43,1.24,4.73
2025-10-27 18:03,1.24,4.74
2025-10-27 18:23,1.25,4.75
2025-10-27 18:43,1.25,4.76
2025-10-27 19:03,1.25,4.76
2025-10-27 19:23,1.25,4.79
2025-10-27 19:43,1.25,4.76
2025-10-27 20:03,1.25,4.78
2025-10-27 20:23,1.25,4.85
2025-10-27 20:43,1.25,4.94
2025-10-27 21:03,1.25,5.0
2025-10-27 21:23,1.25,5.11
2025-10-27 21:43,1.25,5.3
2025-10-27 22:03,1.25,5.16
2025-10-27 22:23,1.25,5.35
2025-10-27 22:43,1.25,5.42
2025-10-27 23:03,1.25,5.57
2025-10-27 23:23,1.25,5.59
2025-10-27 23:43,1.25,5.31
2025-10-28 00:03,1.25,5.2
2025-10-28 00:23,1.25,5.19
2025-10-28 00:43,1.25,5.19
2025-10-28 01:03,1.25,5.19
2025-10-28 01:23,1.25,5.16
2025-10-28 01:43,1.25,5.13
2025-10-28 02:03,1.25,5.12
2025-10-28 02:23,1.25,5.12
2025-10-28 02:43,1.25,5.13
2025-10-28 03:03,1.25,5.07
2025-10-28 03:23,1.25,5.08
2025-10-28 03:43,1.25,5.08
2025-10-28 04:03,1.25,5.08
2025-10-28 04:23,1.26,5.09
2025-10-28 04:43,1.26,5.17
2025-10-28 05:03,1.26,5.21
2025-10-28 05:23,1.26,5.17
2025-10-28 05:43,1.26,5.22
2025-10-28 06:03,1.26,5.42
2025-10-28 06:23,1.26,5.34
2025-10-28 06:43,1.26,5.27
2025-10-28 07:03,1.26,5.25
2025-10-28 07:23,1.26,5.25
2025-10-28 07:43,1.26,5.25
2025-10-28 08:03,1.26,5.28
2025-10-28 08:23,1.26,5.23
2025-10-28 08:43,1.26,5.57
2025-10-28 09:03,1.26,5.56
2025-10-28 09:23,1.26,5.38
2025-10-28 09:43,1.26,5.34
2025-10-28 10:03,1.26,5.38
2025-10-28 10:23,1.2,5.51
2025-10-28 10:43,1.02,6.35
2025-10-28 11:03,1.02,6.58
2025-10-28 11:23,1.02,6.58
2025-10-28 11:43,1.02,6.58
2025-10-28 12:03,1.02,6.33
2025-10-28 12:23,1.02,6.29
2025-10-28 12:43,1.02,6.25
2025-10-28 13:03,1.02,6.17
2025-10-28 13:23,1.04,6.2
2025-10-28 13:43,1.04,6.2
2025-10-28 14:03,1.15,5.89
2025-10-28 14:23,1.15,5.75
2025-10-28 14:43,1.15,5.78
2025-10-28 15:03,1.15,5.75
2025-10-28 15:23,1.15,5.76
2025-10-28 15:43,1.15,5.71
2025-10-28 16:03,1.15,5.75
2025-10-28 16:23,1.42,5.57
2025-10-28 16:43,1.41,5.44
2025-10-28 17:03,1.42,5.22
2025-10-28 17:23,1.42,5.25
2025-10-28 17:43,1.42,5.18
2025-10-28 18:03,1.42,5.21
2025-10-28 18:23,1.42,5.25
2025-10-28 18:43,1.42,5.25
2025-10-28 19:03,1.42,5.27
2025-10-28 19:23,1.42,5.28
2025-10-28 19:43,1.42,5.5
2025-10-28 20:03,1.42,5.68
2025-10-28 20:23,1.42,5.88
2025-10-28 20:43,1.42,6.35
2025-10-28 21:03,1.42,6.28
2025-10-28 21:23,1.42,6.23
2025-10-28 21:43,1.42,6.13
2025-10-28 22:03,1.42,6.21
2025-10-28 22:23,1.42,6.22
2025-10-28 22:43,1.42,6.04
2025-10-28 23:03,1.42,6.25
2025-10-28 23:23,1.42,6.29
2025-10-28 23:43,1.42,6.28
2025-10-29 00:03,1.42,6.27
2025-10-29 00:23,1.42,6.29
2025-10-29 00:43,1.42,6.24
2025-10-29 01:03,1.43,6.32
2025-10-29 01:23,1.43,6.24
2025-10-29 01:43,1.43,6.35
2025-10-29 02:03,1.43,6.33
2025-10-29 02:23,1.43,6.25
2025-10-29 02:43,1.43,6.32
2025-10-29 03:03,1.43,6.3
2025-10-29 03:23,1.43,6.37
2025-10-29 03:43,1.43,6.33
2025-10-29 04:03,1.43,6.35
2025-10-29 04:23,1.43,6.31
2025-10-29 04:43,1.43,6.32
2025-10-29 05:03,1.43,6.29
2025-10-29 05:23,1.43,6.29
2025-10-29 05:43,1.43,6.33
2025-10-29 06:03,1.43,6.36
2025-10-29 06:23,1.43,6.47
2025-10-29 06:43,1.43,6.52
2025-10-29 07:03,1.43,6.53
2025-10-29 07:23,1.43,6.55
2025-10-29 07:43,1.43,6.56
2025-10-29 08:03,1.43,6.56
2025-10-29 08:23,1.43,6.56
2025-10-29 08:43,1.43,6.56
2025-10-29 09:03,1.43,6.54
2025-10-29 09:23,1.43,6.54
2025-10-29 09:43,1.43,6.53
2025-10-29 10:03,1.43,6.5
2025-10-29 10:23,1.43,6.45
2025-10-29 10:43,1.44,6.39
2025-10-29 11:03,1.44,6.46
2025-10-29 11:23,1.44,6.51
2025-10-29 11:43,1.44,6.5
2025-10-29 12:03,1.44,6.51
2025-10-29 12:23,1.44,6.51
2025-10-29 12:43,1.44,6.52
2025-10-29 13:03,1.44,6.52
2025-10-29 13:23,1.5,6.49
2025-10-29 13:43,1.55,6.51
2025-10-29 14:03,1.33,6.29
2025-10-29 14:23,1.27,6.37
2025-10-29 14:43,1.51,6.32
2025-10-29 15:03,1.87,5.88
2025-10-29 15:23,1.83,5.92
2025-10-29 15:43,1.83,5.84
2025-10-29 16:03,1.85,5.72
2025-10-29 16:23,1.57,5.65
2025-10-29 16:43,1.4,5.93
2025-10-29 17:03,1.39,6.26
2025-10-29 17:23,1.39,6.16
2025-10-29 17:43,1.39,6.21
2025-10-29 18:03,1.39,6.23
2025-10-29 18:23,1.39,6.23
2025-10-29 18:43,1.39,6.28
2025-10-29 19:03,1.39,6.18
2025-10-29 19:23,1.39,6.17
2025-10-29 19:43,1.39,6.01
2025-10-29 20:03,1.39,6.01
2025-10-29 20:23,1.39,6.0
2025-10-29 20:43,1.4,6.02
2025-10-29 21:03,1.4,6.0
2025-10-29 21:23,1.4,6.06
2025-10-29 21:43,1.4,6.15
2025-10-29 22:03,1.4,6.27
2025-10-29 22:23,1.4,6.3
2025-10-29 22:43,1.4,6.3
2025-10-29 23:03,1.4,6.28
2025-10-29 23:23,1.4,6.24
2025-10-29 23:43,1.4,6.14
2025-10-30 00:03,1.41,6.06
2025-10-30 00:23,1.4,6.14
2025-10-30 00:43,1.41,6.28
2025-10-30 01:03,1.41,6.28
2025-10-30 01:23,1.41,6.26
2025-10-30 01:43,1.41,6.32
2025-10-30 02:03,1.41,6.36
2025-10-30 02:23,1.41,6.32
2025-10-30 02:43,1.41,6.08
2025-10-30 03:03,1.41,6.14
2025-10-30 03:23,1.41,6.16
2025-10-30 03:43,1.41,6.18
2025-10-30 04:03,1.41,6.18
2025-10-30 04:23,1.41,6.19
2025-10-30 04:43,1.41,6.34
2025-10-30 05:03,1.41,6.39
2025-10-30 05:23,1.41,6.23
2025-10-30 05:43,1.41,6.3
2025-10-30 06:03,1.41,6.26
2025-10-30 06:23,1.41,6.27
2025-10-30 06:43,1.41,6.43
2025-10-30 07:03,1.41,6.45
2025-10-30 07:23,1.41,6.51
2025-10-30 07:43,1.42,6.5
2025-10-30 08:03,1.42,6.5
2025-10-30 08:23,1.43,6.5
2025-10-30 08:43,1.42,6.52
2025-10-30 09:03,1.42,6.51
2025-10-30 09:26,1.42,6.32
2025-10-30 09:46,1.42,6.37
2025-10-30 10:06,1.42,6.38
2025-10-30 10:26,1.41,6.4
2025-10-30 10:46,1.42,6.38
2025-10-30 11:06,1.42,6.34
2025-10-30 11:26,1.43,6.32
2025-10-30 11:46,1.43,6.33
2025-10-30 12:06,1.43,6.34
2025-10-30 12:26,1.43,6.35
2025-10-30 12:46,1.43,6.36
2025-10-30 13:06,1.43,6.37
2025-10-30 13:26,1.59,6.35
2025-10-30 13:46,1.52,6.34
2025-10-30 14:06,1.65,6.34
2025-10-30 14:26,1.59,6.35
2025-10-30 14:46,1.41,6.06
2025-10-30 15:06,1.41,6.02
2025-10-30 15:26,1.43,6.0
2025-10-30 15:46,1.43,6.01
2025-10-30 16:06,1.42,6.02
2025-10-30 16:26,1.37,6.07
2025-10-30 16:46,1.37,5.93
2025-10-30 17:06,1.37,5.91
2025-10-30 17:26,1.37,5.87
2025-10-30 17:46,1.37,5.89
2025-10-30 18:06,1.37,5.99
2025-10-30 18:26,1.36,5.59
2025-10-30 18:46,1.37,5.57
2025-10-30 19:06,1.37,5.71
2025-10-30 19:26,1.37,5.8
2025-10-30 19:46,1.37,5.82
2025-10-30 20:06,1.37,5.82
2025-10-30 20:26,1.37,5.79
2025-10-30 20:46,1.37,5.56
2025-10-30 21:06,1.37,5.85
2025-10-30 21:26,1.37,5.59
2025-10-30 21:46,1.37,5.58
2025-10-30 22:06,1.37,5.73
2025-10-30 22:26,1.37,5.85
2025-10-30 22:46,1.37,5.99
2025-10-30 23:06,1.38,6.03
2025-10-30 23:26,1.38,6.04
2025-10-30 23:46,1.38,6.05
2025-10-31 00:06,1.38,6.07
2025-10-31 00:26,1.38,6.08
2025-10-31 00:46,1.38,6.11
2025-10-31 01:06,1.38,6.13
2025-10-31 01:26,1.38,6.13
2025-10-31 01:46,1.38,6.15
2025-10-31 02:06,1.38,6.43
2025-10-31 02:26,1.38,6.36
2025-10-31 02:46,1.38,6.19
2025-10-31 03:06,1.38,6.08
2025-10-31 03:26,1.38,6.07
2025-10-31 03:46,1.38,6.03
2025-10-31 04:06,1.38,6.07
2025-10-31 04:26,1.38,6.07
2025-10-31 04:46,1.38,6.11
2025-10-31 05:06,1.38,6.05
2025-10-31 05:26,1.38,6.07
2025-10-31 05:46,1.38,6.26
2025-10-31 06:06,1.38,6.28
2025-10-31 06:26,1.38,6.31
2025-10-31 06:46,1.38,6.07
2025-10-31 07:06,1.38,6.3
2025-10-31 07:26,1.38,6.26
2025-10-31 07:46,1.38,6.25
2025-10-31 08:06,1.39,6.25
2025-10-31 08:26,1.39,6.27
2025-10-31 08:46,1.39,6.29
2025-10-31 09:06,1.39,6.27
2025-10-31 09:26,1.39,6.26
2025-10-31 09:46,1.39,6.21
2025-10-31 10:06,1.39,6.07
2025-10-31 10:26,1.39,6.11
2025-10-31 10:46,1.39,6.13
2025-10-31 11:06,1.39,6.14
2025-10-31 11:26,1.39,6.16
2025-10-31 11:46,1.39,6.17
2025-10-31 12:06,1.39,6.18
2025-10-31 12:26,1.39,6.19
2025-10-31 12:46,1.39,6.19
2025-10-31 13:06,1.39,6.18
2025-10-31 13:26,1.47,6.11
2025-10-31 13:46,1.5,6.07
2025-10-31 14:06,0.96,6.59
2025-10-31 14:26,1.17,6.35
2025-10-31 14:46,1.44,4.46
2025-10-31 15:06,1.39,4.33
2025-10-31 15:26,1.18,5.48
2025-10-31 15:46,1.18,5.71
2025-10-31 16:06,1.19,5.8
2025-10-31 16:26,1.2,5.89
2025-10-31 16:46,1.31,5.85
2025-10-31 17:06,1.3,5.74
2025-10-31 17:26,1.29,5.69
2025-10-31 17:46,1.29,5.79
2025-10-31 18:06,1.27,5.9
2025-10-31 18:26,1.26,5.79
2025-10-31 18:46,1.26,5.83
2025-10-31 19:06,1.27,5.85
2025-10-31 19:26,1.27,5.83
2025-10-31 19:46,1.27,5.84
2025-10-31 20:06,1.27,5.84
2025-10-31 20:26,1.27,6.12
2025-10-31 20:46,1.27,5.96
2025-10-31 21:06,1.27,6.2
2025-10-31 21:26,1.27,6.14
2025-10-31 21:46,1.27,6.1
2025-10-31 22:06,1.27,6.0
2025-10-31 22:26,1.27,6.12
2025-10-31 22:46,1.27,6.22
2025-10-31 23:06,1.27,6.29
2025-10-31 23:26,1.27,6.34
2025-10-31 23:46,1.27,6.36
2025-11-01 00:06,1.27,6.42
2025-11-01 00:26,1.27,6.41
2025-11-01 00:46,1.27,6.44
2025-11-01 01:06,1.27,6.46
2025-11-01 01:26,1.27,6.43
2025-11-01 01:46,1.27,6.25
2025-11-01 02:06,1.28,6.23
2025-11-01 02:26,1.28,6.4
2025-11-01 02:46,1.28,6.45
2025-11-01 03:06,1.28,6.54
2025-11-01 03:26,1.28,6.57
2025-11-01 03:46,1.28,6.6
2025-11-01 04:06,1.28,6.6
2025-11-01 04:26,1.28,6.58
2025-11-01 04:46,1.28,6.58
2025-11-01 05:06,1.28,6.54
2025-11-01 05:26,1.28,6.49
2025-11-01 05:46,1.28,6.45
2025-11-01 06:06,1.28,6.89
2025-11-01 06:26,1.28,6.79
2025-11-01 06:46,1.28,6.5
2025-11-01 07:06,1.28,6.74
2025-11-01 07:26,1.29,6.7
2025-11-01 07:46,1.29,6.68
2025-11-01 08:06,1.29,6.67
2025-11-01 08:26,1.29,6.66
2025-11-01 08:46,1.29,6.64
2025-11-01 09:06,1.29,6.64
2025-11-01 09:26,1.29,6.62
2025-11-01 09:46,1.29,6.62
2025-11-01 10:06,1.29,6.65
2025-11-01 10:26,1.29,6.62
2025-11-01 10:46,1.29,6.54
2025-11-01 11:06,1.29,6.44
2025-11-01 11:26,1.29,6.43
2025-11-01 11:46,1.29,6.35
2025-11-01 12:06,1.29,6.33
2025-11-01 12:26,1.29,6.31
2025-11-01 12:46,1.29,6.3
2025-11-01 13:06,1.3,6.31
2025-11-01 13:26,1.41,6.37
2025-11-01 13:46,1.47,6.33
2025-11-01 14:06,1.45,6.37
2025-11-01 14:26,1.41,6.38
2025-11-01 14:46,1.42,6.42
2025-11-01 15:06,1.45,6.43
2025-11-01 15:26,1.4,6.46
2025-11-01 15:46,1.4,6.39
2025-11-01 16:06,1.45,6.5
2025-11-01 16:26,1.3,6.44
2025-11-01 16:46,1.3,6.56
2025-11-01 17:06,1.3,6.55
2025-11-01 17:26,1.3,6.55
2025-11-01 17:46,1.3,6.56
2025-11-01 18:06,1.3,6.56
2025-11-01 18:26,1.3,6.56
2025-11-01 18:46,1.3,6.57
2025-11-01 19:06,1.3,6.55
2025-11-01 19:26,1.3,6.57
2025-11-01 19:46,1.3,6.55
2025-11-01 20:06,1.3,6.54
2025-11-01 20:26,1.3,6.4
2025-11-01 20:46,1.3,6.53
2025-11-01 21:06,1.3,6.44
2025-11-01 21:26,1.3,6.36
2025-11-01 21:46,1.3,6.29
2025-11-01 22:06,1.3,6.37
2025-11-01 22:26,1.3,6.55
2025-11-01 22:46,1.3,6.61
2025-11-01 23:06,1.3,6.63
2025-11-01 23:26,1.3,6.63
2025-11-01 23:46,1.3,6.64
2025-11-02 00:06,1.3,6.65
2025-11-02 00:26,1.3,6.65
2025-11-02 00:46,1.3,6.65
2025-11-02 01:06,1.3,6.67
2025-11-02 01:26,1.3,6.69
2025-11-02 01:46,1.3,6.7
2025-11-02 02:06,1.3,6.67
2025-11-02 02:26,1.3,6.48
2025-11-02 02:46,1.3,6.38
2025-11-02 03:06,1.31,6.39
2025-11-02 03:26,1.31,6.4
2025-11-02 03:46,1.31,6.42
2025-11-02 04:06,1.31,6.41
2025-11-02 04:26,1.31,6.58
2025-11-02 04:46,1.31,6.7
2025-11-02 05:06,1.31,6.75
2025-11-02 05:26,1.31,6.75
2025-11-02 05:46,1.31,6.75
2025-11-02 06:06,1.31,6.73
2025-11-02 06:26,1.31,6.72
2025-11-02 06:46,1.31,6.7
2025-11-02 07:06,1.31,6.68
2025-11-02 07:26,1.31,6.66
2025-11-02 07:46,1.31,6.64
2025-11-02 08:06,1.31,6.62
2025-11-02 08:26,1.31,6.64
2025-11-02 08:46,1.31,6.63
2025-11-02 09:06,1.31,6.63
2025-11-02 09:26,1.31,6.64
2025-11-02 09:46,1.31,6.66
2025-11-02 10:06,1.31,6.63
2025-11-02 10:26,1.31,6.59
2025-11-02 10:46,1.31,6.62
2025-11-02 11:06,1.31,6.55
2025-11-02 11:26,1.31,6.44
2025-11-02 11:46,1.31,6.41
2025-11-02 12:06,1.31,6.38
2025-11-02 12:26,1.31,6.39
2025-11-02 12:46,1.31,6.46
2025-11-02 13:06,1.31,6.53
2025-11-02 13:26,1.43,6.38
2025-11-02 13:46,1.4,6.44
2025-11-02 14:06,1.41,6.38
2025-11-02 14:26,1.38,6.5
2025-11-02 14:46,1.42,6.51
2025-11-02 15:06,1.41,6.56
2025-11-02 15:26,1.44,6.59
2025-11-02 15:46,1.39,6.59
2025-11-02 16:06,1.42,6.6
2025-11-02 16:26,1.32,6.68
2025-11-02 16:46,1.32,6.67
2025-11-02 17:06,1.32,6.64
2025-11-02 17:26,1.32,6.65
2025-11-02 17:46,1.32,6.64
2025-11-02 18:06,1.32,6.64
2025-11-02 18:26,1.32,6.67
2025-11-02 18:46,1.32,6.68
2025-11-02 19:06,1.32,6.68
2025-11-02 19:26,1.33,6.7
2025-11-02 19:46,1.32,6.65
2025-11-02 20:06,1.32,6.66
2025-11-02 20:26,1.32,6.5
2025-11-02 20:46,1.32,6.4
2025-11-02 21:06,1.31,6.7
2025-11-02 21:26,1.31,6.71
2025-11-02 21:46,1.31,6.64
2025-11-02 22:06,1.32,6.32
2025-11-02 22:26,1.32,6.46
2025-11-02 22:46,1.32,6.6
2025-11-02 23:06,1.32,6.65
2025-11-02 23:26,1.32,6.67
2025-11-02 23:46,1.32,6.7
2025-11-03 00:06,1.32,6.73
2025-11-03 00:26,1.32,6.77
2025-11-03 00:46,1.32,6.77
2025-11-03 01:06,1.32,6.68
2025-11-03 01:26,1.32,6.58
2025-11-03 01:46,1.32,6.59
2025-11-03 02:06,1.32,6.71
2025-11-03 02:26,1.32,6.8
2025-11-03 02:46,1.32,6.84
2025-11-03 03:06,1.32,6.85
2025-11-03 03:26,1.32,6.86
2025-11-03 03:46,1.32,6.88
2025-11-03 04:06,1.32,6.78
2025-11-03 04:26,1.32,6.83
2025-11-03 04:46,1.32,6.82
2025-11-03 05:06,1.32,6.48
2025-11-03 05:26,1.32,6.24
2025-11-03 05:46,1.32,6.26
2025-11-03 06:06,1.32,6.2
2025-11-03 06:26,1.32,6.19
2025-11-03 06:46,1.32,6.85
2025-11-03 07:06,1.32,6.59
2025-11-03 07:26,1.32,6.71
2025-11-03 07:46,1.32,6.83
2025-11-03 08:06,1.32,6.85
2025-11-03 08:26,1.32,6.83
2025-11-03 08:46,1.32,6.81
2025-11-03 09:06,1.32,6.8
2025-11-03 09:26,1.32,6.79
2025-11-03 09:46,1.32,6.77
2025-11-03 10:06,1.32,6.78
2025-11-03 10:26,1.32,6.7
2025-11-03 10:46,1.32,6.52
2025-11-03 11:06,1.32,6.54
2025-11-03 11:26,1.32,6.52
2025-11-03 11:46,1.32,6.65
2025-11-03 12:06,1.32,6.7
2025-11-03 12:26,1.32,6.71
2025-11-03 12:46,1.32,6.61
2025-11-03 13:06,1.32,6.43
2025-11-03 13:26,1.36,6.46
2025-11-03 13:46,1.38,6.56
2025-11-03 14:06,1.35,6.58
2025-11-03 14:26,1.25,5.85
2025-11-03 14:46,1.26,5.64
2025-11-03 15:06,1.26,5.72
2025-11-03 15:26,1.26,5.66
2025-11-03 15:46,1.26,5.63
2025-11-03 16:06,1.26,5.62
2025-11-03 16:26,1.24,5.8
2025-11-03 16:46,1.24,5.83
2025-11-03 17:06,1.24,5.82
2025-11-03 17:26,1.24,5.8
2025-11-03 17:46,1.24,5.8
2025-11-03 18:06,1.24,5.77
2025-11-03 18:26,1.24,5.62
2025-11-03 18:46,1.24,5.52
2025-11-03 19:06,1.24,5.52
2025-11-03 19:26,1.24,5.5
2025-11-03 19:46,1.24,5.54
2025-11-03 20:06,1.24,5.62
2025-11-03 20:26,1.24,5.66
2025-11-03 20:46,1.24,5.69
2025-11-03 21:06,1.24,5.47
2025-11-03 21:26,1.24,5.56
2025-11-03 21:46,1.24,5.71
2025-11-03 22:06,1.24,5.74
2025-11-03 22:26,1.24,5.74
2025-11-03 22:46,1.24,5.75
2025-11-03 23:06,1.24,5.88
2025-11-03 23:26,1.24,5.72
2025-11-03 23:46,1.24,5.62
2025-11-04 00:06,1.24,5.62
2025-11-04 00:26,1.24,5.67
2025-11-04 00:46,1.24,5.79
2025-11-04 01:06,1.24,5.82
2025-11-04 01:26,1.24,5.89
2025-11-04 01:46,1.24,5.94
2025-11-04 02:06,1.24,5.94
2025-11-04 02:26,1.24,5.93
2025-11-04 02:46,1.24,5.95
2025-11-04 03:06,1.24,5.97
2025-11-04 03:26,1.24,5.96
2025-11-04 03:46,1.24,5.97
2025-11-04 04:06,1.24,5.99
2025-11-04 04:26,1.24,5.75
2025-11-04 04:46,1.24,5.87
2025-11-04 05:06,1.24,5.84
2025-11-04 05:26,1.24,5.83
2025-11-04 05:46,1.24,5.59
2025-11-04 06:06,1.24,5.47
2025-11-04 06:26,1.24,5.34
2025-11-04 06:46,1.24,5.86
2025-11-04 07:06,1.24,5.82
2025-11-04 07:26,1.24,5.84
2025-11-04 07:46,1.24,5.82
2025-11-04 08:06,1.24,5.82
2025-11-04 08:26,1.24,5.83
2025-11-04 08:46,1.24,5.81
2025-11-04 09:06,1.24,5.78
2025-11-04 09:26,1.24,5.73
2025-11-04 09:46,1.24,5.7
2025-11-04 10:06,1.24,5.69
2025-11-04 10:26,1.24,5.69
2025-11-04 10:46,1.24,5.69
2025-11-04 11:06,1.22,5.68
2025-11-04 11:26,1.2,5.8
2025-11-04 11:46,1.2,5.59
2025-11-04 12:06,1.2,5.38
2025-11-04 12:26,1.2,5.36
2025-11-04 12:46,1.2,5.33
2025-11-04 13:06,1.2,5.32
2025-11-04 13:26,1.28,5.35
2025-11-04 13:46,1.26,5.37
2025-11-04 14:06,1.24,5.49
2025-11-04 14:26,1.25,5.43
2025-11-04 14:46,1.25,5.39
2025-11-04 15:06,1.24,5.39
2025-11-04 15:26,1.25,5.39
2025-11-04 15:46,1.25,5.38
2025-11-04 16:06,1.25,5.41
2025-11-04 16:26,1.21,5.64
2025-11-04 16:46,1.2,5.83
2025-11-04 17:06,1.19,5.21
2025-11-04 17:26,1.19,5.15
2025-11-04 17:46,1.18,4.88
2025-11-04 18:06,1.19,4.88
2025-11-04 18:26,1.19,4.93
2025-11-04 18:46,1.19,4.92
2025-11-04 19:06,1.19,4.87
2025-11-04 19:26,1.19,4.8
2025-11-04 19:46,1.19,4.85
2025-11-04 20:06,1.19,4.86
2025-11-04 20:26,1.19,5.56
2025-11-04 20:46,1.19,5.27
2025-11-04 21:06,1.19,5.45
2025-11-04 21:26,1.19,5.25
2025-11-04 21:46,1.19,5.42
2025-11-04 22:06,1.19,5.56
2025-11-04 22:26,1.19,5.63
2025-11-04 22:46,1.19,5.68
2025-11-04 23:06,1.19,5.53
2025-11-04 23:26,1.19,5.56
2025-11-04 23:46,1.19,5.51
2025-11-05 00:06,1.19,5.41
2025-11-05 00:26,1.19,5.31
2025-11-05 00:46,1.2,5.31
2025-11-05 01:06,1.2,5.6
2025-11-05 01:26,1.2,5.72
2025-11-05 01:46,1.2,5.79
2025-11-05 02:06,1.2,5.79
2025-11-05 02:26,1.2,5.81
2025-11-05 02:46,1.2,5.83
2025-11-05 03:06,1.2,5.83
2025-11-05 03:26,1.2,5.83
2025-11-05 03:46,1.2,5.85
2025-11-05 04:06,1.2,5.85
2025-11-05 04:26,1.2,5.86
2025-11-05 04:46,1.2,5.87
2025-11-05 05:06,1.2,5.88
2025-11-05 05:26,1.2,5.85
2025-11-05 05:46,1.2,5.8
2025-11-05 06:06,1.2,5.64
2025-11-05 06:26,1.2,5.36
2025-11-05 06:46,1.2,5.79
2025-11-05 07:06,1.2,5.66
2025-11-05 07:26,1.2,5.78
2025-11-05 07:46,1.2,5.78
2025-11-05 08:06,1.2,5.77
2025-11-05 08:26,1.2,5.75
2025-11-05 08:46,1.2,5.75
2025-11-05 09:06,1.2,5.73
2025-11-05 09:26,1.2,5.71
2025-11-05 09:46,1.2,5.66
2025-11-05 10:06,1.2,5.6
2025-11-05 10:26,1.2,5.59
2025-11-05 10:46,1.2,5.58
2025-11-05 11:06,1.21,5.58
2025-11-05 11:26,1.21,5.58
2025-11-05 11:46,1.21,5.58
2025-11-05 12:06,1.21,5.58
2025-11-05 12:26,1.21,5.5
2025-11-05 12:46,1.21,5.33
2025-11-05 13:06,1.21,5.27
2025-11-05 13:26,1.24,5.3
2025-11-05 13:46,1.27,5.32
2025-11-05 14:06,1.26,5.35
2025-11-05 14:26,1.65,5.23
2025-11-05 14:46,1.5,5.28
2025-11-05 15:06,1.46,5.33
2025-11-05 15:26,1.47,5.38
2025-11-05 15:46,1.48,5.43
2025-11-05 16:06,1.46,5.43
2025-11-05 16:26,1.41,5.44
2025-11-05 16:46,1.39,5.49
2025-11-05 17:06,1.39,5.32
2025-11-05 17:35,1.39,5.32
2025-11-05 18:12,1.39,5.66
2025-11-05 18:35,1.39,5.45
2025-11-05 18:55,1.39,5.6
2025-11-05 19:15,1.39,5.64
2025-11-05 19:35,1.39,5.4
2025-11-05 19:55,1.39,5.36
2025-11-05 20:15,1.39,5.38
2025-11-05 20:35,1.39,5.67
2025-11-05 20:55,1.39,5.38
2025-11-05 21:15,1.39,5.25
2025-11-05 21:35,1.39,5.45
2025-11-05 21:55,1.39,5.48
2025-11-05 22:15,1.39,5.7
2025-11-05 22:35,1.39,5.77
2025-11-05 22:55,1.39,5.79
2025-11-05 23:15,1.4,5.81
2025-11-05 23:35,1.4,5.84
2025-11-05 23:55,1.4,5.89
2025-11-06 00:15,1.4,5.89
2025-11-06 00:35,1.4,5.75
2025-11-06 00:55,1.4,5.68
2025-11-06 01:15,1.4,5.62
2025-11-06 01:35,1.4,5.66
2025-11-06 01:55,1.4,5.71
2025-11-06 02:15,1.4,5.86
2025-11-06 02:35,1.4,5.89
2025-11-06 02:55,1.4,5.95
2025-11-06 03:15,1.4,5.99
2025-11-06 03:35,1.4,5.98
2025-11-06 03:55,1.4,5.98
2025-11-06 04:15,1.4,6.02
2025-11-06 04:35,1.4,6.01
2025-11-06 04:55,1.4,6.04
2025-11-06 05:15,1.4,6.05
2025-11-06 05:35,1.4,6.07
2025-11-06 05:55,1.4,6.04
2025-11-06 06:15,1.4,5.88
2025-11-06 06:35,1.4,6.05
2025-11-06 06:55,1.4,5.82
2025-11-06 07:15,1.4,5.79
2025-11-06 07:35,1.4,6.03
2025-11-06 07:55,1.4,6.05
2025-11-06 08:15,1.4,6.04
2025-11-06 08:35,1.4,6.03
2025-11-06 08:55,1.4,6.03
2025-11-06 09:15,1.41,6.02
2025-11-06 09:35,1.41,6.02
2025-11-06 09:55,1.41,6.02
2025-11-06 10:13,1.41,6.06
2025-11-06 10:33,1.41,6.02
2025-11-06 10:53,1.41,6.0
2025-11-06 11:13,1.41,5.96
2025-11-06 11:33,1.41,5.93
2025-11-06 11:53,1.41,5.93
2025-11-06 12:13,1.41,5.91
2025-11-06 12:33,1.41,5.92
2025-11-06 12:53,1.41,5.93
2025-11-06 13:13,1.75,5.94
2025-11-06 13:33,1.92,5.94
2025-11-06 13:53,1.74,5.92
2025-11-06 14:13,1.8,5.89
2025-11-06 14:33,1.7,5.63
2025-11-06 14:53,1.89,5.68
2025-11-06 15:13,1.86,5.89
2025-11-06 15:33,1.81,5.68
2025-11-06 15:53,1.85,5.54
2025-11-06 16:13,1.4,5.37
2025-11-06 16:33,1.37,5.43
2025-11-06 16:53,1.29,6.05
2025-11-06 17:13,1.29,5.82
2025-11-06 17:33,1.29,5.68
2025-11-06 17:53,1.29,5.62
2025-11-06 18:13,1.29,5.64
2025-11-06 18:33,1.29,5.82
2025-11-06 18:53,1.28,5.81
2025-11-06 19:13,1.28,5.74
2025-11-06 19:33,1.28,5.73
2025-11-06 19:53,1.28,5.78
2025-11-06 20:13,1.28,5.78
2025-11-06 20:33,1.28,5.92
2025-11-06 20:53,1.28,5.87
2025-11-06 21:13,1.28,5.73
2025-11-06 21:33,1.28,5.76
2025-11-06 21:53,1.28,5.86
2025-11-06 22:13,1.28,5.91
2025-11-06 22:33,1.28,5.99
2025-11-06 22:53,1.28,6.03
2025-11-06 23:13,1.28,6.05
2025-11-06 23:33,1.29,6.07
2025-11-06 23:53,1.29,6.1
2025-11-07 00:13,1.29,6.08
2025-11-07 00:33,1.29,5.96
2025-11-07 00:53,1.29,5.85
2025-11-07 01:13,1.29,5.82
2025-11-07 01:33,1.28,5.83
2025-11-07 01:53,1.28,5.83
2025-11-07 02:13,1.29,5.86
2025-11-07 02:33,1.29,5.89
2025-11-07 02:53,1.29,5.95
2025-11-07 03:13,1.29,5.96
2025-11-07 03:33,1.29,6.18
2025-11-07 03:53,1.29,6.2
2025-11-07 04:13,1.29,6.22
2025-11-07 04:33,1.29,6.26
2025-11-07 04:53,1.29,6.27
2025-11-07 05:13,1.29,6.23
2025-11-07 05:33,1.29,6.11
2025-11-07 05:53,1.29,6.14
2025-11-07 06:13,1.29,6.16
2025-11-07 06:33,1.29,5.71
2025-11-07 06:53,1.3,6.22
2025-11-07 07:13,1.3,5.91
2025-11-07 07:33,1.3,5.97
2025-11-07 07:53,1.3,6.1
2025-11-07 08:13,1.3,5.95
2025-11-07 08:33,1.3,5.9
2025-11-07 08:53,1.3,5.87
2025-11-07 09:13,1.3,5.94
2025-11-07 09:33,1.3,6.12
2025-11-07 09:53,1.3,6.08
2025-11-07 10:13,1.3,6.02
2025-11-07 10:33,1.3,5.94
2025-11-07 10:53,1.3,5.91
2025-11-07 11:13,1.3,5.89
2025-11-07 11:33,1.3,5.85
2025-11-07 11:53,1.3,5.79
2025-11-07 12:13,1.3,5.64
2025-11-07 12:33,1.3,5.59
2025-11-07 12:53,1.3,5.57
2025-11-07 13:13,1.51,5.54
2025-11-07 13:33,1.59,5.4
2025-11-07 13:53,1.5,5.34
2025-11-07 14:13,1.58,5.31
2025-11-07 14:33,1.53,5.28
2025-11-07 14:53,1.6,5.36
2025-11-07 15:13,1.52,5.29
2025-11-07 15:33,1.53,5.27
2025-11-07 15:53,1.57,5.29
2025-11-07 16:13,1.28,5.51
2025-11-07 16:33,1.14,5.52
2025-11-07 16:53,1.14,5.48
2025-11-07 17:13,1.14,5.3
2025-11-07 17:33,1.14,5.22
2025-11-07 17:53,1.14,5.24
2025-11-07 18:13,1.15,5.24
2025-11-07 18:33,1.15,5.25
2025-11-07 18:53,1.15,5.27
2025-11-07 19:13,1.15,5.25
2025-11-07 19:33,1.15,5.24
2025-11-07 19:53,1.15,5.21
2025-11-07 20:13,1.15,5.21
2025-11-07 20:33,1.15,5.23
2025-11-07 20:53,1.15,5.05
2025-11-07 21:13,1.15,4.96
2025-11-07 21:33,1.15,5.08
2025-11-07 21:53,1.15,5.56
2025-11-07 22:13,1.15,5.6
2025-11-07 22:33,1.15,5.64
2025-11-07 22:53,1.14,5.65
2025-11-07 23:13,1.15,5.53
2025-11-07 23:33,1.15,5.38
2025-11-07 23:53,1.15,5.44
2025-11-08 00:13,1.15,5.57
2025-11-08 00:33,1.15,5.42
2025-11-08 00:53,1.15,5.43
2025-11-08 01:13,1.15,5.44
2025-11-08 01:33,1.15,5.6
2025-11-08 01:53,1.15,5.58
2025-11-08 02:13,1.15,5.66
2025-11-08 02:33,1.15,5.76
2025-11-08 02:53,1.15,5.65
2025-11-08 03:13,1.15,5.29
2025-11-08 03:33,1.15,5.13
2025-11-08 03:53,1.15,5.07
2025-11-08 04:13,1.15,5.02
2025-11-08 04:33,1.15,5.03
2025-11-08 04:53,1.15,5.17
2025-11-08 05:13,1.15,5.34
2025-11-08 05:33,1.15,5.15
2025-11-08 05:53,1.15,5.0
2025-11-08 06:13,1.15,4.95
2025-11-08 06:33,1.15,5.18
2025-11-08 06:53,1.15,5.58
2025-11-08 07:13,1.15,5.51
2025-11-08 07:33,1.15,5.63
2025-11-08 07:53,1.15,5.66
2025-11-08 08:13,1.15,5.63
2025-11-08 08:33,1.15,5.61
2025-11-08 08:53,1.15,5.5
2025-11-08 09:13,1.15,5.42
2025-11-08 09:33,1.15,5.43
2025-11-08 09:53,1.15,5.37
2025-11-08 10:13,1.15,5.36
2025-11-08 10:33,1.15,5.34
2025-11-08 10:53,1.15,5.34
2025-11-08 11:13,1.15,5.33
2025-11-08 11:33,1.15,5.35
2025-11-08 11:53,1.15,5.31
2025-11-08 12:13,1.15,5.36
2025-11-08 12:33,1.15,5.34
2025-11-08 12:53,1.15,5.3
2025-11-08 13:13,1.3,5.24
2025-11-08 13:33,1.28,5.23
2025-11-08 13:53,1.27,5.25
2025-11-08 14:13,1.29,5.22
2025-11-08 14:33,1.28,5.21
2025-11-08 14:53,1.41,5.2
2025-11-08 15:13,1.39,5.23
2025-11-08 15:33,1.35,5.22
2025-11-08 15:53,1.39,5.2
2025-11-08 16:13,1.16,5.29
2025-11-08 16:33,1.16,5.4
2025-11-08 16:53,1.16,5.4
2025-11-08 17:13,1.16,5.42
2025-11-08 17:33,1.16,5.43
2025-11-08 17:53,1.16,5.41
2025-11-08 18:13,1.16,5.42
2025-11-08 18:33,1.16,5.4
2025-11-08 18:53,1.16,5.23
2025-11-08 19:13,1.16,5.35
2025-11-08 19:33,1.16,5.19
2025-11-08 19:53,1.16,5.19
2025-11-08 20:13,1.16,5.23
2025-11-08 20:33,1.16,5.22
2025-11-08 20:53,1.15,5.43
2025-11-08 21:13,1.15,5.43
2025-11-08 21:33,1.15,5.43
2025-11-08 21:53,1.15,5.45
2025-11-08 22:13,1.15,5.47
2025-11-08 22:33,1.15,5.51
2025-11-08 22:53,1.15,5.56
2025-11-08 23:13,1.15,5.5
2025-11-08 23:33,1.15,5.39
2025-11-08 23:53,1.15,5.31
2025-11-09 00:13,1.15,5.38
2025-11-09 00:33,1.15,5.54
2025-11-09 00:53,1.15,5.59
2025-11-09 01:13,1.15,5.59
2025-11-09 01:33,1.15,5.65
2025-11-09 01:53,1.15,5.65
2025-11-09 02:13,1.15,5.64
2025-11-09 02:33,1.15,5.52
2025-11-09 02:53,1.16,5.29
2025-11-09 03:13,1.16,5.09
2025-11-09 03:33,1.15,5.12
2025-11-09 03:53,1.16,5.11
2025-11-09 04:13,1.16,5.04
2025-11-09 04:33,1.16,5.02
2025-11-09 04:53,1.15,4.92
2025-11-09 05:13,1.16,4.84
2025-11-09 05:33,1.15,4.86
2025-11-09 05:53,1.15,4.82
2025-11-09 06:13,1.15,4.81
2025-11-09 06:33,1.15,4.88
2025-11-09 06:53,1.15,5.63
2025-11-09 07:13,1.16,5.33
2025-11-09 07:33,1.15,5.46
2025-11-09 07:53,1.16,5.52
2025-11-09 08:13,1.16,5.44
2025-11-09 08:33,1.16,5.38
2025-11-09 08:53,1.16,5.35
2025-11-09 09:13,1.16,5.43
2025-11-09 09:33,1.16,5.45
2025-11-09 09:53,1.16,5.41
2025-11-09 10:13,1.16,5.21
2025-11-09 10:33,1.17,5.23
2025-11-09 10:53,1.17,5.25
2025-11-09 11:13,1.17,5.26
2025-11-09 11:33,1.17,5.17
2025-11-09 11:53,1.17,5.1
2025-11-09 12:13,1.16,5.09
2025-11-09 12:33,1.16,5.11
2025-11-09 12:53,1.16,5.08
2025-11-09 13:13,1.3,5.11
2025-11-09 13:33,1.29,5.3
2025-11-09 13:53,1.33,5.23
2025-11-09 14:13,1.31,5.08
2025-11-09 14:33,1.39,5.11
2025-11-09 14:53,1.33,5.15
2025-11-09 15:13,1.34,5.2
2025-11-09 15:33,1.31,5.2
2025-11-09 15:53,1.33,5.24
2025-11-09 16:13,1.16,5.08
2025-11-09 16:33,1.16,5.03
2025-11-09 16:53,1.16,5.16
2025-11-09 17:13,1.16,5.24
2025-11-09 17:33,1.16,5.27
2025-11-09 17:53,1.16,5.28
2025-11-09 18:13,1.16,5.3
2025-11-09 18:33,1.16,5.27
2025-11-09 18:53,1.16,5.3
2025-11-09 19:13,1.16,5.3
2025-11-09 19:33,1.16,5.32
2025-11-09 19:53,1.16,5.33
2025-11-09 20:13,1.16,5.3
2025-11-09 20:33,1.16,5.02
2025-11-09 20:53,1.16,5.19
2025-11-09 21:13,1.16,5.07
2025-11-09 21:33,1.16,4.87
2025-11-09 21:53,1.16,5.15
2025-11-09 22:13,1.16,5.22
2025-11-09 22:33,1.16,5.3
2025-11-09 22:53,1.16,5.33
2025-11-09 23:13,1.16,5.36
2025-11-09 23:33,1.16,5.38
2025-11-09 23:53,1.16,5.41
2025-11-10 00:13,1.16,5.43
2025-11-10 00:33,1.16,5.37
2025-11-10 00:53,1.16,5.25
2025-11-10 01:13,1.16,5.23
2025-11-10 01:33,1.16,5.24
2025-11-10 01:53,1.16,5.26
2025-11-10 02:13,1.16,5.23
2025-11-10 02:33,1.16,5.22
2025-11-10 02:53,1.16,5.21
2025-11-10 03:13,1.16,5.24
2025-11-10 03:33,1.16,5.32
2025-11-10 03:53,1.16,5.46
2025-11-10 04:13,1.16,5.49
2025-11-10 04:33,1.16,5.53
2025-11-10 04:53,1.16,5.57
2025-11-10 05:13,1.16,5.6
2025-11-10 05:33,1.16,5.6
2025-11-10 05:53,1.16,5.56
2025-11-10 06:13,1.16,5.56
2025-11-10 06:33,1.16,5.19
2025-11-10 06:53,1.16,5.54
2025-11-10 07:13,1.16,5.54
2025-11-10 07:33,1.16,5.42
2025-11-10 07:53,1.16,5.3
2025-11-10 08:13,1.16,5.36
2025-11-10 08:33,1.16,5.5
2025-11-10 08:53,1.16,5.51
2025-11-10 09:13,1.16,5.49
2025-11-10 09:33,1.16,5.48
2025-11-10 09:53,1.16,5.44
2025-11-10 10:13,1.16,5.32
2025-11-10 10:33,1.16,5.23
2025-11-10 10:53,1.16,5.29
2025-11-10 11:13,1.16,5.41
2025-11-10 11:33,1.16,5.45
2025-11-10 11:53,1.16,5.47
2025-11-10 12:13,1.16,5.42
2025-11-10 12:33,1.16,5.38
2025-11-10 12:53,1.16,5.48
2025-11-10 13:13,1.25,5.52
2025-11-10 13:33,1.27,5.52
2025-11-10 13:53,1.25,5.35
2025-11-10 14:13,1.27,5.47
2025-11-10 14:33,1.25,5.47
2025-11-10 14:53,1.25,5.48
2025-11-10 15:13,1.28,5.48
2025-11-10 15:33,1.22,5.47
2025-11-10 15:53,1.23,5.47
2025-11-10 16:13,1.2,5.46
2025-11-10 16:33,1.19,5.54
2025-11-10 16:53,1.19,5.7
2025-11-10 17:07,1.18,5.7
2025-11-10 17:27,1.18,5.41
2025-11-10 17:56,1.18,5.57
2025-11-10 18:16,1.18,5.59
2025-11-10 18:36,1.18,5.61
2025-11-10 18:56,1.18,5.4
2025-11-10 19:16,1.18,5.16
2025-11-10 19:36,1.18,5.14
2025-11-10 19:56,1.19,5.14
2025-11-10 20:16,1.19,5.28
2025-11-10 20:36,1.19,5.46
2025-11-10 20:56,1.19,5.71
2025-11-10 21:16,1.19,5.7
2025-11-10 21:36,1.19,5.68
2025-11-10 21:56,1.19,5.73
2025-11-10 22:16,1.19,5.73
2025-11-10 22:36,1.18,5.74
2025-11-10 22:56,1.18,5.64
2025-11-10 23:16,1.18,5.52
2025-11-10 23:36,1.18,5.47
2025-11-10 23:56,1.18,5.45
2025-11-11 00:16,1.18,5.53
2025-11-11 00:36,1.19,5.69
2025-11-11 00:56,1.19,5.75
2025-11-11 01:16,1.19,5.79
2025-11-11 01:36,1.19,5.83
2025-11-11 01:56,1.19,5.83
2025-11-11 02:16,1.19,5.84
2025-11-11 02:36,1.19,5.69
2025-11-11 02:56,1.19,5.58
2025-11-11 03:16,1.19,5.43
2025-11-11 03:36,1.19,5.26
2025-11-11 03:56,1.19,5.18
2025-11-11 04:16,1.19,5.13
2025-11-11 04:36,1.19,5.11
2025-11-11 04:56,1.19,5.1
2025-11-11 05:16,1.19,5.1
2025-11-11 05:36,1.19,5.05
2025-11-11 05:56,1.19,5.04
2025-11-11 06:16,1.19,5.02
2025-11-11 06:36,1.19,5.03
2025-11-11 06:56,1.19,5.79
2025-11-11 07:16,1.19,5.48
2025-11-11 07:36,1.19,5.51
2025-11-11 07:56,1.19,5.69
2025-11-11 08:16,1.19,5.68
2025-11-11 08:36,1.19,5.65
2025-11-11 08:56,1.19,5.62
2025-11-11 09:16,1.19,5.6
2025-11-11 09:36,1.19,5.54
2025-11-11 09:56,1.19,5.52
2025-11-11 10:16,1.19,5.51
2025-11-11 10:36,1.19,5.51
2025-11-11 10:56,1.19,5.5
2025-11-11 11:16,1.19,5.51
2025-11-11 11:36,1.19,5.52
2025-11-11 11:56,1.19,5.5
2025-11-11 12:16,1.2,5.37
2025-11-11 12:36,1.2,5.24
2025-11-11 12:56,1.19,5.25
2025-11-11 13:16,1.31,5.29
2025-11-11 13:36,1.28,5.32
2025-11-11 13:56,1.26,5.26
2025-11-11 14:16,1.25,5.23
2025-11-11 14:36,1.27,5.2
2025-11-11 14:56,1.27,5.19
2025-11-11 15:16,1.24,5.19
2025-11-11 15:36,1.25,5.16
2025-11-11 15:56,1.26,5.12
2025-11-11 16:16,1.2,5.27
2025-11-11 16:36,1.18,5.87
2025-11-11 16:56,1.16,6.03
2025-11-11 17:16,1.16,5.71
2025-11-11 17:36,1.16,5.66
2025-11-11 17:56,1.19,5.74
2025-11-11 18:16,1.19,5.85
2025-11-11 18:36,1.19,5.73
2025-11-11 18:56,1.19,5.66
2025-11-11 19:16,1.19,5.58
2025-11-11 19:36,1.19,5.42
2025-11-11 19:56,1.19,5.42
2025-11-11 20:16,1.19,5.29
2025-11-11 20:36,1.19,5.44
2025-11-11 20:56,1.19,5.13
2025-11-11 21:16,1.19,5.19
2025-11-11 21:36,1.19,5.18
2025-11-11 21:56,1.19,5.33
2025-11-11 22:16,1.19,5.45
2025-11-11 22:36,1.19,5.48
2025-11-11 22:56,1.19,5.51
2025-11-11 23:16,1.19,5.53
2025-11-11 23:36,1.19,5.55
2025-11-11 23:56,1.19,5.52
2025-11-12 00:16,1.19,5.39
2025-11-12 00:36,1.19,5.35
2025-11-12 00:56,1.19,5.31
2025-11-12 01:16,1.2,5.34
2025-11-12 01:36,1.2,5.41
2025-11-12 01:56,1.2,5.54
2025-11-12 02:16,1.2,5.64
2025-11-12 02:36,1.2,5.68
2025-11-12 02:56,1.2,6.04
2025-11-12 03:16,1.2,6.01
2025-11-12 03:36,1.2,6.02
2025-11-12 03:56,1.2,6.0
2025-11-12 04:16,1.2,5.99
2025-11-12 04:36,1.2,6.01
2025-11-12 04:56,1.2,6.0
2025-11-12 05:16,1.2,5.97
2025-11-12 05:36,1.2,5.99
2025-11-12 05:56,1.2,5.97
2025-11-12 06:16,1.2,5.52
2025-11-12 06:36,1.2,5.72
2025-11-12 06:56,1.2,5.79
2025-11-12 07:16,1.2,5.8
2025-11-12 07:36,1.2,5.94
2025-11-12 07:56,1.2,5.93
2025-11-12 08:16,1.2,5.92
2025-11-12 08:36,1.2,5.88
2025-11-12 08:56,1.2,5.86
2025-11-12 09:16,1.2,5.84
2025-11-12 09:36,1.2,5.78
2025-11-12 09:56,1.2,5.73
2025-11-12 10:16,1.2,5.66
2025-11-12 10:36,1.2,5.65
2025-11-12 10:56,1.21,5.68
2025-11-12 11:16,1.21,5.63
2025-11-12 11:36,1.21,5.48
2025-11-12 11:56,1.21,5.4
2025-11-12 12:16,1.21,5.41
2025-11-12 12:36,1.21,5.55
2025-11-12 12:56,1.21,5.5
2025-11-12 13:16,1.41,5.5
2025-11-12 13:36,1.37,5.55
2025-11-12 13:56,1.38,5.62
2025-11-12 14:16,1.5,5.71
2025-11-12 14:36,1.33,5.89
2025-11-12 14:56,1.32,5.82
2025-11-12 15:16,1.32,5.79
2025-11-12 15:36,1.35,5.76
2025-11-12 15:56,1.37,5.75
2025-11-12 16:16,1.21,5.96
2025-11-12 16:36,1.2,5.71
2025-11-12 16:56,1.2,5.59
2025-11-12 17:16,1.2,5.6
2025-11-12 17:36,1.21,5.55
2025-11-12 17:56,1.21,5.57
2025-11-12 18:16,1.21,5.57
2025-11-12 18:36,1.21,5.57
2025-11-12 18:56,1.21,5.54
2025-11-12 19:16,1.21,5.44
2025-11-12 19:36,1.21,5.44
2025-11-12 19:56,1.21,5.41
2025-11-12 20:16,1.21,5.37
2025-11-12 20:36,1.21,5.6
2025-11-12 20:56,1.21,5.33
2025-11-12 21:16,1.21,5.35
2025-11-12 21:36,1.21,5.76
2025-11-12 21:56,1.21,5.84
2025-11-12 22:16,1.21,5.93
2025-11-12 22:36,1.21,5.93
2025-11-12 22:56,1.21,5.95
2025-11-12 23:16,1.21,5.97
2025-11-12 23:36,1.21,5.97
2025-11-12 23:56,1.21,5.79
2025-11-13 00:16,1.21,5.79
2025-11-13 00:36,1.21,5.87
2025-11-13 00:56,1.21,5.92
2025-11-13 01:16,1.21,5.96
2025-11-13 01:36,1.21,5.97
2025-11-13 01:56,1.21,6.01
2025-11-13 02:16,1.21,6.04
2025-11-13 02:36,1.21,6.05
2025-11-13 02:56,1.21,6.05
2025-11-13 03:16,1.21,6.07
2025-11-13 03:36,1.21,6.11
2025-11-13 03:56,1.21,6.05
2025-11-13 04:16,1.21,5.93
2025-11-13 04:36,1.21,5.66
2025-11-13 04:56,1.21,5.6
2025-11-13 05:16,1.21,5.6
2025-11-13 05:36,1.21,5.53
2025-11-13 05:56,1.21,5.44
2025-11-13 06:16,1.21,5.24
2025-11-13 06:36,1.21,5.41
2025-11-13 06:56,1.21,5.97
2025-11-13 07:16,1.21,5.76
2025-11-13 07:36,1.21,5.83
2025-11-13 07:56,1.21,5.84
2025-11-13 08:16,1.21,5.76
2025-11-13 08:36,1.21,5.72
2025-11-13 08:56,1.21,5.69
2025-11-13 09:16,1.21,5.69
2025-11-13 09:36,1.21,5.76
2025-11-13 09:56,1.21,5.9
2025-11-13 10:16,1.21,5.82
2025-11-13 10:36,1.21,5.8
2025-11-13 10:56,1.22,5.79
2025-11-13 11:16,1.22,5.68
2025-11-13 11:36,1.22,5.66
2025-11-13 11:56,1.22,5.66
2025-11-13 12:16,1.22,5.65
2025-11-13 12:36,1.22,5.71
2025-11-13 12:56,1.22,5.64
2025-11-13 13:16,1.37,5.49
2025-11-13 13:36,1.37,5.44
2025-11-13 13:56,1.52,6.07
2025-11-13 14:16,1.22,6.17
2025-11-13 14:36,1.27,6.14
2025-11-13 14:56,1.23,6.08
2025-11-13 15:16,1.24,6.15
2025-11-13 15:36,1.22,6.16
2025-11-13 15:56,1.31,6.06
2025-11-13 16:16,1.15,5.36
2025-11-13 16:36,1.14,5.26
2025-11-13 16:56,1.14,5.2
2025-11-13 17:16,1.14,5.22
2025-11-13 17:36,1.18,6.19
2025-11-13 17:56,1.21,5.9
2025-11-13 18:16,1.18,5.83
2025-11-13 18:36,1.16,5.66
2025-11-13 18:56,1.16,5.55
2025-11-13 19:16,1.17,5.61
2025-11-13 19:36,1.17,5.55
2025-11-13 19:56,1.17,5.49
2025-11-13 20:16,1.16,5.56
2025-11-13 20:36,1.17,5.73
2025-11-13 20:56,1.2,5.38
2025-11-13 21:16,1.21,5.39
2025-11-13 21:36,1.22,5.53
2025-11-13 21:56,1.22,5.66
2025-11-13 22:16,1.23,5.66
2025-11-13 22:36,1.23,5.69
2025-11-13 22:56,1.22,5.73
2025-11-13 23:16,1.22,5.75
2025-11-13 23:36,1.22,5.57
2025-11-13 23:56,1.22,5.46
2025-11-14 00:16,1.23,5.33
2025-11-14 00:36,1.23,5.35
2025-11-14 00:56,1.22,5.65
2025-11-14 01:16,1.21,5.78
2025-11-14 01:36,1.22,5.8
2025-11-14 01:56,1.2,5.81
2025-11-14 02:16,1.18,5.85
2025-11-14 02:36,1.19,5.87
2025-11-14 02:56,1.2,5.89
2025-11-14 03:16,1.2,5.89
2025-11-14 03:36,1.19,5.94
2025-11-14 03:56,1.18,5.86
2025-11-14 04:16,1.18,5.94
2025-11-14 04:36,1.18,5.87
2025-11-14 04:56,1.17,5.55
2025-11-14 05:16,1.17,5.47
2025-11-14 05:36,1.15,5.39
2025-11-14 05:56,1.14,5.34
2025-11-14 06:16,1.16,5.2
2025-11-14 06:36,1.09,5.34
2025-11-14 06:56,1.07,5.96
2025-11-14 07:16,1.08,5.85
2025-11-14 07:36,1.12,5.96
2025-11-14 07:56,1.12,5.81
2025-11-14 08:16,1.14,5.77
2025-11-14 08:36,1.15,5.8
2025-11-14 08:56,1.15,5.93
2025-11-14 09:16,1.15,5.94
2025-11-14 09:36,1.14,5.89
2025-11-14 09:56,1.02,6.4
2025-11-14 10:16,0.65,6.92
2025-11-14 10:36,0.66,6.96
2025-11-14 10:56,0.67,6.82
2025-11-14 11:16,0.69,6.72
2025-11-14 11:36,0.69,6.63
2025-11-14 11:56,1.39,4.11
2025-11-14 12:16,1.52,4.03
2025-11-14 12:36,1.6,4.2
2025-11-14 12:56,1.64,4.24
2025-11-14 13:16,3.18,4.21
2025-11-14 13:36,2.96,4.2
2025-11-14 13:56,3.09,4.19
2025-11-14 14:16,1.02,6.01
2025-11-14 14:36,1.1,6.17
2025-11-14 14:56,1.16,5.66
2025-11-14 15:16,1.17,5.35
2025-11-14 15:36,1.18,5.5
2025-11-14 15:56,1.15,5.56
2025-11-14 16:16,1.03,5.57
2025-11-14 16:36,1.02,5.66
2025-11-14 16:56,1.02,5.66
2025-11-14 17:16,1.02,5.68
2025-11-14 17:36,1.02,5.69
2025-11-14 17:56,1.02,5.67
2025-11-14 18:16,1.02,5.68
2025-11-14 18:36,1.02,5.63
2025-11-14 18:56,1.02,5.5
2025-11-14 19:16,1.02,5.33
2025-11-14 19:36,1.02,5.24
2025-11-14 19:56,1.02,5.21
2025-11-14 20:16,1.02,5.13
2025-11-14 20:36,1.03,5.41
2025-11-14 20:56,1.04,5.41
2025-11-14 21:16,1.04,5.45
2025-11-14 21:36,1.04,5.52
2025-11-14 21:56,1.04,5.5
2025-11-14 22:16,1.04,5.58
2025-11-14 22:36,1.04,5.62
2025-11-14 22:56,1.04,5.52
2025-11-14 23:16,1.04,5.41
2025-11-14 23:36,1.04,5.32
2025-11-14 23:56,1.04,5.45
2025-11-15 00:16,1.04,5.58
2025-11-15 00:36,1.04,5.6
2025-11-15 00:56,1.04,5.61
2025-11-15 01:16,1.04,5.7
2025-11-15 01:36,1.04,5.75
2025-11-15 01:56,1.04,5.7
2025-11-15 02:16,1.05,5.65
2025-11-15 02:36,1.04,5.61
2025-11-15 02:56,1.05,5.44
2025-11-15 03:16,1.05,5.22
2025-11-15 03:36,1.05,5.31
2025-11-15 03:56,1.05,5.26
2025-11-15 04:16,1.05,5.25
2025-11-15 04:36,1.05,5.08
2025-11-15 04:56,1.05,5.05
2025-11-15 05:16,1.05,5.05
2025-11-15 05:36,1.05,4.99
2025-11-15 05:56,1.05,4.96
2025-11-15 06:16,1.05,4.95
2025-11-15 06:36,1.05,4.98
2025-11-15 06:56,1.05,5.64
2025-11-15 07:16,1.05,5.47
2025-11-15 07:36,1.05,5.29
2025-11-15 07:56,1.05,5.31
2025-11-15 08:16,1.06,5.28
2025-11-15 08:36,1.05,5.3
2025-11-15 08:56,1.06,5.32
2025-11-15 09:16,1.06,5.51
2025-11-15 09:36,1.07,5.51
2025-11-15 09:56,1.07,5.5
2025-11-15 10:16,1.07,5.49
2025-11-15 10:36,1.07,5.47
2025-11-15 10:56,1.07,5.39
2025-11-15 11:16,1.07,5.2
2025-11-15 11:36,1.07,5.18
2025-11-15 11:56,1.07,5.16
2025-11-15 12:16,1.07,5.27
2025-11-15 12:36,1.08,5.27
2025-11-15 12:56,1.08,5.35
2025-11-15 13:16,1.27,5.35
2025-11-15 13:36,1.32,5.36
2025-11-15 13:56,1.29,5.39
2025-11-15 14:16,1.33,5.37
2025-11-15 14:36,1.37,5.4
2025-11-15 14:56,1.33,5.38
2025-11-15 15:16,1.41,5.38
2025-11-15 15:36,1.35,5.38
2025-11-15 15:56,1.43,5.38
2025-11-15 16:16,1.14,5.39
2025-11-15 16:36,1.14,5.35
2025-11-15 16:56,1.14,5.18
2025-11-15 17:16,1.15,5.12
2025-11-15 17:36,1.15,5.02
2025-11-15 17:56,1.15,4.83
2025-11-15 18:16,1.15,4.7
2025-11-15 18:36,1.16,4.91
2025-11-15 18:56,1.17,4.78
2025-11-15 19:16,1.17,4.55
2025-11-15 19:36,1.18,4.47
2025-11-15 19:56,1.18,4.52
2025-11-15 20:16,1.18,4.7
2025-11-15 20:36,1.19,4.88
2025-11-15 20:56,1.19,4.98
2025-11-15 21:16,1.18,5.0
2025-11-15 21:36,1.17,5.08
2025-11-15 21:56,1.16,5.16
2025-11-15 22:16,1.16,5.21
2025-11-15 22:36,1.16,5.06
2025-11-15 22:56,1.17,4.96
2025-11-15 23:16,1.17,5.25
2025-11-15 23:36,1.18,5.32
2025-11-15 23:56,1.18,5.38
2025-11-16 00:16,1.18,5.38
2025-11-16 00:36,1.18,5.37
2025-11-16 00:56,1.16,5.27
2025-11-16 01:16,1.15,5.05
2025-11-16 01:36,1.14,4.92
2025-11-16 01:56,1.13,4.69
2025-11-16 02:16,1.13,4.63
2025-11-16 02:36,1.13,4.64
2025-11-16 02:56,1.13,4.53
2025-11-16 03:16,1.14,4.53
2025-11-16 03:36,1.14,4.53
2025-11-16 03:56,1.14,4.51
2025-11-16 04:16,1.13,4.5
2025-11-16 04:36,1.13,4.51
2025-11-16 04:56,1.12,4.62
2025-11-16 05:16,1.12,4.72
2025-11-16 05:36,1.11,4.95
2025-11-16 05:56,1.11,4.94
2025-11-16 06:16,1.11,5.08
2025-11-16 06:36,1.11,4.74
2025-11-16 06:56,1.11,5.08
2025-11-16 07:16,1.11,5.41
2025-11-16 07:36,1.12,5.23
2025-11-16 07:56,1.12,5.09
2025-11-16 08:16,1.12,5.03
2025-11-16 08:36,1.12,5.19
2025-11-16 08:56,1.13,4.99
2025-11-16 09:16,1.14,5.08
2025-11-16 09:36,1.15,5.19
2025-11-16 09:56,1.15,5.21
2025-11-16 10:16,1.15,5.19
2025-11-16 10:36,1.15,5.1
2025-11-16 10:56,1.14,5.06
2025-11-16 11:16,1.14,5.02
2025-11-16 11:36,1.14,5.01
2025-11-16 11:56,1.13,4.97
2025-11-16 12:16,1.13,4.98
2025-11-16 12:36,1.13,4.97
2025-11-16 12:56,1.13,4.99
2025-11-16 13:16,1.43,5.01
2025-11-16 13:36,1.41,4.94
2025-11-16 13:56,1.42,4.95
2025-11-16 14:16,1.45,4.94
2025-11-16 14:36,1.34,4.95
2025-11-16 14:56,1.38,4.9
2025-11-16 15:16,1.39,4.91
2025-11-16 15:36,1.51,4.95
2025-11-16 15:56,1.4,5.09
2025-11-16 16:16,1.14,5.2
2025-11-16 16:36,1.13,5.19
2025-11-16 16:56,1.14,5.2
2025-11-16 17:16,1.14,5.2
2025-11-16 17:36,1.14,5.23
2025-11-16 17:56,1.14,5.25
2025-11-16 18:16,1.14,5.25
2025-11-16 18:36,1.15,5.23
2025-11-16 18:56,1.15,5.18
2025-11-16 19:16,1.15,5.17
2025-11-16 19:36,1.15,5.08
2025-11-16 19:56,1.15,4.91
2025-11-16 20:16,1.16,5.04
2025-11-16 20:36,1.16,4.86
2025-11-16 20:56,1.16,5.07
2025-11-16 21:16,1.16,5.04
2025-11-16 21:36,1.16,5.02
2025-11-16 21:56,1.17,5.05
2025-11-16 22:16,1.17,5.06
2025-11-16 22:36,1.17,5.09
2025-11-16 22:56,1.17,5.12
2025-11-16 23:16,1.17,5.01
2025-11-16 23:36,1.17,4.88
2025-11-16 23:56,1.17,4.87
2025-11-17 00:16,1.17,4.91
2025-11-17 00:36,1.17,4.93
2025-11-17 00:56,1.16,4.88
2025-11-17 01:16,1.15,4.9
2025-11-17 01:36,1.14,4.92
2025-11-17 01:56,1.14,5.06
2025-11-17 02:16,1.13,5.26
2025-11-17 02:36,1.12,5.28
2025-11-17 02:56,1.12,5.34
2025-11-17 03:16,1.12,5.36
2025-11-17 03:36,1.12,5.37
2025-11-17 03:56,1.12,5.22
2025-11-17 04:16,1.12,4.97
2025-11-17 04:36,1.12,4.75
2025-11-17 04:56,1.12,4.99
2025-11-17 05:16,1.12,5.21
2025-11-17 05:36,1.12,5.22
2025-11-17 05:56,1.12,5.16
2025-11-17 06:16,1.12,4.89
2025-11-17 06:36,1.12,4.67
2025-11-17 06:56,1.12,4.78
2025-11-17 07:16,1.12,5.31
2025-11-17 07:36,1.12,5.34
2025-11-17 07:56,1.12,5.34
2025-11-17 08:16,1.12,5.33
2025-11-17 08:36,1.12,5.26
2025-11-17 08:56,1.12,5.32
2025-11-17 09:16,1.12,5.37
2025-11-17 09:36,1.09,6.01
2025-11-17 09:56,1.09,6.34
2025-11-17 10:16,1.08,6.32
2025-11-17 10:36,1.09,6.18
2025-11-17 10:56,1.16,5.11
2025-11-17 11:16,1.02,5.55
2025-11-17 11:36,0.91,6.29
2025-11-17 11:56,0.98,6.21
2025-11-17 12:16,0.99,6.24
2025-11-17 12:36,1.01,6.13
2025-11-17 12:56,1.01,6.29
2025-11-17 13:16,1.28,6.25
2025-11-17 13:36,1.14,6.39
2025-11-17 13:56,1.07,5.95
2025-11-17 14:16,1.12,5.07
2025-11-17 14:36,1.07,5.29
2025-11-17 14:56,1.06,5.41
2025-11-17 15:16,1.07,5.36
2025-11-17 15:36,1.08,5.25
2025-11-17 15:56,1.06,5.32
2025-11-17 16:16,1.01,5.38
2025-11-17 16:36,1.02,5.46
2025-11-17 16:56,1.01,6.0
2025-11-17 17:16,0.98,6.35
2025-11-17 17:36,1.03,6.28
2025-11-17 17:56,1.0,6.03
2025-11-17 18:16,1.01,4.28
2025-11-17 18:36,1.01,4.45
2025-11-17 18:56,1.01,4.6
2025-11-17 19:16,1.01,4.59
2025-11-17 19:36,1.01,4.55
2025-11-17 19:56,1.01,4.44
2025-11-17 20:16,1.01,4.41
2025-11-17 20:36,1.01,4.71
2025-11-17 20:56,1.02,4.62
2025-11-17 21:16,1.02,4.63
2025-11-17 21:36,1.02,4.68
2025-11-17 21:56,1.02,4.68
2025-11-17 22:16,1.02,4.71
2025-11-17 22:36,1.02,4.77
2025-11-17 22:56,1.03,4.53
2025-11-17 23:16,1.02,4.45
2025-11-17 23:36,1.03,4.51
2025-11-17 23:56,1.03,4.7
2025-11-18 00:16,1.03,4.82
2025-11-18 00:36,1.03,4.89
2025-11-18 00:56,1.03,4.93
2025-11-18 01:16,1.03,4.82
2025-11-18 01:36,1.03,4.79
2025-11-18 01:56,1.03,4.61
2025-11-18 02:16,1.03,4.57
2025-11-18 02:36,1.03,4.42
2025-11-18 02:56,1.03,4.2
2025-11-18 03:16,1.04,4.25
2025-11-18 03:36,1.03,4.25
2025-11-18 03:56,1.03,4.21
2025-11-18 04:16,1.03,4.1
2025-11-18 04:36,1.03,4.13
2025-11-18 04:56,1.03,4.2
2025-11-18 05:16,1.04,4.22
2025-11-18 05:36,1.04,4.24
2025-11-18 05:56,1.04,4.28
2025-11-18 06:16,1.04,4.47
2025-11-18 06:36,1.04,4.37
2025-11-18 06:56,1.04,4.78
2025-11-18 07:16,1.04,4.94
2025-11-18 07:36,1.04,4.83
2025-11-18 07:56,1.04,4.72
2025-11-18 08:16,1.04,4.64
2025-11-18 08:36,1.04,4.67
2025-11-18 08:56,1.05,4.66
2025-11-18 09:16,1.04,4.67
2025-11-18 09:36,1.04,4.6
2025-11-18 09:56,1.04,4.59
2025-11-18 10:16,1.0,5.4
2025-11-18 10:36,0.99,5.47
2025-11-18 10:56,1.01,5.5
2025-11-18 11:16,1.0,5.43
2025-11-18 11:36,0.97,5.96
2025-11-18 11:56,0.97,6.0
2025-11-18 12:16,0.97,5.96
2025-11-18 12:36,0.97,5.96
2025-11-18 12:56,0.97,6.17
2025-11-18 13:16,1.12,6.22
2025-11-18 13:36,1.19,6.21
2025-11-18 13:56,1.09,6.2
2025-11-18 14:16,1.02,6.3
2025-11-18 14:36,1.13,6.32
2025-11-18 14:56,1.04,6.23
2025-11-18 15:16,1.04,5.99
2025-11-18 15:36,1.18,6.18
2025-11-18 15:56,1.22,6.3
2025-11-18 16:16,0.96,6.52
2025-11-18 16:36,0.98,6.56
2025-11-18 16:56,0.99,6.45
2025-11-18 17:16,0.99,6.43
2025-11-18 17:36,0.98,6.21
2025-11-18 17:56,0.91,5.49
2025-11-18 18:16,0.99,5.7
2025-11-18 18:36,0.97,5.66
2025-11-18 18:56,0.97,5.66
2025-11-18 19:16,1.03,5.7
2025-11-18 19:36,1.04,5.78
2025-11-18 19:56,1.03,5.89
2025-11-18 20:16,0.99,5.95
2025-11-18 20:36,0.97,5.97
2025-11-18 20:56,1.01,6.07
2025-11-18 21:16,0.99,6.07
2025-11-18 21:36,1.03,6.08
2025-11-18 21:56,0.99,6.11
2025-11-18 22:16,0.99,6.14
2025-11-18 22:36,0.98,6.16
2025-11-18 22:56,0.94,6.21
2025-11-18 23:16,1.02,6.21
2025-11-18 23:36,0.99,6.17
2025-11-18 23:56,0.95,6.02
2025-11-19 00:16,0.99,6.08
2025-11-19 00:36,0.96,5.99
2025-11-19 00:56,1.03,5.95
2025-11-19 01:16,0.99,6.07
2025-11-19 01:36,1.03,6.12
2025-11-19 01:56,0.99,6.26
2025-11-19 02:16,0.94,6.33
2025-11-19 02:36,1.04,6.29
2025-11-19 02:56,1.0,6.36
2025-11-19 03:16,1.04,6.35
2025-11-19 03:36,1.02,6.37
2025-11-19 03:56,1.01,6.38
2025-11-19 04:16,1.01,6.38
2025-11-19 04:36,0.98,6.31
2025-11-19 04:56,1.0,6.22
2025-11-19 05:16,1.03,6.31
2025-11-19 05:36,1.03,6.15
2025-11-19 05:56,0.98,6.0
2025-11-19 06:16,0.94,5.84
2025-11-19 06:36,1.06,6.39
2025-11-19 06:56,1.04,6.1
2025-11-19 07:16,1.01,6.39
2025-11-19 07:36,0.97,6.39
2025-11-19 07:56,1.06,6.39
2025-11-19 08:16,0.99,6.37
2025-11-19 08:36,0.99,6.35
2025-11-19 08:56,0.97,6.35
2025-11-19 09:16,1.01,5.66
2025-11-19 09:36,1.07,5.85
2025-11-19 09:56,1.0,5.8
2025-11-19 10:16,1.04,5.81
2025-11-19 10:36,1.01,5.95
2025-11-19 10:56,1.05,5.95
2025-11-19 11:16,1.0,6.05
2025-11-19 11:36,1.06,6.0
2025-11-19 11:56,1.01,6.12
2025-11-19 12:16,1.07,6.04
2025-11-19 12:36,1.05,5.96
2025-11-19 12:56,1.0,6.06
2025-11-19 13:16,1.37,6.06
2025-11-19 13:36,1.42,5.91
2025-11-19 13:56,1.42,5.93
2025-11-19 14:16,1.53,5.07
2025-11-19 14:36,1.51,5.62
2025-11-19 14:56,1.47,6.13
2025-11-19 15:16,1.37,5.98
2025-11-19 15:36,1.43,6.32
2025-11-19 15:56,1.57,6.36
2025-11-19 16:16,0.92,5.73
2025-11-19 16:36,0.93,5.66
2025-11-19 16:56,0.88,5.69
2025-11-19 17:16,0.83,5.69
2025-11-19 17:36,0.82,5.75
2025-11-19 17:56,0.9,5.76
2025-11-19 18:16,0.86,5.78
2025-11-19 18:36,0.82,5.84
2025-11-19 18:56,1.03,5.82
2025-11-19 19:16,1.04,5.91
2025-11-19 19:36,0.99,5.85
2025-11-19 19:56,0.95,5.87
2025-11-19 20:16,0.92,5.95
2025-11-19 20:36,1.07,6.1
2025-11-19 20:56,1.03,5.82
2025-11-19 21:16,1.0,5.88
2025-11-19 21:36,0.97,5.96
2025-11-19 21:56,0.94,6.16
2025-11-19 22:16,0.93,6.19
2025-11-19 22:36,1.08,6.2
2025-11-19 22:56,1.05,6.23
2025-11-19 23:16,1.02,6.27
2025-11-19 23:36,0.99,6.2
2025-11-19 23:56,0.96,6.17
2025-11-20 00:16,0.93,6.12
2025-11-20 00:36,1.03,6.18
2025-11-20 00:56,1.07,6.16
2025-11-20 01:16,1.04,6.17
2025-11-20 01:36,1.01,6.14
2025-11-20 01:56,0.98,6.09
2025-11-20 02:16,0.95,6.16
2025-11-20 02:36,0.93,6.33
2025-11-20 02:56,1.08,6.17
2025-11-20 03:16,1.04,6.33
2025-11-20 03:36,1.01,6.38
2025-11-20 03:56,0.99,6.43
2025-11-20 04:16,0.96,6.46
2025-11-20 04:36,0.93,6.49
2025-11-20 04:56,1.08,6.44
2025-11-20 05:16,1.07,6.46
2025-11-20 05:36,1.04,6.58
2025-11-20 05:56,1.01,6.5
2025-11-20 06:16,0.98,6.21
2025-11-20 06:36,0.95,6.52
2025-11-20 06:56,0.93,6.38
2025-11-20 07:16,1.1,6.58
2025-11-20 07:36,1.07,6.55
2025-11-20 07:56,1.04,6.56
2025-11-20 08:16,1.01,6.56
2025-11-20 08:36,0.97,6.38
2025-11-20 08:56,0.95,6.38
2025-11-20 09:16,0.93,5.79
2025-11-20 09:31,1.12,5.88
2025-11-20 09:51,1.09,6.06
2025-11-20 10:11,1.05,6.19
2025-11-20 10:31,1.01,6.17
2025-11-20 10:51,0.98,6.18
2025-11-20 11:11,0.95,6.02
2025-11-20 11:31,1.13,6.02
2025-11-20 11:51,1.1,6.01
2025-11-20 12:11,1.06,6.01
2025-11-20 12:31,1.02,6.01
2025-11-20 12:51,1.0,6.01
2025-11-20 13:11,1.56,6.06
2025-11-20 13:31,1.57,5.98
2025-11-20 13:51,1.78,6.06
2025-11-20 14:11,1.75,6.1
2025-11-20 14:31,1.65,6.13
2025-11-20 14:51,1.74,6.15
2025-11-20 15:11,1.64,6.16
2025-11-20 15:31,1.65,6.15
2025-11-20 15:51,1.56,6.13
2025-11-20 16:11,0.98,6.14
2025-11-20 16:31,0.97,6.18
2025-11-20 16:51,1.18,6.11
2025-11-20 17:11,1.16,6.14
2025-11-20 17:31,1.15,6.21
2025-11-20 17:51,1.13,6.21
2025-11-20 18:11,1.12,6.22
2025-11-20 18:31,1.1,6.01
2025-11-20 18:51,1.09,6.04
2025-11-20 19:11,1.07,6.25
2025-11-20 19:31,1.06,6.28
2025-11-20 19:51,1.05,6.32
2025-11-20 20:11,1.04,6.3
2025-11-20 20:31,1.03,6.3
2025-11-20 20:51,1.03,6.4
2025-11-20 21:11,1.02,6.45
2025-11-20 21:31,1.01,6.31
2025-11-20 21:51,1.01,6.1
2025-11-20 22:11,1.01,6.09
2025-11-20 22:31,1.0,6.3
2025-11-20 22:51,0.99,6.35
2025-11-20 23:11,0.99,6.39
2025-11-20 23:31,0.98,6.4
2025-11-20 23:51,0.98,6.42
2025-11-21 00:11,1.07,6.45
2025-11-21 00:31,1.2,6.51
2025-11-21 00:51,1.2,6.52
2025-11-21 01:11,1.18,6.35
2025-11-21 01:31,1.18,6.35
2025-11-21 01:51,1.16,6.45
2025-11-21 02:11,1.16,6.54
2025-11-21 02:31,1.16,6.67
2025-11-21 02:51,1.15,6.7
2025-11-21 03:11,1.15,6.69
2025-11-21 03:31,1.14,6.74
2025-11-21 03:51,1.13,6.75
2025-11-21 04:11,1.13,6.72
2025-11-21 04:31,1.12,6.53
2025-11-21 04:51,1.11,6.49
2025-11-21 05:11,1.12,6.33
2025-11-21 05:31,1.1,6.56
2025-11-21 05:51,1.1,6.33
2025-11-21 06:11,1.09,6.3
2025-11-21 06:31,1.09,6.28
2025-11-21 06:51,1.09,6.46
2025-11-21 07:11,1.07,6.43
2025-11-21 07:31,1.07,6.5
2025-11-21 07:51,1.07,6.66
2025-11-21 08:11,1.06,6.62
2025-11-21 08:31,1.06,6.49
2025-11-21 08:51,1.06,6.56
2025-11-21 09:11,1.06,5.93
2025-11-21 09:31,1.23,6.17
2025-11-21 09:51,1.23,6.23
2025-11-21 10:11,1.23,6.24
2025-11-21 10:31,1.22,6.28
2025-11-21 10:51,1.22,6.31
2025-11-21 11:11,1.22,6.28
2025-11-21 11:31,1.21,6.19
2025-11-21 11:51,1.21,6.32
2025-11-21 12:11,1.21,6.32
2025-11-21 12:31,1.21,6.32
2025-11-21 12:51,1.22,5.98
2025-11-21 13:11,1.89,4.83
2025-11-21 13:31,1.93,5.43
2025-11-21 13:51,1.81,5.45
2025-11-21 14:11,1.94,5.5
2025-11-21 14:31,1.88,5.49
2025-11-21 14:51,1.96,5.52
2025-11-21 15:11,2.02,5.54
2025-11-21 15:31,2.13,5.57
2025-11-21 15:51,1.95,5.6
2025-11-21 16:11,1.96,5.62
2025-11-21 16:31,1.81,5.67
2025-11-21 16:51,2.08,5.67
2025-11-21 17:11,1.37,5.6
2025-11-21 17:31,1.17,5.62
2025-11-21 17:51,1.17,5.89
2025-11-21 18:11,1.17,6.04
2025-11-21 18:31,1.15,6.05
2025-11-21 18:51,1.15,6.17
2025-11-21 19:11,1.14,6.22
2025-11-21 19:31,1.14,6.21
2025-11-21 19:51,1.14,6.27
2025-11-21 20:11,1.13,6.25
2025-11-21 20:31,1.13,6.36
2025-11-21 20:51,1.13,6.09
2025-11-21 21:11,1.13,6.05
2025-11-21 21:31,1.11,6.04
2025-11-21 21:51,1.12,6.22
2025-11-21 22:11,1.12,6.31
2025-11-21 22:31,1.12,6.34
2025-11-21 22:51,1.1,6.34
2025-11-21 23:11,1.1,6.34
2025-11-21 23:31,1.1,6.34
2025-11-21 23:51,1.1,6.34
2025-11-22 00:11,1.09,6.34
2025-11-22 00:31,1.09,6.36
2025-11-22 00:51,1.09,6.33
2025-11-22 01:11,1.08,6.18
2025-11-22 01:31,1.08,6.08
2025-11-22 01:51,1.08,6.03
2025-11-22 02:11,1.08,6.02
2025-11-22 02:31,1.07,6.11
2025-11-22 02:51,1.07,6.13
2025-11-22 03:11,1.08,6.22
2025-11-22 03:31,1.06,6.02
2025-11-22 03:51,1.06,6.1
2025-11-22 04:11,1.07,6.05
2025-11-22 04:31,1.07,6.25
2025-11-22 04:51,1.06,6.32
2025-11-22 05:11,1.06,6.32
2025-11-22 05:31,1.06,6.31
2025-11-22 05:51,1.06,6.32
2025-11-22 06:11,1.05,6.32
2025-11-22 06:31,1.29,6.29
2025-11-22 06:51,1.29,6.26
2025-11-22 07:11,1.29,6.29
2025-11-22 07:31,1.28,6.27
2025-11-22 07:51,1.27,6.24
2025-11-22 08:11,1.27,6.23
2025-11-22 08:31,1.27,6.23
2025-11-22 08:51,1.26,6.22
2025-11-22 09:11,1.26,6.23
2025-11-22 09:31,1.26,6.18
2025-11-22 09:51,1.26,6.14
2025-11-22 10:11,1.26,6.13
2025-11-22 10:31,1.25,6.19
2025-11-22 10:51,1.25,6.2
2025-11-22 11:11,1.25,6.19
2025-11-22 11:31,1.25,6.17
2025-11-22 11:51,1.25,6.16
2025-11-22 12:11,1.25,6.15
2025-11-22 12:31,1.24,6.16
2025-11-22 12:51,1.24,6.15
2025-11-22 13:11,2.12,6.12
2025-11-22 13:31,2.3,6.09
2025-11-22 13:51,2.49,6.07
2025-11-22 14:11,2.1,6.07
2025-11-22 14:31,2.16,6.1
2025-11-22 14:51,2.28,6.17
2025-11-22 15:11,2.3,6.17
2025-11-22 15:31,2.14,6.15
2025-11-22 15:51,2.04,6.21
2025-11-22 16:11,1.25,6.15
2025-11-22 16:31,1.25,6.08
2025-11-22 16:51,1.25,6.01
2025-11-22 17:11,1.25,5.96
2025-11-22 17:31,1.26,5.96
2025-11-22 17:51,1.26,6.0
2025-11-22 18:11,1.26,6.08
2025-11-22 18:31,1.26,6.09
2025-11-22 18:51,1.26,6.19
2025-11-22 19:11,1.25,6.21
2025-11-22 19:31,1.26,6.2
2025-11-22 19:51,1.26,6.2
2025-11-22 20:11,1.26,6.2
2025-11-22 20:31,1.26,5.97
2025-11-22 20:51,1.26,6.24
2025-11-22 21:11,1.27,6.2
2025-11-22 21:31,1.27,6.22
2025-11-22 21:51,1.27,6.27
2025-11-22 22:11,1.27,5.97
2025-11-22 22:31,1.27,5.89
2025-11-22 22:51,1.27,6.1
2025-11-22 23:11,1.28,6.13
2025-11-22 23:31,1.28,6.17
2025-11-22 23:51,1.28,6.17
2025-11-23 00:11,1.28,6.17
2025-11-23 00:31,1.28,6.2
2025-11-23 00:51,1.27,6.19
2025-11-23 01:11,1.27,6.12
2025-11-23 01:31,1.27,6.1
2025-11-23 01:51,1.27,6.02
2025-11-23 02:11,1.28,5.95
2025-11-23 02:31,1.28,5.94
2025-11-23 02:51,1.28,5.89
2025-11-23 03:11,1.28,5.86
2025-11-23 03:31,1.28,5.84
2025-11-23 03:51,1.28,5.86
2025-11-23 04:11,1.29,5.98
2025-11-23 04:31,1.29,6.06
2025-11-23 04:51,1.29,6.15
2025-11-23 05:11,1.29,6.2
2025-11-23 05:31,1.29,6.21
2025-11-23 05:51,1.3,6.18
2025-11-23 06:11,1.3,6.18
2025-11-23 06:31,1.3,6.11
2025-11-23 06:51,1.3,6.14
2025-11-23 07:11,1.29,6.06
2025-11-23 07:31,1.29,6.04
2025-11-23 07:51,1.29,6.06
2025-11-23 08:11,1.29,6.06
2025-11-23 08:31,1.3,6.04
2025-11-23 08:51,1.3,6.04
2025-11-23 09:11,1.3,6.03
2025-11-23 09:31,1.3,6.06
2025-11-23 09:51,1.3,6.07
2025-11-23 10:11,1.31,6.07
2025-11-23 10:31,1.31,6.06
2025-11-23 10:51,1.31,6.05
2025-11-23 11:11,1.31,6.08
2025-11-23 11:31,1.31,6.07
2025-11-23 11:51,1.32,6.08
2025-11-23 12:11,1.32,6.07
2025-11-23 12:31,1.32,6.05
2025-11-23 12:51,1.32,6.05
2025-11-23 13:11,2.69,6.04
2025-11-23 13:31,2.4,6.03
2025-11-23 13:51,2.54,6.03
2025-11-23 14:11,2.15,6.1
2025-11-23 14:31,2.42,6.12
2025-11-23 14:51,2.3,6.1
2025-11-23 15:11,2.66,6.13
2025-11-23 15:31,2.51,6.09
2025-11-23 15:51,2.42,6.07
2025-11-23 16:11,1.34,6.08
2025-11-23 16:31,1.33,5.94
2025-11-23 16:51,1.34,5.91
2025-11-23 17:11,1.34,5.86
2025-11-23 17:31,1.34,5.84
2025-11-23 17:51,1.34,5.86
2025-11-23 18:11,1.34,5.88
2025-11-23 18:31,1.35,5.87
2025-11-23 18:51,1.35,5.97
2025-11-23 19:11,1.35,5.95
2025-11-23 19:31,1.35,5.93
2025-11-23 19:51,1.35,5.96
2025-11-23 20:11,1.36,5.94
2025-11-23 20:31,1.36,6.04
2025-11-23 20:51,1.36,5.79
2025-11-23 21:11,1.36,5.92
2025-11-23 21:31,1.36,6.0
2025-11-23 21:51,1.37,5.94
2025-11-23 22:11,1.37,5.74
2025-11-23 22:31,1.37,5.88
2025-11-23 22:51,1.37,6.02
2025-11-23 23:11,1.37,6.06
2025-11-23 23:31,1.37,6.07
2025-11-23 23:51,1.38,6.1
2025-11-24 00:11,1.38,6.13
2025-11-24 00:31,1.38,6.12
2025-11-24 00:51,1.38,6.13
2025-11-24 01:11,1.38,6.07
2025-11-24 01:31,1.38,5.92
2025-11-24 01:51,1.39,5.88
2025-11-24 02:11,1.39,5.83
2025-11-24 02:31,1.39,5.82
2025-11-24 02:51,1.39,5.84
2025-11-24 03:11,1.39,5.89
2025-11-24 03:31,1.39,5.93
2025-11-24 03:51,1.4,5.96
2025-11-24 04:11,1.4,6.1
2025-11-24 04:31,1.4,6.08
2025-11-24 04:51,1.4,6.16
2025-11-24 05:11,1.4,6.16
2025-11-24 05:31,1.4,6.08
2025-11-24 05:51,1.41,6.05
2025-11-24 06:11,1.41,6.15
2025-11-24 06:31,1.41,6.17
2025-11-24 06:51,1.41,5.89
2025-11-24 07:11,1.4,6.13
2025-11-24 07:31,1.4,6.11
2025-11-24 07:51,1.4,6.13
2025-11-24 08:11,1.4,6.15
2025-11-24 08:31,1.4,6.13
2025-11-24 08:51,1.41,6.1
2025-11-24 09:11,1.41,6.04
2025-11-24 09:31,1.43,5.99
2025-11-24 09:51,1.42,5.93
2025-11-24 10:11,1.22,6.34
2025-11-24 10:31,1.22,6.22
2025-11-24 10:51,1.14,6.48
2025-11-24 11:11,2.06,3.27
2025-11-24 11:31,1.53,3.4
2025-11-24 11:51,1.36,3.69
2025-11-24 12:11,1.24,3.92
2025-11-24 12:31,1.21,4.25
2025-11-24 12:51,1.21,4.37
2025-11-24 13:11,1.21,4.4
2025-11-24 13:31,1.21,4.44
2025-11-24 13:51,1.21,4.46
2025-11-24 14:11,1.17,5.63
2025-11-24 14:31,1.16,5.89
2025-11-24 14:51,1.16,5.86
2025-11-24 15:11,1.16,5.73
2025-11-24 15:31,1.16,5.69
2025-11-24 15:51,1.16,5.81
2025-11-24 16:11,1.16,6.01
2025-11-24 16:31,1.16,6.11
2025-11-24 17:19,1.17,6.35
2025-11-24 17:23,1.16,6.35
2025-11-24 17:25,1.17,6.48
2025-11-24 17:51,1.28,5.21
2025-11-24 18:11,1.16,5.79
2025-11-24 18:31,1.14,6.17
2025-11-24 18:51,1.13,6.39
2025-11-24 19:11,1.13,6.45
2025-11-24 19:31,1.13,6.56
2025-11-24 19:51,1.13,6.6
2025-11-24 20:11,1.14,6.62
2025-11-24 20:31,1.13,6.57
2025-11-24 20:51,1.14,6.67
2025-11-24 21:11,1.14,6.68
2025-11-24 21:31,1.14,6.72
2025-11-24 21:51,1.14,6.75
2025-11-24 22:11,1.14,6.77
2025-11-24 22:31,1.14,6.78
2025-11-24 22:51,1.14,6.79
2025-11-24 23:11,1.14,6.78
2025-11-24 23:31,1.14,6.7
2025-11-24 23:51,1.14,6.66
2025-11-25 00:11,1.14,6.6
2025-11-25 00:31,1.14,6.59
2025-11-25 00:51,1.14,6.53
2025-11-25 01:11,1.58,6.53
2025-11-25 01:31,1.52,6.76
2025-11-25 01:51,1.56,6.8
2025-11-25 02:11,1.52,6.82
2025-11-25 02:31,1.43,6.8
2025-11-25 02:51,1.49,6.76
2025-11-25 03:11,1.5,6.63
2025-11-25 03:31,1.5,6.52
2025-11-25 03:51,1.61,6.39
2025-11-25 04:11,1.6,6.22
2025-11-25 04:31,1.44,6.17
2025-11-25 04:51,1.45,6.24
2025-11-25 05:11,1.49,6.13
2025-11-25 05:31,1.51,6.17
2025-11-25 05:51,1.48,6.18
2025-11-25 06:11,1.49,6.11
2025-11-25 06:31,1.35,6.16
2025-11-25 06:51,1.32,6.73
2025-11-25 07:11,1.44,6.48
2025-11-25 07:31,1.46,6.45
2025-11-25 07:51,1.39,6.5
2025-11-25 08:11,1.49,6.46
2025-11-25 08:31,1.43,6.5
2025-11-25 08:51,1.32,6.55
2025-11-25 09:11,1.66,6.43
2025-11-25 09:43,0.96,6.01
2025-11-25 10:03,1.0,6.29
2025-11-25 10:23,1.24,6.18
2025-11-25 10:43,0.99,6.3
2025-11-25 11:03,1.04,6.35
2025-11-25 11:23,1.05,6.23
2025-11-25 11:43,1.06,6.01
2025-11-25 12:03,1.12,6.29
2025-11-25 12:23,1.06,6.45
2025-11-25 12:43,1.06,6.48
2025-11-25 13:03,1.14,6.47
2025-11-25 13:23,1.09,6.45
2025-11-25 13:43,1.07,6.47
2025-11-25 14:03,1.12,6.43
2025-11-25 14:23,1.07,6.48
2025-11-25 14:43,1.07,6.49
2025-11-25 15:03,1.15,6.51
2025-11-25 15:23,1.07,6.52
2025-11-25 15:43,1.09,6.37
2025-11-25 16:03,1.15,6.23
2025-11-25 16:23,1.09,6.18
2025-11-25 16:43,1.09,6.24
2025-11-25 17:03,1.18,6.38
2025-11-25 17:23,1.09,6.28
2025-11-25 17:43,1.09,6.29
2025-11-25 18:03,1.44,6.0
2025-11-25 18:23,1.09,5.77
2025-11-25 18:43,1.09,5.76
2025-11-25 19:03,1.18,5.86
2025-11-25 19:23,1.09,5.83
2025-11-25 19:43,1.09,5.92
2025-11-25 20:03,1.22,5.95
2025-11-25 20:23,1.08,6.18
2025-11-25 20:43,1.08,6.24
2025-11-25 21:03,1.12,6.11
2025-11-25 21:23,1.08,6.14
2025-11-25 21:43,1.08,6.29
2025-11-25 22:03,1.18,6.36
2025-11-25 22:23,1.08,6.38
2025-11-25 22:43,1.07,6.43
2025-11-25 23:03,1.19,6.41
2025-11-25 23:23,1.07,6.36
2025-11-25 23:43,1.07,6.27
2025-11-26 00:03,1.17,6.24
2025-11-26 00:23,1.07,6.24
2025-11-26 00:43,1.07,6.18
2025-11-26 01:03,1.15,6.35
2025-11-26 01:23,1.07,6.37
2025-11-26 01:43,1.06,6.37
2025-11-26 02:03,1.15,6.42
2025-11-26 02:23,1.07,6.45
2025-11-26 02:43,1.06,6.44
2025-11-26 03:03,1.12,6.49
2025-11-26 03:23,1.06,6.47
2025-11-26 03:43,1.06,6.51
2025-11-26 04:03,1.15,6.42
2025-11-26 04:23,1.06,6.22
2025-11-26 04:43,1.05,6.05
2025-11-26 05:03,1.15,5.91
2025-11-26 05:23,1.05,5.95
2025-11-26 05:43,1.05,5.87
2025-11-26 06:03,1.09,5.8
2025-11-26 06:23,1.05,5.77
2025-11-26 06:43,1.05,6.39
2025-11-26 07:03,1.1,6.23
2025-11-26 07:23,1.05,6.3
2025-11-26 07:43,1.05,6.38
2025-11-26 08:03,1.11,6.4
2025-11-26 08:23,1.05,6.4
2025-11-26 08:43,1.04,6.32
2025-11-26 09:03,1.13,6.13
2025-11-26 09:23,1.04,6.1
2025-11-26 09:43,1.04,6.04
2025-11-26 10:03,1.11,6.1
2025-11-26 10:23,1.05,6.14
2025-11-26 10:43,0.98,6.26
2025-11-26 11:03,1.01,6.3
2025-11-26 11:23,0.98,6.36
2025-11-26 11:43,0.97,6.46
2025-11-26 12:03,1.01,6.4
2025-11-26 12:23,0.97,6.47
2025-11-26 12:43,0.96,6.54
2025-11-26 13:03,1.02,6.5
2025-11-26 13:23,0.96,5.96
2025-11-26 13:43,0.95,5.98
2025-11-26 14:03,1.01,6.06
2025-11-26 14:23,0.94,6.16
2025-11-26 14:43,0.93,6.27
2025-11-26 15:03,0.99,6.17
2025-11-26 15:23,0.93,6.12
2025-11-26 15:43,0.92,6.18
2025-11-26 16:03,1.0,6.1
2025-11-26 16:23,0.92,6.22
2025-11-26 16:43,0.92,6.25
2025-11-26 17:03,0.98,6.21
2025-11-26 17:23,0.92,6.26
2025-11-26 17:43,0.92,6.25
2025-11-26 18:03,1.03,6.23
2025-11-26 18:23,0.92,6.26
2025-11-26 18:43,0.91,6.1
2025-11-26 19:03,1.03,6.01
2025-11-26 19:23,0.91,5.83
2025-11-26 19:43,0.91,5.89
2025-11-26 20:03,1.04,5.82
2025-11-26 20:23,0.91,6.19
2025-11-26 20:43,0.91,6.02
2025-11-26 21:03,1.03,6.14
2025-11-26 21:23,0.9,6.14
2025-11-26 21:43,0.9,6.13
2025-11-26 22:03,1.01,6.15
2025-11-26 22:23,0.91,6.22
2025-11-26 22:43,0.9,6.21
2025-11-26 23:03,1.02,6.15
2025-11-26 23:23,0.9,6.09
2025-11-26 23:43,0.9,5.95
2025-11-27 00:03,1.0,5.97
2025-11-27 00:23,0.9,6.05
2025-11-27 00:43,0.89,6.09
2025-11-27 01:03,0.99,6.23
2025-11-27 01:23,0.89,6.27
2025-11-27 01:43,0.89,6.27
2025-11-27 02:03,1.04,6.28
2025-11-27 02:23,0.89,6.26
2025-11-27 02:43,0.89,6.2
2025-11-27 03:03,1.01,5.95
2025-11-27 03:23,0.88,5.75
2025-11-27 03:43,0.88,5.58
2025-11-27 04:03,1.02,5.62
2025-11-27 04:23,0.88,5.53
2025-11-27 04:43,0.87,5.46
2025-11-27 05:03,0.94,5.52
2025-11-27 05:23,0.87,5.47
2025-11-27 05:43,0.87,5.46
2025-11-27 06:03,1.05,5.47
2025-11-27 06:23,1.08,5.53
2025-11-27 06:43,1.08,6.18
2025-11-27 07:03,1.14,5.87
2025-11-27 07:23,1.08,6.03
2025-11-27 07:43,1.08,6.06
2025-11-27 08:03,1.17,6.07
2025-11-27 08:23,1.07,6.04
2025-11-27 08:43,1.07,5.92
2025-11-27 09:03,1.11,5.83
2025-11-27 09:23,1.07,5.81
2025-11-27 09:37,1.07,5.89
2025-11-27 09:52,0.99,6.23
2025-11-27 10:07,1.0,6.36
2025-11-27 10:22,1.0,6.36
2025-11-27 10:37,1.01,6.35
2025-11-27 10:52,1.02,6.47
2025-11-27 11:07,1.03,6.4
2025-11-27 11:22,1.04,6.41
2025-11-27 11:37,0.78,0
2025-11-27 11:52,1.15,0
2025-11-27 12:07,1.16,0
2025-11-27 12:22,1.16,0
2025-11-27 12:37,1.16,0
2025-11-27 12:52,1.16,0
2025-11-27 13:07,1.16,0
2025-11-27 13:22,1.17,0
2025-11-27 13:37,1.17,0
2025-11-27 13:52,1.17,0
2025-11-27 14:02,1.17,0
2025-11-27 14:12,1.17,0
2025-11-27 14:22,1.17,0
2025-11-27 14:32,1.17,0
2025-11-27 14:42,1.17,0
2025-11-27 14:52,1.17,0
2025-11-27 15:02,1.18,0
2025-11-27 15:10,1.17,0
2025-11-27 15:20,1.17,0
2025-11-27 15:40,1.17,0
2025-11-27 16:00,1.17,0
2025-11-27 16:20,1.17,0
2025-11-27 16:40,1.16,0
2025-11-27 17:00,1.18,0
2025-11-27 17:20,1.16,0
2025-11-27 17:40,1.15,0
2025-11-27 18:00,1.15,0
2025-11-27 18:20,1.14,0
2025-11-27 18:40,1.13,0
2025-11-27 19:00,1.13,0
2025-11-27 19:20,1.12,0
2025-11-27 19:40,1.11,0
2025-11-27 20:00,1.11,0
2025-11-27 20:20,1.1,0
2025-11-27 20:40,1.1,0
2025-11-27 21:00,1.1,0
2025-11-27 21:20,1.09,0
2025-11-27 21:40,1.07,0
2025-11-27 22:00,1.08,0
2025-11-27 22:20,1.07,0
2025-11-27 22:40,1.05,0
2025-11-27 23:00,1.05,0
2025-11-27 23:20,1.05,0
2025-11-27 23:40,1.03,0
2025-11-28 00:00,1.04,0
2025-11-28 00:20,1.03,0
2025-11-28 00:40,1.02,0
2025-11-28 01:00,1.02,0
2025-11-28 01:20,1.01,0
2025-11-28 01:40,1.0,0
2025-11-28 02:00,1.0,0
2025-11-28 02:20,0.99,0
2025-11-28 02:40,0.98,0
2025-11-28 03:00,0.99,0
2025-11-28 03:20,0.97,0
2025-11-28 03:40,0.97,0
2025-11-28 04:00,0.97,0
2025-11-28 04:20,0.96,0
2025-11-28 04:40,1.13,0
2025-11-28 05:00,1.14,0
2025-11-28 05:20,1.12,0
2025-11-28 05:40,1.11,0
2025-11-28 06:00,1.11,0
2025-11-28 06:20,1.1,0
2025-11-28 06:40,1.09,0
2025-11-28 07:00,1.09,0
2025-11-28 07:20,1.08,0
2025-11-28 07:40,1.07,0
2025-11-28 08:00,1.07,0
2025-11-28 08:20,1.06,0
2025-11-28 08:40,1.05,0
2025-11-28 09:00,1.05,0
2025-11-28 09:20,1.04,0
2025-11-28 09:40,1.03,0
2025-11-28 10:00,1.04,0
2025-11-28 10:20,0.99,0
2025-11-28 10:40,1.03,0
2025-11-28 11:00,1.04,0
2025-11-28 11:20,1.04,0
2025-11-28 11:40,1.04,0
2025-11-28 12:00,1.04,0
2025-11-28 12:20,1.03,0
2025-11-28 12:40,1.03,0
2025-11-28 13:00,1.03,0
2025-11-28 13:20,1.15,0
2025-11-28 13:40,1.15,0
2025-11-28 14:00,1.15,0
2025-11-28 14:20,1.15,0
2025-11-28 14:40,1.14,0
2025-11-28 15:00,1.27,0
2025-11-28 15:20,0.86,0
2025-11-28 15:40,0.91,0
2025-11-28 16:00,0.94,0
2025-11-28 16:20,0.96,0
2025-11-28 16:40,0.93,0
2025-11-28 17:00,0.93,0
2025-11-28 17:20,0.96,0
2025-11-28 17:40,0.96,0
2025-11-28 18:00,0.96,0
2025-11-28 18:20,0.96,0
2025-11-28 18:40,0.96,0
2025-11-28 19:00,0.96,0
2025-11-28 19:20,0.96,0
2025-11-28 19:40,0.96,0
2025-11-28 20:00,0.96,0
2025-11-28 20:20,0.96,0
2025-11-28 20:40,0.95,0
2025-11-28 21:00,0.96,0
2025-11-28 21:20,0.95,0
2025-11-28 21:40,0.95,0
2025-11-28 22:00,0.95,0
2025-11-28 22:20,0.95,0
2025-11-28 22:40,0.97,0
2025-11-28 23:00,0.97,0
2025-11-28 23:20,0.97,0
2025-11-28 23:40,0.97,0
2025-11-29 00:00,0.97,0
2025-11-29 00:20,0.97,0
2025-11-29 00:40,0.97,0
2025-11-29 01:00,0.97,0
2025-11-29 01:20,0.97,0
2025-11-29 01:40,0.96,0
2025-11-29 02:00,0.96,0
2025-11-29 02:20,0.96,0
2025-11-29 02:40,0.95,0
2025-11-29 03:00,0.95,0
2025-11-29 03:20,0.95,0
2025-11-29 03:40,0.95,0
2025-11-29 04:00,0.95,0
2025-11-29 04:20,0.95,0
2025-11-29 04:40,0.95,0
2025-11-29 05:00,0.95,0
2025-11-29 05:20,0.95,0
2025-11-29 05:40,0.95,0
2025-11-29 06:00,0.95,0
2025-11-29 06:20,0.95,0
2025-11-29 06:40,0.94,0
2025-11-29 07:00,0.94,0
2025-11-29 07:20,0.94,0
2025-11-29 07:40,0.93,0
2025-11-29 08:00,0.93,0
2025-11-29 08:20,0.97,0
2025-11-29 08:40,0.97,0
2025-11-29 09:00,0.97,0
2025-11-29 09:20,0.98,0
2025-11-29 09:40,0.97,0
2025-11-29 10:00,0.97,0
2025-11-29 10:20,0.97,0
2025-11-29 10:40,0.97,0
2025-11-29 11:00,0.97,0
2025-11-29 11:20,0.97,0
2025-11-29 11:40,0.96,0
2025-11-29 12:00,0.96,0
2025-11-29 12:20,0.95,0
2025-11-29 12:40,0.97,0
2025-11-29 13:00,0.97,0
2025-11-29 13:20,0.97,0
2025-11-29 13:40,0.97,0
2025-11-29 14:00,0.97,0
2025-11-29 14:20,0.96,0
2025-11-29 14:40,0.97,0
2025-11-29 15:00,0.97,0
2025-11-29 15:20,0.97,0
2025-11-29 15:40,0.96,0
2025-11-29 16:00,0.96,0
2025-11-29 16:20,0.96,0
2025-11-29 16:40,0.96,0
2025-11-29 17:00,0.96,0
2025-11-29 17:20,0.95,0
2025-11-29 17:40,0.95,0
2025-11-29 18:00,0.95,0
2025-11-29 18:20,0.94,0
2025-11-29 18:40,0.94,0
2025-11-29 19:00,0.94,0
2025-11-29 19:20,0.94,0
2025-11-29 19:40,0.94,0
2025-11-29 20:00,0.94,0
2025-11-29 20:20,0.96,0
2025-11-29 20:40,0.96,0
2025-11-29 21:00,0.96,0
2025-11-29 21:20,0.96,0
2025-11-29 21:40,0.96,0
2025-11-29 22:00,0.96,0
2025-11-29 22:20,0.96,0
2025-11-29 22:40,0.95,0
2025-11-29 23:00,0.95,0
2025-11-29 23:20,0.95,0
2025-11-29 23:40,0.94,0
2025-11-30 00:00,0.94,0
2025-11-30 00:20,0.94,0
2025-11-30 00:40,0.94,0
2025-11-30 01:00,0.94,0
2025-11-30 01:20,0.93,0
2025-11-30 01:40,0.93,0
2025-11-30 02:00,0.93,0
2025-11-30 02:20,0.98,0
2025-11-30 02:40,0.98,0
2025-11-30 03:00,0.98,0
2025-11-30 03:20,0.97,0
2025-11-30 03:40,0.97,0
2025-11-30 04:00,0.97,0
2025-11-30 04:20,0.96,0
2025-11-30 04:40,0.95,0
2025-11-30 05:00,0.95,0
2025-11-30 05:20,0.95,0
2025-11-30 05:40,0.95,0
2025-11-30 06:00,0.95,0
2025-11-30 06:20,0.94,0
2025-11-30 06:40,0.93,0
2025-11-30 07:00,0.93,0
2025-11-30 07:20,0.93,0
2025-11-30 07:40,0.93,0
2025-11-30 08:00,0.93,0
2025-11-30 08:20,0.92,0
2025-11-30 08:40,0.96,0
2025-11-30 09:00,0.97,0
2025-11-30 09:20,0.96,0
2025-11-30 09:40,0.95,0
2025-11-30 10:00,0.96,0
2025-11-30 10:20,0.95,0
2025-11-30 10:40,0.95,0
2025-11-30 11:00,0.94,0
2025-11-30 11:20,0.96,0
2025-11-30 11:40,0.96,0
2025-11-30 12:00,0.95,0
2025-11-30 12:20,0.95,0
2025-11-30 12:40,0.95,0
2025-11-30 13:00,0.95,0
2025-11-30 13:20,0.94,0
2025-11-30 13:40,0.94,0
2025-11-30 14:00,0.94,0
2025-11-30 14:20,0.93,0
2025-11-30 14:40,0.93,0
2025-11-30 15:00,0.93,0
2025-11-30 15:20,0.93,0
2025-11-30 15:40,0.92,0
2025-11-30 16:00,0.92,0
2025-11-30 16:20,0.91,0
2025-11-30 16:40,0.91,0
2025-11-30 17:00,0.91,0
2025-11-30 17:20,0.91,0
2025-11-30 17:40,0.9,0
2025-11-30 18:00,0.9,0
2025-11-30 18:20,0.9,0
2025-11-30 18:40,0.95,0
2025-11-30 19:00,0.95,0
2025-11-30 19:20,0.95,0
2025-11-30 19:40,0.94,0
2025-11-30 20:00,0.94,0
2025-11-30 20:20,0.95,0
2025-11-30 20:40,0.94,0
2025-11-30 21:00,0.94,0
2025-11-30 21:20,0.94,0
2025-11-30 21:40,0.94,0
2025-11-30 22:00,0.94,0
2025-11-30 22:20,0.93,0
2025-11-30 22:40,0.92,0
2025-11-30 23:00,0.93,0
2025-11-30 23:20,0.92,0
2025-11-30 23:40,0.91,0
2025-12-01 00:00,0.91,0
2025-12-01 00:20,0.91,0
2025-12-01 00:40,0.91,0
2025-12-01 01:00,0.91,0
2025-12-01 01:20,0.91,0
2025-12-01 01:40,0.9,0
2025-12-01 02:00,0.91,0
2025-12-01 02:20,0.9,0
2025-12-01 02:40,0.9,0
2025-12-01 03:00,0.89,0
2025-12-01 03:20,0.89,0
2025-12-01 03:40,0.98,0
2025-12-01 04:00,0.98,0
2025-12-01 04:20,0.97,0
2025-12-01 04:40,0.97,0
2025-12-01 05:00,0.97,0
2025-12-01 05:20,0.96,0
2025-12-01 05:40,0.96,0
2025-12-01 06:00,0.96,0
2025-12-01 06:20,0.95,0
2025-12-01 06:40,0.95,0
2025-12-01 07:00,0.95,0
2025-12-01 07:20,0.94,0
2025-12-01 07:40,0.94,0
2025-12-01 08:00,0.94,0
2025-12-01 08:20,0.94,0
2025-12-01 08:40,0.93,0
2025-12-01 09:34,0.93,0
2025-12-01 09:49,0.93,0
2025-12-01 10:00,1.16,0
2025-12-01 10:21,0.92,0
2025-12-01 10:41,0.92,0
2025-12-01 11:01,0.92,0
2025-12-01 11:21,5.85,0
2025-12-02 10:57,3.07,0
2025-12-02 10:58,0.72,0
2025-12-02 10:59,0.98,0
2025-12-02 11:21,0.94,0
2025-12-02 11:31,0.94,0
2025-12-02 11:51,0.94,0
2025-12-02 12:11,0.94,0
2025-12-02 12:31,0.94,0
2025-12-02 12:51,0.94,0
2025-12-02 13:11,0.94,0
2025-12-02 13:31,0.94,0
2025-12-02 13:51,0.94,0
2025-12-02 14:11,0.94,0
2025-12-02 14:31,0.94,0
2025-12-02 14:51,0.99,0
2025-12-02 15:11,0.99,0
2025-12-02 15:21,1.0,6.6
2025-12-02 15:22,0.99,6.61
2025-12-02 15:31,1.0,6.69
2025-12-02 15:51,1.06,3.62
2025-12-02 16:11,0.96,6.61
