date,temperature,humidity,co2
2025-12-29 17:28,23.3,47.4,
2025-12-29 18:08,22.2,48.2,535
2025-12-29 19:48,21.7,64.2,
2025-12-29 20:05,21.8,62.8,
2025-12-29 20:08,21.9,63.0,
2025-12-29 20:09,21.9,62.8,503
2025-12-29 20:10,21.9,62.5,505
2025-12-29 20:30,21.7,62.9,499
2025-12-29 21:01:52,21.2,64.9,498
2025-12-29 21:23,20.9,65.5,497
2025-12-29 21:23,20.9,65.5,498
2025-12-29 21:23:57,20.8,65.6,498
2025-12-29 21:24,20.8,65.9,495
2025-12-29 21:24,20.8,65.7,495
2025-12-29 21:43:56,20.7,66.0,
2025-12-29 22:03:56,20.5,65.2,
2025-12-29 22:23:56,20.3,65.2,
2025-12-29 22:43:56,20.1,65.2,
2025-12-29 23:03:56,20.0,64.0,
2025-12-29 23:23:56,19.7,65.1,
2025-12-29 23:43:56,19.4,66.8,
2025-12-30 00:03:56,19.0,67.7,
2025-12-30 00:23:56,18.7,67.7,
2025-12-30 00:43:56,18.5,67.6,
2025-12-30 01:03:56,18.3,67.5,
2025-12-30 01:23:56,18.0,67.5,486
2025-12-30 01:43:56,17.9,67.4,481
2025-12-30 02:03:56,17.7,67.1,
2025-12-30 02:23:56,17.5,66.9,483
2025-12-30 02:43:56,17.4,66.3,484
2025-12-30 03:03:56,17.3,66.2,484
2025-12-30 03:23:56,17.2,65.4,484
2025-12-30 03:43:56,17.0,65.6,480
2025-12-30 04:03:56,17.0,65.5,484
2025-12-30 04:23:56,16.9,65.4,482
2025-12-30 04:43:56,16.8,64.9,479
2025-12-30 05:03:56,16.8,64.0,
2025-12-30 05:23:56,16.6,63.8,
2025-12-30 05:43:56,16.6,61.1,
2025-12-30 06:03:56,16.0,56.1,
2025-12-30 06:23:56,16.2,55.7,
2025-12-30 06:43:56,16.3,56.0,
2025-12-30 07:03:56,16.4,56.4,
2025-12-30 07:23:56,16.5,56.6,
2025-12-30 07:43:56,16.6,56.1,
2025-12-30 08:03:56,16.6,55.6,
2025-12-30 08:23:56,16.8,54.0,
2025-12-30 08:43:56,17.1,52.3,
2025-12-30 09:03:56,17.5,50.9,
2025-12-30 09:23:56,17.5,37.4,
2025-12-30 09:43:56,18.0,33.6,
2025-12-30 10:03:56,18.6,31.8,
2025-12-30 10:23:56,19.2,31.2,454
2025-12-30 10:43:56,19.9,31.7,450
2025-12-30 10:49:37,20.4,30.3,440
2025-12-30 10:52,20.6,30.1
2025-12-30 10:55,20.8,28.9,
2025-12-30 16:37,25.9,28.5
2025-12-30 16:39,25.8,28.5
2025-12-30 16:55,25.0,30.4
2025-12-30 16:55,25.0,30.5
2025-12-30 19:55,20.8,58.0
2026-01-01 01:35,16.1,38.4
2026-01-02 09:12,19.3,34.4
2026-01-02 09:14,19.3,35.3,517
2026-01-02 09:34,19.2,39.3,526
2026-01-02 09:54,21.3,29.5,526
2026-01-02 10:14,19.7,37.7,516
2026-01-02 10:34,20.9,32.2,509
2026-01-02 10:54,22.8,29.2,506
2026-01-02 11:14,23.0,29.7,511
2026-01-02 11:34,25.0,27.4,515
2026-01-02 11:47,25.7,26.9,520
2026-01-02 12:07,25.9,31.7,509
2026-01-02 12:27,26.5,34.0,497
2026-01-02 12:47,26.9,35.4,484
2026-01-02 13:03,27.0,35.9,478
2026-01-02 13:23,25.3,37.2,510
2026-01-02 13:43,23.8,36.8,526
2026-01-02 14:03,22.6,43.5,603
2026-01-02 14:23,21.7,47.7,643
2026-01-02 14:43,21.3,50.8,690
2026-01-02 15:03,20.9,52.1,683
2026-01-02 15:23,20.6,51.8,651
2026-01-02 15:43,20.4,52.7,618
2026-01-02 16:03,20.3,52.1,581
2026-01-02 16:23,20.1,52.1,563
2026-01-02 16:43,19.5,52.0,543
2026-01-02 17:03,18.6,52.8,528
2026-01-02 17:23,19.1,50.7,498
2026-01-02 17:43,19.2,49.9,488
2026-01-02 18:03,19.2,50.2,486
2026-01-02 18:23,19.3,49.5,481
2026-01-02 18:43,19.1,50.1,484
2026-01-02 19:03,19.1,50.5,480
2026-01-02 19:23,19.1,49.8,487
2026-01-02 19:43,19.1,50.6,502
2026-01-02 20:03,19.0,50.8,501
2026-01-02 20:23,19.0,52.0,496
2026-01-02 20:43,18.9,53.9,497
2026-01-02 21:03,18.7,55.7,491
2026-01-02 21:23,18.3,57.0,489
2026-01-02 21:43,18.2,57.6,485
2026-01-02 22:03,18.0,58.2,482
2026-01-02 22:23,17.8,58.2,
2026-01-02 22:43,17.7,58.3,478
2026-01-02 23:03,17.5,60.1,479
2026-01-02 23:23,17.2,59.7,481
2026-01-02 23:43,16.9,59.2,484
2026-01-03 00:03,16.6,56.9,482
2026-01-03 00:23,16.4,58.7,483
2026-01-03 00:43,16.1,58.0,486
2026-01-03 01:03,15.9,58.2,488
2026-01-03 01:23,15.8,58.3,489
2026-01-03 01:43,15.6,58.6,489
2026-01-03 02:03,15.6,58.3,489
2026-01-03 02:23,15.7,58.3,490
2026-01-03 02:43,15.8,57.1,486
2026-01-03 03:03,16.0,53.0,489
2026-01-03 03:23,16.1,57.7,489
2026-01-03 03:43,16.0,57.8,489
2026-01-03 04:03,15.8,57.6,496
2026-01-03 04:23,15.7,58.1,498
2026-01-03 04:43,15.7,58.3,506
2026-01-03 05:03,15.9,53.0,501
2026-01-03 05:23,16.1,55.2,505
2026-01-03 05:43,16.3,56.9,502
2026-01-03 06:03,16.3,58.0,504
2026-01-03 06:23,16.1,59.4,505
2026-01-03 06:43,16.2,59.8,503
2026-01-03 07:03,16.2,60.0,507
2026-01-03 07:23,16.0,60.9,508
2026-01-03 07:43,16.0,60.8,510
2026-01-03 08:03,16.1,60.4,513
2026-01-03 08:23,16.1,60.7,514
2026-01-03 08:43,16.2,60.4,521
2026-01-03 09:03,16.5,60.3,521
2026-01-03 09:23,16.7,59.9,520
2026-01-03 09:43,16.9,59.9,526
2026-01-03 10:03,17.2,59.7,525
2026-01-03 10:23,17.3,59.2,526
2026-01-03 10:43,17.5,59.0,524
2026-01-03 11:03,17.6,59.3,527
2026-01-03 11:23,17.5,59.3,529
2026-01-03 11:43,17.7,59.0,531
2026-01-03 12:03,17.7,59.4,537
2026-01-03 12:23,17.6,60.0,535
2026-01-03 12:43,17.6,59.7,537
2026-01-03 13:03,17.6,60.1,537
2026-01-03 13:23,17.6,60.5,540
2026-01-03 13:43,17.6,60.6,540
2026-01-03 14:03,17.6,60.5,539
2026-01-03 14:23,17.6,60.4,540
2026-01-03 14:43,17.5,60.3,537
2026-01-03 15:03,17.6,59.0,536
2026-01-03 15:23,17.6,57.4,529
2026-01-03 15:43,17.6,55.7,529
2026-01-03 16:03,17.5,54.7,527
2026-01-03 16:23,17.3,54.3,529
2026-01-03 16:43,17.3,53.8,528
2026-01-03 17:03,17.3,53.3,528
2026-01-03 17:23,17.2,53.3,506
2026-01-03 17:43,17.1,53.1,506
2026-01-03 18:03,17.1,52.9,504
2026-01-03 18:23,17.0,53.2,506
2026-01-03 18:43,16.9,53.5,504
2026-01-03 19:03,16.9,53.1,509
2026-01-03 19:23,16.8,52.9,508
2026-01-03 19:43,16.7,53.4,508
2026-01-03 20:03,16.6,53.3,516
2026-01-03 20:23,16.5,53.3,516
2026-01-03 20:43,16.5,52.9,515
2026-01-03 21:03,16.5,53.2,522
2026-01-03 21:23,16.3,53.5,520
2026-01-03 21:43,16.4,53.0,521
2026-01-03 22:03,16.2,53.0,522
2026-01-03 22:23,16.2,53.1,520
2026-01-03 22:43,16.2,53.0,523
2026-01-03 23:03,16.1,54.3,528
2026-01-03 23:23,16.0,51.7,536
2026-01-03 23:43,15.7,50.5,534
2026-01-04 00:03,15.4,49.9,531
2026-01-04 00:23,15.2,49.9,532
2026-01-04 00:43,15.0,50.2,538
2026-01-04 01:03,14.9,50.0,
2026-01-04 01:23,14.8,49.8,545
2026-01-04 01:43,14.6,50.0,549
2026-01-04 02:03,14.5,49.8,551
2026-01-04 02:23,14.5,50.5,554
2026-01-04 02:43,14.4,51.1,557
2026-01-04 03:03,14.3,51.3,560
2026-01-04 03:23,14.2,50.8,563
2026-01-04 03:43,14.1,51.9,566
2026-01-04 04:03,14.0,52.4,566
2026-01-04 04:23,14.0,51.8,568
2026-01-04 04:43,13.9,51.2,565
2026-01-04 05:03,13.6,47.1,572
2026-01-04 05:23,14.3,48.9,569
2026-01-04 05:43,14.5,50.7,567
2026-01-04 06:03,14.7,52.0,565
2026-01-04 06:23,14.8,52.5,565
2026-01-04 06:43,14.8,53.3,564
2026-01-04 07:03,14.9,53.6,564
2026-01-04 07:23,14.9,54.3,570
2026-01-04 07:43,14.9,54.2,571
2026-01-04 08:03,14.9,54.6,574
2026-01-04 08:23,15.0,54.1,573
2026-01-04 08:43,15.1,54.2,572
2026-01-04 09:03,15.3,53.7,570
2026-01-04 09:23,15.5,53.4,568
2026-01-04 09:43,15.7,53.3,565
2026-01-04 10:03,16.1,52.5,566
2026-01-04 10:23,16.4,52.0,563
2026-01-04 10:43,16.7,51.8,561
2026-01-04 11:03,16.9,51.6,560
2026-01-04 11:23,16.9,51.7,557
2026-01-04 11:43,16.9,51.9,551
2026-01-04 12:03,16.9,52.0,547
2026-01-04 12:23,16.9,52.4,542
2026-01-04 12:43,17.0,52.2,536
2026-01-04 13:03,16.9,52.8,533
2026-01-04 13:23,16.9,52.8,526
2026-01-04 13:43,16.8,52.9,524
2026-01-04 14:03,16.9,53.1,520
2026-01-04 14:23,16.8,53.0,516
2026-01-04 14:43,16.7,53.3,511
2026-01-04 15:03,16.6,53.5,512
2026-01-04 15:23,16.5,54.3,509
2026-01-04 15:43,16.5,54.3,506
2026-01-04 16:03,16.5,54.4,507
2026-01-04 16:23,16.5,54.3,501
2026-01-04 16:43,16.4,54.7,497
2026-01-04 17:03,16.3,54.6,493
2026-01-04 17:23,16.3,54.6,471
2026-01-04 17:43,16.3,54.4,468
2026-01-04 18:03,16.0,54.9,465
2026-01-04 18:23,16.0,54.7,469
2026-01-04 18:43,15.9,54.8,463
2026-01-04 19:03,15.8,54.7,463
2026-01-04 19:23,15.8,54.7,464
2026-01-04 19:43,15.7,54.6,461
2026-01-04 20:03,15.7,53.9,459
2026-01-04 20:23,15.6,54.5,460
2026-01-04 20:43,15.6,54.5,459
2026-01-04 21:03,15.6,54.5,458
2026-01-04 21:23,15.6,54.5,462
2026-01-04 21:43,15.5,54.6,460
2026-01-04 22:03,15.4,54.5,462
2026-01-04 22:23,15.3,54.6,462
2026-01-04 22:43,15.2,54.8,465
2026-01-04 23:03,15.2,55.2,468
2026-01-04 23:23,15.1,52.9,466
2026-01-04 23:43,14.8,51.8,467
2026-01-05 00:03,14.5,50.7,467
2026-01-05 00:23,14.3,50.3,468
2026-01-05 00:43,14.2,49.8,462
2026-01-05 01:03,14.0,49.4,466
2026-01-05 01:23,13.9,49.2,466
2026-01-05 01:43,13.8,49.3,461
2026-01-05 02:03,13.7,49.1,463
2026-01-05 02:23,13.6,49.2,465
2026-01-05 02:43,13.5,49.3,464
2026-01-05 03:03,13.4,48.9,460
2026-01-05 03:23,13.3,49.1,460
2026-01-05 03:43,13.3,48.5,459
2026-01-05 04:03,13.2,48.0,460
2026-01-05 04:23,13.1,48.4,462
2026-01-05 04:43,13.0,48.5,457
2026-01-05 05:03,12.5,46.7,461
2026-01-05 05:23,13.2,47.9,460
2026-01-05 05:43,13.4,49.9,460
2026-01-05 06:03,13.6,50.8,458
2026-01-05 06:23,13.6,51.3,454
2026-01-05 06:43,13.7,50.8,453
2026-01-05 07:03,13.7,50.9,452
2026-01-05 07:23,13.8,50.7,454
2026-01-05 07:43,13.7,50.9,458
2026-01-05 08:03,13.8,50.5,458
2026-01-05 08:23,13.8,49.9,462
2026-01-05 08:43,14.0,48.8,466
2026-01-05 09:00,16.5,35.8,467
2026-01-05 09:20,19.2,28.8,479
2026-01-05 09:40,20.0,30.7,502
2026-01-05 10:00,18.8,45.7,504
2026-01-05 10:20,18.4,59.0,507
2026-01-05 10:40,18.5,65.6,500
2026-01-05 11:00,18.5,69.8,492
2026-01-05 11:20,18.6,66.0,486
2026-01-05 11:40,18.7,69.0,493
2026-01-05 12:00,18.7,72.4,508
2026-01-05 12:20,18.8,64.6,514
2026-01-05 12:40,18.9,59.3,503
2026-01-05 13:00,18.9,56.1,490
2026-01-05 13:20,19.0,52.7,480
2026-01-05 13:40,19.1,51.2,493
2026-01-05 21:44,16.5,41.9,
2026-01-05 22:04,17.4,44.0,
2026-01-05 22:20,16.8,47.7,
2026-01-05 22:22,16.8,47.9,
2026-01-05 22:29,16.7,48.6,
2026-01-05 22:30,16.7,48.7,708
2026-01-05 22:42,16.6,49.7,
2026-01-05 23:02,16.6,50.0,
2026-01-06 00:37,,,
2026-01-06 01:37,,,
2026-01-06 03:13,,,
2026-01-06 09:00,15.1,48.6,478
2026-01-06 09:04,15.1,46.0,482
2026-01-06 09:09,17.4,37.7,492
2026-01-06 09:29,19.0,37.1,505
2026-01-06 09:49,20.2,37.8,511
2026-01-06 10:09,22.8,39.0,509
2026-01-06 10:29,23.0,38.8,511
2026-01-06 10:49,22.0,34.9,509
2026-01-06 11:09,,,516
2026-01-06 11:29,21.7,29.5,520
2026-01-06 11:49,20.6,41.7,533
2026-01-06 12:09,20.2,48.6,527
2026-01-06 12:29,19.9,52.7,514
2026-01-06 12:49,19.7,55.4,503
2026-01-06 13:09,19.6,57.0,500
2026-01-06 13:29,19.5,57.6,491
2026-01-06 13:49,19.5,49.5,488
2026-01-06 14:09,,,500
2026-01-06 14:29,,,
2026-01-06 14:49,,,575
2026-01-06 15:09,,,627
2026-01-06 15:29,,,
2026-01-06 15:33,18.3,57.4,667
2026-01-06 15:37,18.9,57.2,679
2026-01-06 15:49,20.6,57.5,699
2026-01-06 16:09,22.7,57.1,
2026-01-06 16:29,23.9,58.1,
2026-01-06 16:49,23.2,51.3,
2026-01-06 17:09,23.3,54.8,
2026-01-06 17:29,23.4,56.2,
2026-01-06 17:48,,,601
2026-01-06 17:48,,,602
2026-01-06 17:49,,,
2026-01-06 17:55,21.8,67.0,607
2026-01-06 17:57,21.7,68.0,605
2026-01-06 17:58,21.7,68.0,606
2026-01-06 17:58,21.7,68.0,608
2026-01-06 18:00,,,
2026-01-06 18:01,21.7,67.0,603
2026-01-06 18:37,,,
2026-01-06 18:38,24.1,46.0,634
2026-01-06 18:38,24.1,46.0,634
2026-01-06 18:57,23.0,56.0,638
2026-01-06 19:17,22.2,59.0,624
2026-01-06 19:37,,,
2026-01-06 19:57,,,
2026-01-06 20:17,20.5,63.0,557
2026-01-06 20:37,20.3,64.0,543
2026-01-06 20:57,,,
2026-01-06 21:10,,,
2026-01-06 21:10,19.9,65.0,523
2026-01-06 21:11,19.9,65.0,525
2026-01-06 21:14,,,
2026-01-06 21:18,19.8,65.0,523
2026-01-06 21:23,19.8,65.0,520
2026-01-06 21:25,,,
2026-01-06 21:26,19.8,65.0,519
2026-01-06 21:46,19.6,65.0,513
2026-01-06 22:06,19.6,65.0,508
2026-01-06 22:26,19.5,65.0,506
2026-01-06 22:46,,,
2026-01-06 23:06,19.3,61.0,497
2026-01-06 23:26,,,
2026-01-06 23:46,18.7,57.0,486
2026-01-07 00:06,,,
2026-01-07 00:26,,,
2026-01-07 00:46,17.7,55.0,478
2026-01-07 01:06,17.5,55.0,476
2026-01-07 01:26,,,
2026-01-07 01:46,,,
2026-01-07 02:06,,,
2026-01-07 02:26,,,
2026-01-07 02:46,,,
2026-01-07 03:06,,,
2026-01-07 03:26,,,
2026-01-07 03:46,,,
2026-01-07 04:06,,,
2026-01-07 04:26,16.2,57.0,485
2026-01-07 04:46,,,
2026-01-07 05:06,16.1,58.0,485
2026-01-07 05:26,16.3,62.0,488
2026-01-07 05:46,16.4,62.0,483
2026-01-07 06:06,16.5,64.0,478
2026-01-07 06:26,16.6,64.0,476
2026-01-07 06:46,16.7,64.0,473
2026-01-07 07:06,16.7,64.0,470
2026-01-07 07:26,16.8,64.0,469
2026-01-07 07:46,16.8,64.0,467
2026-01-07 08:06,16.8,64.0,467
2026-01-07 08:26,16.8,63.0,465
2026-01-07 08:46,16.9,62.0,464
2026-01-07 09:06,17.5,48.0,460
2026-01-07 09:20,17.9,47.0,461
2026-01-07 09:21,17.9,46.0,462
2026-01-07 09:22,17.9,46.0,461
2026-01-07 09:22,17.9,46.0,460
2026-01-07 09:23,17.9,46.0,458
2026-01-07 09:37,18.3,45.0,458
2026-01-07 09:57,,,
2026-01-07 10:17,,,
2026-01-07 10:37,,,
2026-01-07 10:53,25.8,49.0,446
2026-01-07 10:57,25.9,48.0,445
2026-01-07 11:17,26.9,54.0,442
2026-01-07 11:37,27.5,57.0,434
2026-01-07 11:57,27.8,59.0,422
2026-01-07 12:17,28.1,60.0,418
2026-01-07 12:37,28.5,61.0,413
2026-01-07 12:57,28.8,62.0,412
2026-01-07 13:17,29.0,61.0,409
2026-01-07 13:37,26.1,27.0,405
2026-01-07 13:57,23.6,25.0,400
2026-01-07 14:17,25.9,44.0,400
2026-01-07 14:37,26.9,51.0,437
2026-01-07 14:57,26.8,57.0,438
2026-01-07 15:17,24.6,54.0,457
2026-01-07 15:37,23.9,52.0,454
2026-01-07 15:57,23.2,51.0,451
2026-01-07 16:17,22.9,48.0,447
2026-01-07 16:37,22.8,48.0,447
2026-01-07 16:57,23.3,51.0,456
2026-01-07 17:17,23.5,54.0,459
2026-01-07 17:37,21.8,58.0,486
2026-01-07 17:57,20.7,54.0,502
2026-01-07 18:17,19.3,52.0,505
2026-01-07 18:37,18.4,52.0,518
2026-01-07 18:57,17.8,55.0,499
2026-01-07 19:17,18.4,63.0,493
2026-01-07 19:37,18.9,67.0,507
2026-01-07 19:57,19.0,69.0,520
2026-01-07 20:17,19.1,71.0,512
2026-01-07 20:37,19.3,71.0,510
2026-01-07 20:57,19.3,71.0,501
2026-01-07 21:17,19.4,71.0,494
2026-01-07 21:37,19.5,71.0,487
2026-01-07 21:57,19.5,71.0,480
2026-01-07 22:17,19.6,71.0,474
2026-01-07 22:37,19.6,71.0,471
2026-01-07 22:57,19.6,71.0,471
2026-01-07 23:17,19.7,65.0,467
2026-01-07 23:37,19.4,58.0,464
2026-01-07 23:57,19.0,59.0,474
2026-01-08 00:17,18.6,57.0,476
2026-01-08 00:37,18.2,56.0,478
2026-01-08 00:57,17.8,59.0,476
2026-01-08 01:17,17.6,59.0,479
2026-01-08 01:37,17.4,57.0,475
2026-01-08 01:57,17.1,59.0,474
2026-01-08 02:17,,,
2026-01-08 02:37,16.8,57.0,479
2026-01-08 02:57,16.6,60.0,476
2026-01-08 03:17,16.5,59.0,477
2026-01-08 03:37,16.3,57.0,479
2026-01-08 03:57,16.2,57.0,477
2026-01-08 04:17,16.1,57.0,476
2026-01-08 04:37,16.0,56.0,473
2026-01-08 04:57,15.9,56.0,478
2026-01-08 05:17,15.8,67.0,476
2026-01-08 05:37,16.1,69.0,477
2026-01-08 05:57,16.3,71.0,471
2026-01-08 06:17,16.4,70.0,466
2026-01-08 06:37,16.5,70.0,466
2026-01-08 06:57,16.5,71.0,466
2026-01-08 07:17,16.5,70.0,470
2026-01-08 07:37,16.5,70.0,471
2026-01-08 07:57,16.4,70.0,473
2026-01-08 08:17,16.8,70.0,473
2026-01-08 08:37,17.1,69.0,467
2026-01-08 08:57,17.4,64.0,473
2026-01-08 09:17,17.8,62.0,495
2026-01-08 09:37,20.9,56.0,499
2026-01-08 09:57,22.3,54.0,500
2026-01-08 10:17,23.2,54.0,514
2026-01-08 10:37,23.7,53.0,505
2026-01-08 10:57,24.1,50.0,489
2026-01-08 11:17,24.6,48.0,489
2026-01-08 11:37,24.7,48.0,484
2026-01-08 11:57,24.8,49.0,492
2026-01-08 12:17,24.8,49.0,485
2026-01-08 12:37,24.9,49.0,479
2026-01-08 12:57,24.9,49.0,471
2026-01-08 13:17,25.0,49.0,493
2026-01-08 13:37,25.0,48.0,501
2026-01-08 13:57,24.1,33.0,495
2026-01-08 14:05,23.8,36.0,495
2026-01-08 14:06,23.7,35.0,495
2026-01-08 14:06,23.7,35.0,492
2026-01-08 14:07,23.7,34.0,493
2026-01-08 14:07,23.7,34.0,495
2026-01-08 14:08,23.6,34.0,496
2026-01-08 14:08,,,
2026-01-08 14:09,,,
2026-01-08 14:09,,,
2026-01-08 14:10,,,
2026-01-08 14:10,,,
2026-01-08 14:11,,,
2026-01-08 14:11,,,
2026-01-08 14:12,,,
2026-01-08 14:12,,,
2026-01-08 14:13,,,
2026-01-08 14:13,,,
2026-01-08 14:14,,,
2026-01-08 14:14,,,
2026-01-08 14:15,,,
2026-01-08 14:15,,,
2026-01-08 14:16,,,
2026-01-08 14:16,,,
2026-01-08 14:16,,,
2026-01-08 14:17,,,
2026-01-08 14:17,,,
2026-01-08 14:18,,,
2026-01-08 14:18,,,
2026-01-08 14:19,23.3,32.0,500
2026-01-08 14:19,,,
2026-01-08 14:20,,,
2026-01-08 14:20,,,
2026-01-08 14:21,,,
2026-01-08 14:21,,,
2026-01-08 14:22,,,
2026-01-08 14:22,,,
2026-01-08 14:23,,,
2026-01-08 14:23,,,
2026-01-08 14:24,,,
2026-01-08 14:24,,,
2026-01-08 14:25,,,
2026-01-08 14:25,,,
2026-01-08 14:26,,,
2026-01-08 14:26,,,
2026-01-08 14:27,,,
2026-01-08 14:27,,,
2026-01-08 14:28,,,
2026-01-08 14:28,,,
2026-01-08 14:29,,,
2026-01-08 14:29,,,
2026-01-08 14:30,,,
2026-01-08 14:30,23.1,34.0,655
2026-01-08 14:31,,,
2026-01-08 14:31,23.0,35.0,537
2026-01-08 14:32,,,
2026-01-08 14:32,,,
2026-01-08 14:33,,,
2026-01-08 14:33,,,
2026-01-08 14:34,,,
2026-01-08 14:34,,,
2026-01-08 14:35,,,
2026-01-08 14:35,,,
2026-01-08 14:36,22.9,32.0,500
2026-01-08 14:36,22.9,32.0,500
2026-01-08 14:37,22.9,32.0,618
2026-01-08 14:37,,,
2026-01-08 14:38,,,
2026-01-08 14:38,,,
2026-01-08 14:39,,,
2026-01-08 14:39,,,
2026-01-08 14:40,,,
2026-01-08 14:40,22.9,32.0,500
2026-01-08 14:40,,,
2026-01-08 14:41,,,
2026-01-08 14:41,22.9,36.0,567
2026-01-08 14:42,23.0,36.0,534
2026-01-08 14:42,,,
2026-01-08 14:43,,,
2026-01-08 14:43,23.0,36.0,521
2026-01-08 14:44,23.0,37.0,519
2026-01-08 14:44,22.9,36.0,519
2026-01-08 14:45,23.0,36.0,519
2026-01-08 14:45,,,
2026-01-08 14:46,,,
2026-01-08 14:46,22.9,36.0,512
2026-01-08 14:47,22.9,35.0,514
2026-01-08 14:47,22.9,35.0,511
2026-01-08 14:48,,,
2026-01-08 14:48,22.9,35.0,510
2026-01-08 14:49,22.9,35.0,509
2026-01-08 14:49,22.9,35.0,508
2026-01-08 14:50,,,
2026-01-08 14:50,22.9,35.0,504
2026-01-08 14:51,22.8,34.0,501
2026-01-08 14:51,,,
2026-01-08 14:52,22.8,34.0,502
2026-01-08 14:52,22.8,33.0,501
2026-01-08 14:53,,,
2026-01-08 14:53,,,
2026-01-08 14:54,22.8,34.0,500
2026-01-08 14:54,22.8,34.0,498
2026-01-08 14:55,22.8,33.0,500
2026-01-08 14:55,,,
2026-01-08 14:56,,,
2026-01-08 14:56,22.8,33.0,494
2026-01-08 14:57,,,
2026-01-08 14:57,,,
2026-01-08 14:58,22.8,33.0,491
2026-01-08 14:58,22.8,32.0,490
2026-01-08 14:59,,,
2026-01-08 14:59,22.8,33.0,488
2026-01-08 15:00,,,
2026-01-08 15:00,,,
2026-01-08 15:01,,,
2026-01-08 15:01,22.8,35.0,486
2026-01-08 15:02,22.8,36.0,486
2026-01-08 15:02,22.8,35.0,487
2026-01-08 15:03,22.8,36.0,489
2026-01-08 15:03,22.8,36.0,489
2026-01-08 15:04,,,
2026-01-08 15:04,,,
2026-01-08 15:05,22.8,36.0,486
2026-01-08 15:05,,,
2026-01-08 15:06,22.8,36.0,486
2026-01-08 15:06,22.8,35.0,485
2026-01-08 15:07,22.8,35.0,483
2026-01-08 15:07,22.8,35.0,482
2026-01-08 15:08,22.8,35.0,482
2026-01-08 15:08,,,
2026-01-08 15:09,,,
2026-01-08 15:09,,,
2026-01-08 15:10,22.7,32.0,484
2026-01-08 15:10,,,
2026-01-08 15:11,22.4,30.0,483
2026-01-08 15:11,22.3,29.0,483
2026-01-08 15:12,22.2,29.0,482
2026-01-08 15:12,22.0,28.0,482
2026-01-08 15:13,,,
2026-01-08 15:13,21.8,28.0,485
2026-01-08 15:14,21.7,27.0,482
2026-01-08 15:14,21.6,27.0,482
2026-01-08 15:15,21.4,27.0,486
2026-01-08 15:15,21.3,26.0,485
2026-01-08 15:16,21.2,26.0,486
2026-01-08 15:16,21.0,26.0,484
2026-01-08 15:17,,,
2026-01-08 15:17,,,
2026-01-08 15:18,20.5,26.0,487
2026-01-08 15:18,20.4,25.0,486
2026-01-08 15:19,20.2,26.0,486
2026-01-08 15:19,20.1,26.0,486
2026-01-08 15:20,20.0,26.0,487
2026-01-08 15:20,19.9,26.0,485
2026-01-08 15:21,19.9,26.0,486
2026-01-08 15:21,,,
2026-01-08 15:22,19.7,27.0,485
2026-01-08 15:22,19.7,26.0,485
2026-01-08 15:23,19.6,26.0,482
2026-01-08 15:23,,,
2026-01-08 15:24,19.4,25.0,480
2026-01-08 15:24,19.4,25.0,480
2026-01-08 15:25,19.3,25.0,480
2026-01-08 15:25,19.3,25.0,477
2026-01-08 15:26,19.2,25.0,477
2026-01-08 15:26,19.2,25.0,478
2026-01-08 15:27,19.1,26.0,476
2026-01-08 15:27,,,
2026-01-08 15:28,19.1,26.0,477
2026-01-08 15:28,19.1,27.0,479
2026-01-08 15:29,19.1,27.0,477
2026-01-08 15:29,19.0,26.0,476
2026-01-08 15:30,19.0,26.0,476
2026-01-08 15:30,19.0,25.0,476
2026-01-08 15:31,19.0,25.0,473
2026-01-08 15:31,,,
2026-01-08 15:32,18.8,25.0,475
2026-01-08 15:32,18.7,26.0,475
2026-01-08 15:33,18.6,25.0,475
2026-01-08 15:33,18.6,27.0,473
2026-01-08 15:34,18.6,28.0,476
2026-01-08 15:34,,,
2026-01-08 15:35,18.7,30.0,477
2026-01-08 15:35,,,
2026-01-08 15:36,19.0,32.0,477
2026-01-08 15:36,19.2,32.0,478
2026-01-08 15:37,19.3,33.0,475
2026-01-08 15:37,19.5,34.0,479
2026-01-08 15:38,19.6,33.0,476
2026-01-08 15:38,19.7,34.0,478
2026-01-08 15:39,19.8,34.0,477
2026-01-08 15:39,19.9,34.0,479
2026-01-08 15:40,,,
2026-01-08 15:40,20.0,35.0,478
2026-01-08 15:41,20.1,37.0,476
2026-01-08 15:41,20.2,38.0,478
2026-01-08 15:42,20.3,39.0,477
2026-01-08 15:42,,,
2026-01-08 15:43,20.5,40.0,478
2026-01-08 15:43,20.6,40.0,479
2026-01-08 15:44,20.7,40.0,479
2026-01-08 15:44,20.8,41.0,479
2026-01-08 15:45,,,
2026-01-08 15:45,20.9,42.0,479
2026-01-08 15:46,21.0,42.0,477
2026-01-08 15:46,21.1,43.0,475
2026-01-08 15:47,,,
2026-01-08 15:47,21.2,44.0,477
2026-01-08 15:48,,,
2026-01-08 15:48,,,
2026-01-08 15:49,,,
2026-01-08 15:49,21.5,44.0,477
2026-01-08 15:50,21.6,44.0,474
2026-01-08 15:50,21.6,45.0,472
2026-01-08 15:51,21.7,45.0,473
2026-01-08 15:51,21.7,45.0,470
2026-01-08 15:52,21.7,46.0,472
2026-01-08 15:52,,,
2026-01-08 15:53,,,
2026-01-08 15:53,21.8,46.0,472
2026-01-08 15:54,21.9,46.0,470
2026-01-08 15:54,21.9,46.0,472
2026-01-08 15:55,,,
2026-01-08 15:55,22.0,47.0,472
2026-01-08 15:56,22.1,47.0,473
2026-01-08 15:56,22.1,47.0,471
2026-01-08 15:57,22.2,47.0,472
2026-01-08 15:57,,,
2026-01-08 15:58,,,
2026-01-08 15:58,22.3,47.0,472
2026-01-08 15:59,22.3,47.0,471
2026-01-08 15:59,22.4,47.0,476
2026-01-08 16:00,,,
2026-01-08 16:00,22.4,48.0,474
2026-01-08 16:01,22.5,49.0,474
2026-01-08 16:01,,,
2026-01-08 16:02,22.5,50.0,474
2026-01-08 16:02,,,
2026-01-08 16:03,22.6,51.0,477
2026-01-08 16:03,22.6,50.0,478
2026-01-08 16:04,,,
2026-01-08 16:04,22.7,50.0,479
2026-01-08 16:05,22.7,50.0,480
2026-01-08 16:05,,,
2026-01-08 16:06,22.8,51.0,482
2026-01-08 16:06,22.8,51.0,482
2026-01-08 16:07,22.8,51.0,483
2026-01-08 16:07,22.8,51.0,481
2026-01-08 16:08,,,
2026-01-08 16:08,,,
2026-01-08 16:09,,,
2026-01-08 16:09,,,
2026-01-08 16:10,23.0,50.0,483
2026-01-08 16:10,23.1,50.0,486
2026-01-08 16:11,,,
2026-01-08 16:11,23.1,50.0,482
2026-01-08 16:12,23.1,50.0,482
2026-01-08 16:12,,,
2026-01-08 16:13,23.2,50.0,481
2026-01-08 16:13,,,
2026-01-08 16:14,,,
2026-01-08 16:14,23.3,50.0,482
2026-01-08 16:15,23.3,50.0,483
2026-01-08 16:15,23.4,50.0,483
2026-01-08 16:16,23.4,50.0,480
2026-01-08 16:16,,,
2026-01-08 16:17,23.4,50.0,486
2026-01-08 16:17,,,
2026-01-08 16:17,23.4,50.0,484
2026-01-08 16:40,22.5,37.0,489
2026-01-08 17:00,21.1,37.0,482
2026-01-08 17:00,21.1,37.0,482
2026-01-08 17:10,21.4,40.0,474
2026-01-08 17:20,21.4,36.0,469
2026-01-08 17:20,21.4,36.0,470
2026-01-08 17:40,21.3,36.0,473
2026-01-08 17:40,21.3,36.0,473
2026-01-08 18:00,21.9,41.0,470
2026-01-08 18:00,21.9,41.0,469
2026-01-08 18:20,20.0,52.0,472
2026-01-08 18:20,20.0,53.0,472
2026-01-08 18:40,19.5,63.0,469
2026-01-08 18:40,19.5,62.0,469
2026-01-08 19:00,19.2,66.0,472
2026-01-08 19:00,19.2,66.0,471
2026-01-08 19:20,19.0,68.0,477
2026-01-08 19:20,19.0,68.0,477
2026-01-08 19:40,18.9,68.0,485
2026-01-08 19:40,18.9,68.0,485
2026-01-08 20:00,18.7,69.0,487
2026-01-08 20:00,18.7,69.0,487
2026-01-08 20:20,18.7,70.0,491
2026-01-08 20:20,18.7,70.0,491
2026-01-08 20:40,18.7,71.0,494
2026-01-08 20:40,18.7,71.0,494
2026-01-08 21:00,18.6,71.0,495
2026-01-08 21:00,18.6,71.0,495
2026-01-08 21:20,18.7,72.0,497
2026-01-08 21:20,18.7,72.0,497
2026-01-08 21:40,18.7,72.0,499
2026-01-08 21:40,18.7,72.0,499
2026-01-08 22:00,18.7,72.0,500
2026-01-08 22:00,18.7,72.0,500
2026-01-08 22:20,18.8,71.0,506
2026-01-08 22:20,18.8,71.0,506
2026-01-08 22:40,18.8,70.0,503
2026-01-08 22:40,18.8,70.0,504
2026-01-08 23:00,18.8,70.0,507
2026-01-08 23:00,18.8,70.0,507
2026-01-08 23:20,19.1,62.0,501
2026-01-08 23:20,19.1,62.0,501
2026-01-08 23:40,18.9,58.0,507
2026-01-08 23:40,18.9,58.0,507
2026-01-09 00:00,18.8,56.0,514
2026-01-09 00:00,18.8,56.0,515
2026-01-09 00:20,18.6,55.0,523
2026-01-09 00:20,18.6,55.0,522
2026-01-09 00:40,18.5,54.0,531
2026-01-09 00:40,18.5,54.0,531
2026-01-09 01:00,18.3,53.0,538
2026-01-09 01:00,18.3,53.0,538
2026-01-09 01:20,18.2,52.0,543
2026-01-09 01:20,18.2,52.0,543
2026-01-09 01:40,18.0,52.0,545
2026-01-09 01:40,18.1,52.0,544
2026-01-09 02:00,17.9,51.0,542
2026-01-09 02:00,18.0,51.0,542
2026-01-09 02:20,17.8,51.0,533
2026-01-09 02:20,17.8,51.0,533
2026-01-09 02:40,17.8,50.0,530
2026-01-09 02:40,17.8,50.0,530
2026-01-09 03:00,17.7,50.0,528
2026-01-09 03:00,17.7,50.0,529
2026-01-09 03:20,17.6,50.0,529
2026-01-09 03:20,17.6,50.0,529
2026-01-09 03:40,17.5,50.0,525
2026-01-09 03:40,17.5,50.0,525
2026-01-09 04:00,17.4,50.0,524
2026-01-09 04:00,17.4,50.0,524
2026-01-09 04:20,17.3,50.0,523
2026-01-09 04:20,17.3,50.0,523
2026-01-09 04:40,17.1,51.0,520
2026-01-09 04:40,17.1,51.0,520
2026-01-09 05:00,16.7,52.0,518
2026-01-09 05:00,16.7,52.0,518
2026-01-09 05:20,16.2,65.0,514
2026-01-09 05:20,16.2,65.0,514
2026-01-09 05:40,16.4,68.0,515
2026-01-09 05:40,16.4,68.0,515
2026-01-09 06:00,16.4,70.0,516
2026-01-09 06:00,16.4,70.0,516
2026-01-09 06:20,16.5,70.0,517
2026-01-09 06:20,16.5,70.0,517
2026-01-09 06:40,16.5,70.0,518
2026-01-09 06:40,16.5,70.0,518
2026-01-09 07:00,16.4,70.0,518
2026-01-09 07:00,16.4,70.0,518
2026-01-09 07:20,16.5,69.0,519
2026-01-09 07:20,16.5,69.0,519
2026-01-09 07:40,16.6,69.0,518
2026-01-09 07:40,16.6,69.0,518
2026-01-09 08:00,16.6,68.0,521
2026-01-09 08:00,16.6,68.0,521
2026-01-09 08:20,16.6,66.0,522
2026-01-09 08:20,16.6,66.0,522
2026-01-09 08:40,16.6,65.0,526
2026-01-09 08:40,16.6,65.0,526
2026-01-09 09:00,16.7,63.0,535
2026-01-09 09:00,16.7,63.0,535
2026-01-09 09:20,19.8,49.0,564
2026-01-09 09:20,19.8,49.0,564
2026-01-09 09:40,21.5,49.0,589
2026-01-09 09:40,21.5,49.0,589
2026-01-09 10:00,22.4,55.0,588
2026-01-09 10:00,22.4,55.0,588
2026-01-09 10:20,23.3,60.0,592
2026-01-09 10:20,23.2,60.0,592
2026-01-09 10:40,23.9,62.0,594
2026-01-09 10:40,23.9,62.0,594
2026-01-09 11:00,24.5,64.0,580
2026-01-09 11:00,24.5,64.0,580
2026-01-09 11:20,25.1,65.0,560
2026-01-09 11:20,25.1,65.0,560
2026-01-09 11:40,25.2,52.0,551
2026-01-09 11:40,25.2,52.0,551
2026-01-09 12:00,25.3,52.0,546
2026-01-09 12:00,25.3,52.0,545
2026-01-09 12:20,25.2,42.0,535
2026-01-09 12:20,25.2,42.0,535
2026-01-09 12:40,25.2,42.0,528
2026-01-09 12:40,25.2,42.0,528
2026-01-09 13:00,25.2,42.0,522
2026-01-09 13:00,25.2,42.0,523
2026-01-09 13:20,25.4,43.0,517
2026-01-09 13:20,25.4,43.0,517
2026-01-09 13:40,24.9,42.0,524
2026-01-09 13:40,24.9,42.0,524
2026-01-09 14:00,24.7,44.0,534
2026-01-09 14:00,24.8,44.0,535
2026-01-09 14:20,24.6,46.0,542
2026-01-09 14:20,24.6,46.0,542
2026-01-09 14:40,24.5,46.0,536
2026-01-09 14:40,24.5,46.0,536
2026-01-09 15:00,24.7,46.0,544
2026-01-09 15:00,24.7,46.0,544
2026-01-09 15:20,25.2,46.0,467
2026-01-09 15:20,25.2,46.0,467
2026-01-09 15:40,25.2,48.0,460
2026-01-09 15:40,25.2,48.0,460
2026-01-09 16:00,25.2,48.0,456
2026-01-09 16:00,25.2,48.0,456
2026-01-09 16:20,25.3,49.0,452
2026-01-09 16:20,25.3,49.0,452
2026-01-09 16:40,25.4,49.0,456
2026-01-09 17:40,25.7,51.0,460
2026-01-09 17:50,24.5,45.0,451
2026-01-09 18:00,24.0,52.0,461
2026-01-09 18:20,23.2,61.0,447
2026-01-09 18:40,22.6,64.0,440
2026-01-09 19:00,22.3,66.0,436
2026-01-09 19:20,21.9,67.0,430
2026-01-09 19:40,21.7,68.0,424
2026-01-09 20:00,21.4,68.0,423
2026-01-09 20:20,21.4,66.0,429
2026-01-09 20:40,21.3,65.0,426
2026-01-09 21:00,21.1,65.0,423
2026-01-09 21:20,21.1,65.0,418
2026-01-09 21:40,21.0,65.0,419
2026-01-09 22:00,21.0,65.0,412
2026-01-09 22:20,20.9,65.0,414
2026-01-09 22:40,20.9,64.0,409
2026-01-09 23:00,20.8,65.0,407
2026-01-09 23:20,20.9,60.0,404
2026-01-09 23:40,20.9,58.0,404
2026-01-10 00:00,20.9,57.0,407
2026-01-10 00:20,20.8,55.0,403
2026-01-10 00:40,20.4,56.0,410
2026-01-10 01:00,20.1,56.0,404
2026-01-10 01:20,19.8,57.0,403
2026-01-10 01:40,19.5,57.0,401
2026-01-10 02:00,19.2,56.0,402
2026-01-10 02:20,19.1,58.0,404
2026-01-10 02:40,18.9,58.0,404
2026-01-10 03:00,18.8,58.0,404
2026-01-10 03:20,18.7,60.0,405
2026-01-10 03:40,18.7,60.0,408
2026-01-10 04:00,18.6,60.0,409
2026-01-10 04:20,18.5,60.0,410
2026-01-10 04:40,18.4,61.0,414
2026-01-10 05:00,18.4,61.0,415
2026-01-10 05:20,18.3,61.0,413
2026-01-10 05:40,18.3,62.0,414
2026-01-10 06:00,18.2,61.0,417
2026-01-10 06:20,18.1,65.0,417
2026-01-10 06:40,18.0,67.0,423
2026-01-10 07:00,18.0,69.0,417
2026-01-10 07:20,18.0,71.0,418
2026-01-10 07:40,18.0,72.0,420
2026-01-10 08:00,17.9,73.0,416
2026-01-10 08:20,18.3,69.0,416
2026-01-10 08:40,18.7,69.0,404
2026-01-10 09:00,18.9,68.0,400
2026-01-10 09:20,19.0,68.0,400
2026-01-10 09:40,19.3,68.0,400
2026-01-10 10:00,19.3,67.0,400
2026-01-10 10:20,19.5,68.0,431
2026-01-10 10:40,19.7,67.0,425
2026-01-10 11:00,19.7,67.0,427
2026-01-10 11:20,19.8,67.0,427
2026-01-10 11:40,20.1,66.0,423
2026-01-10 12:00,20.3,64.0,422
2026-01-10 12:20,20.7,63.0,418
2026-01-10 12:40,20.8,63.0,414
2026-01-10 13:00,20.9,63.0,415
2026-01-10 13:20,21.0,62.0,413
2026-01-10 13:40,21.1,62.0,412
2026-01-10 14:00,21.1,62.0,416
2026-01-10 14:20,21.2,62.0,416
2026-01-10 14:40,21.2,61.0,416
2026-01-10 15:00,21.2,61.0,414
2026-01-10 15:20,21.2,61.0,414
2026-01-10 15:40,21.2,60.0,413
2026-01-10 16:00,21.2,60.0,416
2026-01-10 16:20,21.2,60.0,414
2026-01-10 16:40,21.1,59.0,416
2026-01-10 17:00,21.1,60.0,416
2026-01-10 17:20,21.0,60.0,416
2026-01-10 17:40,21.0,60.0,417
2026-01-10 18:00,20.9,59.0,420
2026-01-10 18:20,20.9,60.0,416
2026-01-10 18:40,20.8,60.0,421
2026-01-10 19:00,20.8,60.0,420
2026-01-10 19:20,20.6,60.0,422
2026-01-10 19:40,20.6,59.0,419
2026-01-10 20:00,20.6,59.0,419
2026-01-10 20:20,20.5,59.0,419
2026-01-10 20:40,20.3,58.0,421
2026-01-10 21:00,20.3,59.0,420
2026-01-10 21:20,20.2,58.0,420
2026-01-10 21:40,20.1,58.0,420
2026-01-10 22:00,20.1,57.0,422
2026-01-10 22:20,20.0,56.0,421
2026-01-10 22:40,19.9,57.0,422
2026-01-10 23:00,19.6,56.0,426
2026-01-10 23:20,19.1,53.0,424
2026-01-10 23:40,18.7,51.0,424
2026-01-11 00:00,18.2,51.0,424
2026-01-11 00:20,17.9,50.0,427
2026-01-11 00:35,17.6,49.0,428
2026-01-11 00:40,17.5,49.0,431
2026-01-11 00:40,17.6,48.0,431
2026-01-11 01:00,17.5,47.0,433
2026-01-11 01:20,17.3,47.0,435
2026-01-11 01:40,17.1,47.0,438
2026-01-11 02:00,16.9,46.0,435
2026-01-11 02:20,16.6,47.0,437
2026-01-11 02:40,16.5,46.0,437
2026-01-11 03:00,16.5,45.0,438
2026-01-11 03:20,16.4,45.0,440
2026-01-11 03:40,16.3,44.0,440
2026-01-11 04:00,16.1,45.0,438
2026-01-11 04:20,15.9,44.0,438
2026-01-11 04:40,15.8,44.0,440
2026-01-11 05:00,15.6,43.0,439
2026-01-11 05:20,15.4,46.0,437
2026-01-11 05:40,15.3,49.0,435
2026-01-11 06:00,15.1,50.0,437
2026-01-11 06:20,15.0,51.0,441
2026-01-11 06:40,14.9,53.0,443
2026-01-11 07:00,14.7,52.0,439
2026-01-11 07:20,14.7,51.0,440
2026-01-11 07:40,14.7,48.0,439
2026-01-11 08:00,14.6,46.0,439
2026-01-11 08:20,14.5,45.0,437
2026-01-11 08:40,14.5,43.0,438
2026-01-11 09:00,14.7,44.0,439
2026-01-11 09:20,14.9,43.0,436
2026-01-11 09:40,15.3,44.0,433
2026-01-11 10:00,15.5,45.0,431
2026-01-11 10:20,15.7,44.0,453
2026-01-11 10:40,15.8,43.0,452
2026-01-11 11:00,16.3,42.0,452
2026-01-11 11:20,17.0,44.0,447
2026-01-11 11:40,17.4,46.0,443
2026-01-11 12:00,17.7,48.0,435
2026-01-11 12:20,17.8,51.0,439
2026-01-11 12:40,17.7,52.0,438
2026-01-11 13:00,17.9,54.0,439
2026-01-11 13:20,18.0,55.0,437
2026-01-11 13:40,18.0,55.0,434
2026-01-11 14:00,18.1,52.0,434
2026-01-11 14:20,18.3,51.0,435
2026-01-11 14:40,18.2,50.0,438
2026-01-11 15:00,18.1,49.0,435
2026-01-11 15:20,18.2,49.0,441
2026-01-11 15:40,18.2,49.0,441
2026-01-11 16:00,18.1,49.0,441
2026-01-11 16:20,18.2,49.0,441
2026-01-11 16:40,18.2,49.0,444
2026-01-11 17:00,18.2,50.0,442
2026-01-11 17:20,18.2,49.0,443
2026-01-11 17:40,18.1,49.0,447
2026-01-11 18:00,18.1,50.0,445
2026-01-11 18:20,18.0,49.0,448
2026-01-11 18:40,17.9,49.0,448
2026-01-11 19:00,17.8,48.0,451
2026-01-11 19:20,17.7,49.0,457
2026-01-11 19:40,17.4,49.0,454
2026-01-11 20:00,17.1,50.0,455
2026-01-11 20:20,16.8,50.0,451
2026-01-11 20:40,16.5,49.0,450
2026-01-11 21:00,16.2,49.0,450
2026-01-11 21:20,16.1,51.0,449
2026-01-11 21:40,15.9,50.0,455
2026-01-11 22:00,15.7,51.0,457
2026-01-11 22:20,15.6,49.0,457
2026-01-11 22:40,15.5,49.0,457
2026-01-11 23:00,15.4,52.0,460
2026-01-11 23:20,15.7,53.0,461
2026-01-11 23:40,15.9,54.0,456
2026-01-12 00:00,15.9,54.0,461
2026-01-12 00:20,16.0,54.0,462
2026-01-12 00:40,16.1,53.0,463
2026-01-12 01:00,16.1,51.0,461
2026-01-12 01:20,15.9,49.0,469
2026-01-12 01:40,15.7,48.0,474
2026-01-12 02:00,15.4,49.0,480
2026-01-12 02:20,15.1,49.0,480
2026-01-12 02:40,14.9,49.0,478
2026-01-12 03:00,14.7,49.0,479
2026-01-12 03:20,14.5,49.0,480
2026-01-12 03:40,14.3,50.0,479
2026-01-12 04:00,14.1,49.0,478
2026-01-12 04:20,14.0,49.0,479
2026-01-12 04:40,14.1,48.0,484
2026-01-12 05:00,14.4,43.0,486
2026-01-12 05:20,14.6,40.0,485
2026-01-12 05:40,14.7,38.0,482
2026-01-12 06:00,14.7,37.0,486
2026-01-12 06:20,14.6,38.0,491
2026-01-12 06:40,14.6,40.0,496
2026-01-12 07:00,21.9,32.0,474
2026-01-12 07:20,24.4,30.0,458
2026-01-12 07:40,25.7,29.0,453
2026-01-12 08:00,25.7,30.0,452
2026-01-12 08:20,26.4,29.0,452
2026-01-12 08:40,24.8,32.0,465
2026-01-12 09:00,25.4,36.0,481
2026-01-12 10:20,22.4,30.0,595
2026-01-12 10:40,23.7,30.0,641
2026-01-12 11:00,24.8,31.0,660
2026-01-12 11:20,25.2,33.0,674
2026-01-12 11:40,25.4,33.0,657
2026-01-12 12:00,24.7,29.0,627
2026-01-12 12:20,23.6,31.0,602
2026-01-12 12:40,23.2,30.0,568
2026-01-12 13:00,22.8,31.0,550
2026-01-12 13:20,23.2,28.0,541
2026-01-12 13:40,23.1,32.0,614
2026-01-12 14:00,24.0,34.0,625
2026-01-12 14:20,23.6,40.0,610
2026-01-12 14:40,23.1,45.0,587
2026-01-12 15:00,22.9,47.0,553
2026-01-12 15:20,22.9,49.0,542
2026-01-12 15:40,23.1,51.0,554
2026-01-12 16:00,23.2,52.0,585
2026-01-12 16:20,23.3,52.0,586
2026-01-12 16:40,23.4,52.0,571
2026-01-12 17:00,23.5,52.0,571
2026-01-12 17:20,23.5,52.0,574
2026-01-12 17:40,23.5,52.0,554
2026-01-12 18:00,23.5,51.0,541
2026-01-12 18:20,24.1,65.0,535
2026-01-12 18:40,24.5,69.0,524
2026-01-12 19:00,24.8,70.0,514
2026-01-12 19:20,24.6,54.0,513
2026-01-12 19:40,24.0,51.0,516
2026-01-12 20:00,24.7,64.0,511
2026-01-12 20:20,25.1,68.0,501
2026-01-12 20:40,25.4,69.0,494
2026-01-12 21:00,25.6,70.0,484
2026-01-12 21:20,25.8,70.0,484
2026-01-12 21:40,26.0,71.0,483
2026-01-12 22:00,26.2,71.0,480
2026-01-12 22:20,26.3,71.0,477
2026-01-12 22:40,26.4,72.0,473
2026-01-12 23:00,26.5,72.0,475
2026-01-12 23:20,24.4,69.0,483
2026-01-12 23:40,23.0,69.0,491
2026-01-13 00:00,22.0,68.0,498
2026-01-13 00:20,21.2,68.0,497
2026-01-13 00:40,20.5,67.0,499
2026-01-13 01:00,20.0,67.0,500
2026-01-13 01:20,19.5,67.0,501
2026-01-13 01:40,19.1,66.0,506
2026-01-13 02:00,19.1,64.0,507
2026-01-13 02:20,19.1,65.0,508
2026-01-13 02:40,19.1,64.0,510
2026-01-13 03:00,19.2,62.0,509
2026-01-13 03:20,19.0,61.0,513
2026-01-13 03:40,18.7,59.0,515
2026-01-13 04:00,18.5,59.0,506
2026-01-13 04:20,18.2,59.0,509
2026-01-13 04:40,18.1,58.0,507
2026-01-13 05:00,18.3,59.0,508
2026-01-13 05:20,18.4,59.0,507
2026-01-13 05:40,18.5,57.0,503
2026-01-13 06:00,18.6,57.0,500
2026-01-13 06:20,18.5,62.0,503
2026-01-13 06:40,18.5,60.0,501
2026-01-13 07:00,18.5,59.0,503
2026-01-13 07:20,18.5,60.0,501
2026-01-13 07:40,18.5,59.0,504
2026-01-13 08:00,18.4,59.0,503
2026-01-13 08:20,18.4,59.0,507
2026-01-13 08:40,19.5,40.0,502
2026-01-13 09:00,20.2,40.0,492
2026-01-13 10:20,24.2,61.0,499
2026-01-13 10:40,24.6,52.0,493
2026-01-13 11:00,24.5,46.0,504
2026-01-13 11:20,24.5,46.0,497
2026-01-13 11:40,24.9,51.0,484
2026-01-13 12:00,24.6,51.0,482
2026-01-13 12:20,24.4,52.0,478
2026-01-13 12:40,24.3,53.0,479
2026-01-13 13:00,24.2,53.0,474
2026-01-13 13:20,24.3,53.0,483
2026-01-13 13:40,24.0,54.0,496
2026-01-13 14:00,24.2,50.0,491
2026-01-13 14:20,24.3,52.0,493
2026-01-13 14:40,24.2,49.0,495
2026-01-13 15:00,24.2,50.0,505
2026-01-13 15:20,23.9,53.0,517
2026-01-13 15:40,23.8,54.0,507
2026-01-13 16:00,23.7,54.0,509
2026-01-13 16:20,22.9,44.0,494
2026-01-13 16:40,21.5,45.0,478
2026-01-13 17:00,22.1,52.0,476
2026-01-13 17:20,22.8,54.0,477
2026-01-13 17:40,23.2,52.0,503
2026-01-13 18:00,23.1,52.0,512
2026-01-13 18:20,23.6,61.0,536
2026-01-13 18:40,24.6,64.0,523
2026-01-13 19:00,24.9,68.0,503
2026-01-13 19:20,25.2,69.0,478
2026-01-13 19:40,24.5,60.0,464
2026-01-13 20:00,22.9,59.0,474
2026-01-13 20:20,22.0,61.0,483
2026-01-13 20:40,23.1,62.0,493
2026-01-13 21:00,24.4,68.0,506
2026-01-13 21:20,25.0,69.0,493
2026-01-13 21:40,25.8,68.0,475
2026-01-13 22:00,25.9,69.0,458
2026-01-13 22:20,26.1,68.0,446
2026-01-13 22:40,26.6,66.0,436
2026-01-13 23:00,26.5,67.0,428
2026-01-13 23:20,24.2,59.0,447
2026-01-13 23:40,22.7,58.0,452
2026-01-14 00:00,21.6,57.0,453
2026-01-14 00:20,21.0,59.0,452
2026-01-14 00:40,20.2,57.0,456
2026-01-14 01:00,19.7,58.0,454
2026-01-14 01:20,19.4,59.0,454
2026-01-14 01:40,18.9,58.0,459
2026-01-14 02:00,18.7,58.0,461
2026-01-14 02:20,18.5,60.0,464
2026-01-14 02:40,18.0,58.0,463
2026-01-14 03:00,17.9,59.0,465
2026-01-14 03:20,17.8,60.0,462
2026-01-14 03:40,17.5,59.0,461
2026-01-14 04:00,17.3,58.0,463
2026-01-14 04:20,17.3,59.0,464
2026-01-14 04:40,17.0,60.0,468
2026-01-14 05:00,16.8,58.0,467
2026-01-14 05:20,19.9,69.0,458
2026-01-14 05:40,21.4,67.0,445
2026-01-14 06:00,22.1,68.0,439
2026-01-14 07:00,23.3,68.0,447
2026-01-14 07:20,23.4,67.0,452
2026-01-14 14:00,24.7,54.0,506
2026-01-14 14:20,24.8,57.0,504
2026-01-14 14:40,24.1,45.0,518
2026-01-14 15:00,24.1,47.0,536
2026-01-14 15:20,24.1,50.0,562
2026-01-14 15:40,24.0,47.0,553
2026-01-14 16:00,24.0,50.0,545
2026-01-14 16:20,24.0,54.0,541
2026-01-14 16:40,24.6,53.0,549
2026-01-14 17:00,25.1,51.0,545
2026-01-14 17:20,25.2,54.0,544
2026-01-14 17:40,25.3,51.0,547
2026-01-14 18:00,25.4,59.0,549
2026-01-14 18:20,25.6,64.0,540
2026-01-14 18:40,26.1,65.0,533
2026-01-14 19:00,26.5,69.0,516
2026-01-14 19:20,26.8,70.0,503
2026-01-14 19:40,27.3,69.0,492
2026-01-14 20:00,26.6,63.0,483
2026-01-14 20:20,24.6,60.0,499
2026-01-14 20:40,23.5,60.0,502
2026-01-14 21:00,22.8,63.0,505
2026-01-14 21:20,22.3,61.0,508
2026-01-14 21:40,21.8,60.0,511
2026-01-14 22:00,21.4,61.0,512
2026-01-14 22:20,20.7,57.0,508
2026-01-14 22:40,20.1,58.0,509
2026-01-14 23:00,19.8,56.0,510
2026-01-14 23:20,19.3,57.0,511
2026-01-14 23:40,19.1,57.0,514
2026-01-15 00:00,18.9,58.0,511
2026-01-15 00:20,18.8,57.0,514
2026-01-15 00:40,18.7,58.0,514
2026-01-15 01:00,18.5,57.0,516
2026-01-15 01:20,18.4,58.0,515
2026-01-15 01:40,18.3,57.0,513
2026-01-15 02:00,18.1,57.0,513
2026-01-15 02:20,18.0,57.0,517
2026-01-15 02:40,17.9,57.0,516
2026-01-15 03:00,17.8,57.0,515
2026-01-15 03:20,17.8,57.0,515
2026-01-15 03:40,17.7,57.0,513
2026-01-15 04:00,17.6,57.0,513
2026-01-15 04:20,17.6,57.0,515
2026-01-15 04:40,17.8,56.0,516
2026-01-15 05:00,18.1,56.0,508
2026-01-15 05:20,18.2,56.0,505
2026-01-15 05:40,18.1,56.0,509
2026-01-15 06:00,18.0,56.0,510
2026-01-15 06:20,17.8,60.0,517
2026-01-15 06:40,17.6,63.0,522
2026-01-15 07:00,17.5,64.0,528
2026-01-15 07:20,17.4,65.0,529
2026-01-15 07:40,17.3,66.0,534
2026-01-15 08:00,17.4,67.0,540
2026-01-15 08:20,17.8,66.0,545
2026-01-15 08:40,18.0,66.0,544
2026-01-15 09:00,20.3,64.0,541
2026-01-15 09:20,22.8,67.0,547
2026-01-15 09:40,24.2,60.0,568
2026-01-15 10:00,24.5,62.0,592
2026-01-15 10:20,25.1,60.0,594
2026-01-15 10:40,25.8,58.0,600
2026-01-15 11:00,26.3,58.0,593
2026-01-15 11:20,26.8,59.0,569
2026-01-15 11:40,27.1,49.0,552
2026-01-15 12:00,27.2,51.0,538
2026-01-15 12:20,25.9,52.0,541
2026-01-15 12:40,25.6,49.0,535
2026-01-15 13:00,24.9,51.0,526
2026-01-15 13:20,24.8,55.0,525
2026-01-15 13:40,24.7,53.0,518
2026-01-15 14:00,24.4,54.0,518
2026-01-15 14:20,24.7,59.0,526
2026-01-15 14:40,25.2,61.0,432
2026-01-15 15:00,24.7,60.0,426
2026-01-15 15:20,25.6,62.0,440
2026-01-15 15:40,25.9,61.0,423
2026-01-15 16:00,24.3,60.0,412
2026-01-15 16:20,23.0,58.0,414
2026-01-15 16:40,24.1,54.0,404
2026-01-15 16:40,24.1,54.0,405
2026-01-15 17:00,24.4,57.0,409
2026-01-15 17:20,24.7,60.0,404
2026-01-15 17:40,24.8,54.0,423
2026-01-15 18:00,24.4,55.0,446
2026-01-15 18:20,25.0,66.0,442
2026-01-15 18:40,26.3,72.0,424
2026-01-15 19:00,26.9,75.0,410
2026-01-15 19:20,27.3,76.0,400
2026-01-15 19:40,28.0,75.0,400
2026-01-15 20:00,28.1,76.0,400
2026-01-15 20:20,28.4,73.0,429
2026-01-15 20:40,29.0,71.0,427
2026-01-15 21:00,29.1,72.0,426
2026-01-15 21:20,29.2,72.0,424
2026-01-15 21:40,29.6,71.0,426
2026-01-15 22:00,29.5,72.0,428
2026-01-15 22:20,29.5,72.0,433
2026-01-15 22:40,29.8,71.0,433
2026-01-15 23:00,29.6,72.0,439
2026-01-15 23:20,27.1,68.0,449
2026-01-15 23:40,25.6,69.0,459
2026-01-16 00:00,24.7,70.0,469
2026-01-16 00:20,24.0,72.0,480
2026-01-16 00:40,23.2,73.0,489
2026-01-16 01:00,22.8,73.0,502
2026-01-16 01:20,22.5,73.0,504
2026-01-16 01:40,22.0,73.0,509
2026-01-16 02:00,22.0,72.0,514
2026-01-16 02:20,22.3,71.0,520
2026-01-16 02:40,22.2,71.0,522
2026-01-16 03:00,22.3,71.0,525
2026-01-16 03:20,22.3,70.0,524
2026-01-16 03:40,21.9,69.0,527
2026-01-16 04:00,21.7,71.0,527
2026-01-16 04:20,21.4,70.0,529
2026-01-16 04:40,21.5,69.0,528
2026-01-16 05:00,21.6,70.0,530
2026-01-16 05:20,24.4,73.0,518
2026-01-16 05:40,26.1,72.0,498
2026-01-16 06:00,27.1,72.0,483
2026-01-16 06:20,27.5,75.0,466
2026-01-16 06:40,28.3,75.0,460
2026-01-16 07:00,28.4,74.0,457
2026-01-16 07:20,28.7,73.0,451
2026-01-16 07:40,29.3,71.0,449
2026-01-16 08:00,29.4,72.0,444
2026-01-16 08:20,29.4,72.0,443
2026-01-16 08:40,29.4,55.0,447
2026-01-16 09:00,26.7,42.0,472
2026-01-16 09:20,24.3,45.0,490
2026-01-16 09:40,23.4,41.0,491
2026-01-16 10:00,21.8,44.0,486
2026-01-16 10:20,21.3,46.0,624
2026-01-16 10:40,20.8,44.0,549
2026-01-16 11:00,20.6,47.0,523
2026-01-16 11:20,20.7,51.0,512
2026-01-16 11:40,20.5,46.0,512
2026-01-16 12:00,20.8,48.0,511
2026-01-16 12:20,20.7,50.0,512
2026-01-16 12:40,20.7,46.0,512
2026-01-16 13:00,20.7,48.0,515
2026-01-16 13:20,20.9,48.0,513
2026-01-16 13:40,21.5,47.0,513
2026-01-16 14:00,21.7,47.0,515
2026-01-16 14:20,22.1,49.0,512
2026-01-16 14:40,22.4,46.0,505
2026-01-16 15:00,22.8,49.0,498
2026-01-16 15:20,23.0,50.0,498
2026-01-16 15:40,23.7,46.0,502
2026-01-16 16:00,23.7,47.0,515
2026-01-16 16:20,23.9,46.0,502
2026-01-16 16:40,24.0,42.0,499
2026-01-16 17:00,23.7,45.0,511
2026-01-16 17:20,23.2,46.0,527
2026-01-16 17:40,22.8,44.0,532
2026-01-16 18:00,22.1,45.0,530
2026-01-16 18:20,23.5,56.0,527
2026-01-16 18:40,24.7,55.0,519
2026-01-16 19:00,25.2,57.0,513
2026-01-16 19:20,25.6,60.0,510
2026-01-16 19:40,26.0,59.0,510
2026-01-16 20:00,25.9,61.0,518
2026-01-16 20:20,26.0,51.0,529
2026-01-16 20:40,26.2,45.0,533
2026-01-16 21:00,26.1,47.0,537
2026-01-16 21:20,26.1,48.0,538
2026-01-16 21:40,26.3,46.0,542
2026-01-16 22:00,26.3,48.0,541
2026-01-16 22:20,26.3,49.0,536
2026-01-16 22:40,26.5,47.0,532
2026-01-16 23:00,26.8,44.0,525
2026-01-16 23:20,23.9,39.0,527
2026-01-16 23:40,22.7,40.0,516
2026-01-17 00:00,21.9,41.0,513
2026-01-17 00:20,21.3,42.0,504
2026-01-17 00:40,20.7,43.0,497
2026-01-17 01:00,20.2,44.0,494
2026-01-17 01:20,19.9,44.0,486
2026-01-17 01:40,19.5,45.0,479
2026-01-17 02:00,20.0,43.0,481
2026-01-17 02:20,20.5,41.0,476
2026-01-17 02:40,20.9,40.0,475
2026-01-17 03:00,21.1,39.0,475
2026-01-17 03:20,20.7,41.0,471
2026-01-17 03:40,20.1,41.0,472
2026-01-17 04:00,19.8,43.0,469
2026-01-17 04:20,19.9,49.0,466
2026-01-17 04:40,20.2,48.0,464
2026-01-17 05:00,20.5,55.0,463
2026-01-17 05:20,20.4,42.0,460
2026-01-17 05:40,20.2,42.0,465
2026-01-17 06:00,20.2,43.0,465
2026-01-17 06:20,20.0,50.0,467
2026-01-17 06:40,19.8,50.0,463
2026-01-17 07:00,19.7,51.0,461
2026-01-17 07:20,19.7,52.0,464
2026-01-17 07:40,19.6,52.0,460
2026-01-17 08:00,19.6,52.0,465
2026-01-17 08:20,19.5,53.0,466
2026-01-17 08:40,19.5,52.0,468
2026-01-17 09:00,19.3,53.0,469
2026-01-17 09:20,21.5,55.0,457
2026-01-17 09:40,23.0,51.0,448
2026-01-17 10:00,23.9,49.0,446
2026-01-17 10:20,24.5,47.0,444
2026-01-17 10:40,25.1,46.0,400
2026-01-17 11:00,25.7,42.0,400
2026-01-17 11:20,26.1,41.0,428
2026-01-17 11:40,26.4,40.0,423
2026-01-17 12:00,26.7,39.0,418
2026-01-17 12:20,26.8,40.0,418
2026-01-17 12:40,27.0,39.0,418
2026-01-17 13:00,27.0,39.0,414
2026-01-17 13:20,26.4,44.0,420
2026-01-17 13:40,26.3,42.0,428
2026-01-17 14:00,25.9,44.0,431
2026-01-17 14:20,25.7,46.0,431
2026-01-17 14:40,25.8,44.0,431
2026-01-17 15:00,25.7,45.0,434
2026-01-17 15:20,25.6,46.0,436
2026-01-17 15:40,25.7,44.0,435
2026-01-17 16:00,25.6,45.0,432
2026-01-17 16:20,25.6,47.0,436
2026-01-17 16:40,25.7,44.0,436
2026-01-17 17:00,25.8,46.0,436
2026-01-17 17:20,25.7,47.0,433
2026-01-17 17:40,25.8,44.0,435
2026-01-17 18:00,25.6,45.0,435
2026-01-17 18:20,25.6,46.0,438
2026-01-17 18:40,25.7,43.0,439
2026-01-17 19:00,25.6,45.0,440
2026-01-17 19:20,25.4,46.0,440
2026-01-17 19:40,25.5,42.0,441
2026-01-17 20:00,25.4,44.0,438
2026-01-17 20:20,25.3,46.0,439
2026-01-17 20:40,25.3,42.0,439
2026-01-17 21:00,25.1,44.0,439
2026-01-17 21:20,25.1,45.0,442
2026-01-17 21:40,25.1,41.0,440
2026-01-17 22:00,25.0,44.0,446
2026-01-17 22:20,24.9,44.0,445
2026-01-17 22:40,24.9,42.0,440
2026-01-17 23:00,24.8,43.0,439
2026-01-17 23:20,22.4,37.0,435
2026-01-17 23:40,20.8,37.0,435
2026-01-18 00:00,19.9,39.0,433
2026-01-18 00:20,19.4,41.0,437
2026-01-18 00:40,18.7,41.0,443
2026-01-18 01:00,18.4,41.0,447
2026-01-18 01:20,18.1,42.0,444
2026-01-18 01:40,17.7,42.0,448
2026-01-18 02:00,18.4,43.0,448
2026-01-18 02:20,18.9,48.0,450
2026-01-18 02:40,18.7,37.0,449
2026-01-18 03:00,18.2,39.0,453
2026-01-18 03:20,17.9,40.0,456
2026-01-18 03:40,17.5,39.0,454
2026-01-18 04:00,17.2,40.0,454
2026-01-18 04:20,17.1,41.0,454
2026-01-18 04:40,16.7,40.0,455
2026-01-18 05:00,16.6,40.0,454
2026-01-18 05:20,19.5,48.0,442
2026-01-18 05:40,21.3,45.0,430
2026-01-18 06:00,22.2,46.0,427
2026-01-18 06:20,22.6,47.0,432
2026-01-18 06:40,23.3,44.0,435
2026-01-18 07:00,23.2,43.0,432
2026-01-18 07:20,23.1,45.0,432
2026-01-18 07:40,23.4,42.0,432
2026-01-18 08:00,23.3,45.0,439
2026-01-18 08:20,23.3,45.0,440
2026-01-18 08:40,23.4,43.0,443
2026-01-18 09:00,23.3,44.0,443
2026-01-18 09:20,23.2,45.0,441
2026-01-18 09:40,23.4,42.0,446
2026-01-18 10:00,23.4,45.0,448
2026-01-18 10:20,23.4,46.0,448
2026-01-18 10:40,23.5,43.0,450
2026-01-18 11:00,23.5,45.0,454
2026-01-18 11:20,23.4,46.0,474
2026-01-18 11:40,23.5,43.0,478
2026-01-18 12:00,23.5,46.0,477
2026-01-18 12:20,23.6,47.0,478
2026-01-18 12:40,23.6,45.0,484
2026-01-18 13:00,23.6,46.0,484
2026-01-18 13:20,23.6,47.0,486
2026-01-18 13:40,23.8,44.0,491
2026-01-18 14:00,23.8,48.0,490
2026-01-18 14:20,23.9,47.0,490
2026-01-18 14:40,24.0,45.0,488
2026-01-18 15:00,24.0,47.0,489
2026-01-18 15:20,24.0,48.0,485
2026-01-18 15:40,24.2,46.0,483
2026-01-18 16:00,24.1,47.0,481
2026-01-18 16:20,24.1,48.0,483
2026-01-18 16:40,24.2,45.0,481
2026-01-18 17:00,24.2,47.0,481
2026-01-18 17:20,24.1,49.0,482
2026-01-18 17:40,24.2,46.0,481
2026-01-18 18:00,24.2,47.0,477
2026-01-18 18:20,24.1,48.0,477
2026-01-18 18:40,24.1,46.0,480
2026-01-18 19:00,24.1,48.0,478
2026-01-18 19:20,24.1,48.0,477
2026-01-18 19:40,21.9,49.0,487
2026-01-18 20:00,19.9,54.0,479
2026-01-18 20:20,19.0,57.0,478
2026-01-18 20:40,18.0,56.0,481
2026-01-18 21:00,17.7,59.0,484
2026-01-18 21:20,17.5,62.0,489
2026-01-18 21:40,17.0,60.0,493
2026-01-18 22:00,16.9,62.0,499
2026-01-18 22:20,16.8,64.0,498
2026-01-18 22:40,16.4,63.0,500
2026-01-18 23:00,16.8,60.0,501
2026-01-18 23:20,24.6,40.0,483
2026-01-18 23:40,25.0,37.0,481
2026-01-19 00:00,26.0,36.0,487
2026-01-19 00:20,26.5,37.0,483
2026-01-19 00:40,26.8,34.0,474
2026-01-19 01:00,23.6,35.0,475
2026-01-19 01:20,22.4,36.0,478
2026-01-19 01:40,21.7,37.0,477
2026-01-19 02:00,21.3,37.0,469
2026-01-19 02:20,21.0,35.0,469
2026-01-19 02:40,20.8,35.0,469
2026-01-19 03:00,20.6,35.0,466
2026-01-19 03:20,20.4,34.0,465
2026-01-19 03:40,20.4,34.0,467
2026-01-19 04:00,20.3,34.0,464
2026-01-19 04:20,20.2,34.0,465
2026-01-19 04:40,20.2,34.0,464
2026-01-19 05:00,20.1,33.0,465
2026-01-19 05:20,21.7,37.0,451
2026-01-19 05:40,22.4,37.0,445
2026-01-19 06:00,23.1,36.0,444
2026-01-19 06:20,23.4,37.0,442
2026-01-19 06:40,23.7,36.0,443
2026-01-19 07:00,23.8,36.0,447
2026-01-19 07:20,24.0,35.0,446
2026-01-19 07:40,24.2,35.0,443
2026-01-19 08:00,24.2,34.0,443
2026-01-19 08:20,24.2,33.0,444
2026-01-19 08:40,23.8,33.0,450
2026-01-19 09:00,23.7,37.0,463
2026-01-19 09:20,23.8,39.0,477
2026-01-19 09:40,24.9,41.0,455
2026-01-19 10:00,24.7,41.0,455
2026-01-19 10:20,23.1,38.0,463
2026-01-19 10:40,21.2,41.0,476
2026-01-19 11:00,22.5,46.0,476
2026-01-19 11:20,23.2,50.0,502
2026-01-19 11:40,23.9,56.0,501
2026-01-19 12:00,24.0,61.0,489
2026-01-19 12:20,24.2,60.0,474
2026-01-19 12:40,24.7,54.0,465
2026-01-19 13:00,24.7,54.0,458
2026-01-19 13:20,24.8,53.0,488
2026-01-19 13:40,25.0,49.0,483
2026-01-19 14:00,24.8,50.0,474
2026-01-19 14:20,24.4,51.0,469
2026-01-19 14:40,24.6,48.0,475
2026-01-19 15:00,24.7,53.0,486
2026-01-19 15:20,24.8,53.0,506
2026-01-19 15:40,25.2,51.0,485
2026-01-19 16:00,24.9,48.0,485
2026-01-19 16:20,24.8,48.0,477
2026-01-19 16:40,24.7,44.0,480
2026-01-19 17:00,24.6,47.0,474
2026-01-19 17:20,24.1,48.0,479
2026-01-19 17:40,23.9,43.0,472
2026-01-19 18:00,23.4,44.0,467
2026-01-19 18:20,24.1,52.0,474
2026-01-19 18:40,24.2,40.0,481
2026-01-19 19:00,24.2,43.0,487
2026-01-19 19:20,24.2,44.0,483
2026-01-19 19:40,24.2,41.0,483
2026-01-19 20:00,24.1,43.0,480
2026-01-19 20:20,24.1,45.0,476
2026-01-19 20:40,24.3,41.0,475
2026-01-19 21:00,24.3,43.0,480
2026-01-19 21:20,24.2,44.0,483
2026-01-19 21:40,27.5,37.0,480
2026-01-19 22:00,28.6,37.0,453
2026-01-19 22:20,29.6,36.0,443
2026-01-19 22:40,30.3,35.0,437
2026-01-19 23:00,29.8,37.0,439
2026-01-19 23:20,25.5,31.0,450
2026-01-19 23:40,22.9,31.0,461
2026-01-20 00:00,21.1,35.0,470
2026-01-20 00:20,20.0,38.0,469
2026-01-20 00:40,19.0,37.0,464
2026-01-20 01:00,18.3,40.0,464
2026-01-20 01:20,17.8,42.0,465
2026-01-20 01:40,17.1,39.0,469
2026-01-20 02:00,16.9,40.0,469
2026-01-20 02:20,16.6,43.0,472
2026-01-20 02:40,16.2,39.0,472
2026-01-20 03:00,16.0,40.0,475
2026-01-20 03:20,15.8,43.0,479
2026-01-20 03:40,15.6,40.0,477
2026-01-20 04:00,21.8,31.0,462
2026-01-20 04:20,18.8,30.0,456
2026-01-20 04:40,18.5,30.0,467
2026-01-20 05:00,18.5,30.0,469
2026-01-20 05:20,20.3,46.0,458
2026-01-20 05:40,21.5,45.0,444
2026-01-20 06:00,22.1,46.0,439
2026-01-20 06:20,22.2,47.0,441
2026-01-20 06:40,22.5,45.0,442
2026-01-20 07:00,22.6,46.0,447
2026-01-20 07:20,22.7,48.0,451
2026-01-20 07:40,23.0,45.0,453
2026-01-20 08:00,22.9,47.0,460
2026-01-20 08:20,22.9,47.0,460
2026-01-20 08:40,23.2,46.0,468
2026-01-20 09:00,23.3,45.0,466
2026-01-20 09:20,23.1,44.0,489
2026-01-20 09:40,23.1,42.0,503
2026-01-20 10:00,23.1,45.0,498
2026-01-20 10:20,23.2,50.0,499
2026-01-20 10:40,23.3,44.0,507
2026-01-20 11:00,23.2,50.0,507
2026-01-20 11:20,23.5,51.0,503
2026-01-20 11:40,23.8,49.0,540
2026-01-20 12:00,22.7,44.0,571
2026-01-20 12:20,23.2,47.0,552
2026-01-20 12:40,23.3,47.0,519
2026-01-20 13:00,23.3,49.0,506
2026-01-20 13:20,23.3,48.0,499
2026-01-20 13:40,23.6,51.0,498
2026-01-20 14:00,23.5,49.0,499
2026-01-20 14:20,23.8,53.0,495
2026-01-20 14:40,24.1,51.0,492
2026-01-20 15:00,23.8,47.0,523
2026-01-20 15:20,23.7,44.0,529
2026-01-20 15:40,23.8,43.0,533
2026-01-20 16:00,23.8,43.0,533
2026-01-20 16:20,23.0,45.0,594
2026-01-20 16:40,23.3,44.0,571
2026-01-20 17:00,23.4,43.0,571
2026-01-20 17:20,23.4,47.0,545
2026-01-20 17:40,24.0,45.0,549
2026-01-20 18:00,24.3,45.0,583
2026-01-20 18:20,23.9,48.0,583
2026-01-20 18:40,23.8,45.0,552
2026-01-20 19:00,23.7,49.0,532
2026-01-20 19:20,23.9,49.0,522
2026-01-20 19:40,23.9,48.0,512
2026-01-20 20:00,23.9,50.0,506
2026-01-20 20:20,24.2,47.0,500
2026-01-20 20:40,24.4,41.0,495
2026-01-20 21:00,24.5,42.0,488
2026-01-20 21:20,24.5,42.0,488
2026-01-20 21:40,26.5,41.0,483
2026-01-20 22:00,28.9,38.0,465
2026-01-20 22:20,29.5,37.0,457
2026-01-20 22:40,30.2,33.0,455
2026-01-20 23:00,29.5,36.0,454
2026-01-20 23:20,28.7,32.0,466
2026-01-20 23:40,28.5,30.0,481
2026-01-21 00:00,28.3,29.0,485
2026-01-21 00:20,28.2,29.0,489
2026-01-21 00:40,27.9,28.0,487
2026-01-21 01:00,27.9,28.0,493
2026-01-21 01:20,27.8,29.0,499
2026-01-21 01:40,24.5,25.0,492
2026-01-21 02:00,21.7,29.0,487
2026-01-21 02:20,20.3,33.0,487
2026-01-21 02:40,19.1,32.0,488
2026-01-21 03:00,18.5,35.0,492
2026-01-21 03:20,18.1,36.0,489
2026-01-21 03:40,19.6,35.0,495
2026-01-21 04:00,23.1,30.0,491
2026-01-21 04:20,25.6,29.0,491
2026-01-21 04:40,26.8,27.0,487
2026-01-21 05:00,27.0,29.0,486
2026-01-21 05:20,27.3,36.0,471
2026-01-21 05:40,28.3,35.0,459
2026-01-21 06:00,28.3,37.0,455
2026-01-21 06:20,28.2,41.0,456
2026-01-21 06:40,28.9,39.0,455
2026-01-21 07:00,28.6,40.0,456
2026-01-21 07:20,25.1,45.0,467
2026-01-21 07:40,24.1,45.0,471
2026-01-21 08:00,23.4,47.0,483
2026-01-21 08:20,23.0,47.0,487
2026-01-21 08:40,22.9,45.0,487
2026-01-21 09:00,23.2,49.0,498
2026-01-21 09:20,23.4,48.0,512
2026-01-21 09:40,23.3,47.0,498
2026-01-21 10:00,23.2,47.0,495
2026-01-21 10:20,23.1,50.0,491
2026-01-21 10:40,23.2,50.0,496
2026-01-21 11:00,24.1,59.0,517
2026-01-21 11:20,23.7,54.0,542
2026-01-21 11:40,23.5,52.0,522
2026-01-21 12:00,23.6,55.0,508
2026-01-21 12:20,23.4,53.0,498
2026-01-21 12:40,23.7,57.0,496
2026-01-21 13:00,23.5,54.0,490
2026-01-21 13:20,23.3,55.0,519
2026-01-21 13:40,23.0,52.0,508
2026-01-21 14:00,22.8,54.0,496
2026-01-21 14:20,22.8,55.0,494
2026-01-21 14:40,23.0,56.0,490
2026-01-21 15:00,22.8,57.0,486
2026-01-21 15:20,23.0,60.0,484
2026-01-21 15:40,23.3,59.0,481
2026-01-21 16:00,23.4,57.0,474
2026-01-21 16:20,23.5,54.0,476
2026-01-21 16:40,23.5,53.0,497
2026-01-21 17:00,23.2,52.0,454
2026-01-21 17:20,23.1,54.0,458
2026-01-21 17:40,22.9,52.0,451
2026-01-21 18:00,22.6,50.0,460
2026-01-21 18:20,22.2,51.0,442
2026-01-21 18:40,21.9,51.0,435
2026-01-21 19:00,21.6,52.0,433
2026-01-21 19:20,21.9,52.0,427
2026-01-21 19:40,21.9,51.0,432
2026-01-21 20:00,21.7,52.0,439
2026-01-21 20:20,21.9,50.0,440
2026-01-21 20:40,22.5,48.0,432
2026-01-21 21:00,22.6,48.0,428
2026-01-21 21:20,22.5,49.0,432
2026-01-21 21:40,24.5,42.0,432
2026-01-21 22:00,27.9,39.0,414
2026-01-21 22:20,29.3,39.0,403
2026-01-21 22:40,28.8,40.0,401
2026-01-21 23:00,27.4,42.0,409
2026-01-21 23:20,23.7,32.0,423
2026-01-21 23:40,21.7,31.0,437
2026-01-22 00:00,20.0,38.0,454
2026-01-22 00:20,18.9,42.0,446
2026-01-22 00:40,17.8,42.0,443
2026-01-22 01:00,21.9,39.0,437
2026-01-22 01:20,21.4,39.0,442
2026-01-22 01:40,19.3,39.0,442
2026-01-22 02:00,17.6,43.0,446
2026-01-22 02:20,16.7,45.0,442
2026-01-22 02:40,16.0,46.0,440
2026-01-22 03:00,15.4,47.0,444
2026-01-22 03:20,14.9,49.0,444
2026-01-22 03:40,14.8,53.0,447
2026-01-22 04:00,15.2,45.0,438
2026-01-22 04:20,14.5,48.0,453
2026-01-22 04:40,14.1,51.0,449
2026-01-22 05:00,13.9,50.0,453
2026-01-22 05:20,15.7,54.0,440
2026-01-22 05:40,16.5,55.0,421
2026-01-22 06:00,17.3,57.0,414
2026-01-22 06:20,19.6,44.0,406
2026-01-22 06:40,23.2,37.0,400
2026-01-22 07:00,24.2,37.0,408
2026-01-22 07:20,21.1,42.0,416
2026-01-22 07:40,20.3,43.0,416
2026-01-22 08:00,19.7,42.0,417
2026-01-22 08:20,19.5,40.0,426
2026-01-22 08:40,19.7,47.0,427
2026-01-22 09:00,19.9,46.0,434
2026-01-22 09:20,20.0,49.0,450
2026-01-22 09:40,20.7,51.0,455
2026-01-22 10:00,20.8,52.0,440
2026-01-22 10:20,20.7,51.0,426
2026-01-22 10:40,21.0,51.0,426
2026-01-22 11:00,20.9,51.0,419
2026-01-22 11:20,21.2,53.0,420
2026-01-22 11:40,21.0,50.0,421
2026-01-22 12:00,20.9,52.0,424
2026-01-22 12:20,20.9,51.0,425
2026-01-22 12:40,20.9,50.0,424
2026-01-22 13:00,20.9,51.0,428
2026-01-22 13:20,20.9,52.0,427
2026-01-22 13:40,21.0,52.0,429
2026-01-22 14:00,20.9,53.0,436
2026-01-22 14:20,21.3,57.0,428
2026-01-22 14:40,22.0,57.0,420
2026-01-22 15:00,22.7,63.0,429
2026-01-22 15:20,23.2,67.0,498
2026-01-22 15:40,23.6,64.0,488
2026-01-22 16:00,23.6,65.0,454
2026-01-22 16:20,23.3,58.0,445
2026-01-22 16:40,23.4,55.0,460
2026-01-22 17:00,23.3,59.0,474
2026-01-22 17:20,23.5,62.0,458
2026-01-22 17:40,23.7,59.0,484
2026-01-22 18:00,23.6,58.0,493
2026-01-22 18:20,23.4,54.0,487
2026-01-22 18:40,23.3,50.0,476
2026-01-22 19:00,23.0,52.0,479
2026-01-22 19:20,23.0,54.0,478
2026-01-22 19:40,23.3,53.0,468
2026-01-22 20:00,23.0,55.0,465
2026-01-22 20:20,23.4,53.0,465
2026-01-22 20:40,23.8,51.0,459
2026-01-22 21:00,23.8,51.0,454
2026-01-22 21:20,23.7,51.0,449
2026-01-22 21:40,29.1,38.0,443
2026-01-22 22:00,28.1,45.0,415
2026-01-22 22:20,21.9,53.0,445
2026-01-22 22:40,19.5,56.0,469
2026-01-22 23:00,18.1,57.0,470
2026-01-22 23:20,17.1,60.0,472
2026-01-22 23:40,20.3,48.0,468
2026-01-23 00:00,17.4,55.0,479
2026-01-23 00:20,19.2,52.0,479
2026-01-23 00:40,20.5,50.0,469
2026-01-23 01:00,17.3,59.0,477
2026-01-23 01:20,25.0,38.0,471
2026-01-23 01:40,18.4,52.0,476
2026-01-23 02:00,26.0,37.0,479
2026-01-23 02:20,18.3,51.0,488
2026-01-23 02:40,24.2,37.0,488
2026-01-23 03:00,18.7,51.0,499
2026-01-23 03:20,25.5,37.0,489
2026-01-23 03:40,22.0,44.0,499
2026-01-23 04:00,22.0,43.0,487
2026-01-23 04:20,21.4,53.0,490
2026-01-23 04:40,21.9,57.0,479
2026-01-23 05:00,22.0,57.0,474
2026-01-23 05:20,22.2,59.0,463
2026-01-23 05:40,22.6,56.0,452
2026-01-23 06:00,22.6,56.0,448
2026-01-23 06:20,22.0,59.0,459
2026-01-23 06:40,22.0,58.0,479
2026-01-23 07:00,21.8,58.0,489
2026-01-23 07:20,21.8,58.0,488
2026-01-23 07:40,21.8,57.0,484
2026-01-23 08:00,21.6,58.0,485
2026-01-23 08:20,21.6,57.0,489
2026-01-23 08:40,21.9,54.0,485
2026-01-23 09:00,22.0,55.0,502
2026-01-23 09:20,22.4,56.0,518
2026-01-23 09:40,22.7,55.0,528
2026-01-23 10:00,22.9,55.0,534
2026-01-23 10:20,23.0,55.0,521
2026-01-23 10:40,23.5,55.0,506
2026-01-23 11:00,23.4,55.0,497
2026-01-23 11:20,23.4,57.0,490
2026-01-23 11:40,23.6,53.0,479
2026-01-23 12:00,24.7,52.0,465
2026-01-23 12:20,25.0,49.0,454
2026-01-23 12:40,25.1,45.0,445
2026-01-23 13:00,25.3,46.0,446
2026-01-23 13:20,24.0,51.0,489
2026-01-23 13:40,23.8,53.0,484
2026-01-23 14:00,23.9,55.0,485
2026-01-23 14:20,24.3,55.0,521
2026-01-23 14:40,24.5,55.0,607
2026-01-23 15:00,24.6,57.0,640
2026-01-23 15:20,24.6,53.0,611
2026-01-23 15:40,24.0,52.0,568
2026-01-23 16:00,23.6,49.0,577
2026-01-23 16:20,23.7,51.0,548
2026-01-23 16:40,24.1,53.0,522
2026-01-23 17:00,24.2,52.0,522
2026-01-23 17:20,23.9,52.0,524
2026-01-23 17:40,23.5,50.0,526
2026-01-23 18:00,23.3,52.0,526
2026-01-23 18:20,23.3,55.0,512
2026-01-23 18:40,23.6,54.0,507
2026-01-23 19:00,23.7,55.0,505
2026-01-23 19:20,23.6,54.0,511
2026-01-23 19:40,23.4,55.0,532
2026-01-23 20:00,23.5,54.0,544
2026-01-23 20:20,23.7,56.0,531
2026-01-23 20:40,23.9,55.0,519
2026-01-23 21:00,23.9,56.0,522
2026-01-23 21:20,23.9,57.0,524
2026-01-23 21:40,25.4,54.0,520
2026-01-23 22:00,26.5,54.0,495
2026-01-23 22:20,22.5,63.0,534
2026-01-23 22:40,20.6,61.0,552
2026-01-23 23:00,19.5,62.0,552
2026-01-23 23:20,18.5,64.0,551
2026-01-23 23:40,18.0,61.0,548
2026-01-24 00:00,17.7,59.0,544
2026-01-24 00:20,17.5,61.0,549
2026-01-24 00:40,17.0,58.0,553
2026-01-24 01:00,23.0,46.0,556
2026-01-24 01:20,18.3,61.0,553
2026-01-24 01:40,17.1,62.0,552
2026-01-24 02:00,22.9,45.0,535
2026-01-24 02:20,17.4,63.0,536
2026-01-24 02:40,17.1,60.0,522
2026-01-24 03:00,24.0,45.0,506
2026-01-24 03:20,18.1,56.0,515
2026-01-24 03:40,17.5,58.0,511
2026-01-24 04:00,24.6,40.0,504
2026-01-24 04:20,29.1,38.0,487
2026-01-24 04:40,29.0,41.0,456
2026-01-24 05:00,29.9,41.0,441
2026-01-24 05:20,30.1,43.0,437
2026-01-24 05:40,29.8,44.0,438
2026-01-24 06:00,31.2,42.0,441
2026-01-24 06:20,30.5,44.0,439
2026-01-24 06:40,31.0,43.0,442
2026-01-24 07:00,30.9,43.0,444
2026-01-24 07:20,26.7,55.0,446
2026-01-24 07:40,25.2,55.0,445
2026-01-24 08:00,24.3,54.0,445
2026-01-24 08:20,23.8,54.0,452
2026-01-24 08:40,24.0,54.0,457
2026-01-24 09:00,24.1,57.0,455
2026-01-24 09:20,24.3,56.0,451
2026-01-24 09:40,24.8,55.0,449
2026-01-24 10:00,24.9,55.0,449
2026-01-24 10:20,25.1,57.0,451
2026-01-24 10:40,25.4,56.0,448
2026-01-24 11:00,25.2,54.0,443
2026-01-24 11:20,25.2,53.0,442
2026-01-24 11:40,25.2,52.0,441
2026-01-24 12:00,25.0,53.0,447
2026-01-24 12:20,24.7,52.0,450
2026-01-24 12:40,24.9,53.0,448
2026-01-24 13:00,24.9,53.0,448
2026-01-24 13:20,24.6,52.0,451
2026-01-24 13:40,24.9,53.0,452
2026-01-24 14:00,24.7,54.0,453
2026-01-24 14:20,24.8,55.0,452
2026-01-24 14:40,25.0,56.0,448
2026-01-24 15:00,24.9,57.0,445
2026-01-24 15:20,25.0,56.0,447
2026-01-24 15:40,25.0,55.0,450
2026-01-24 16:00,24.8,55.0,450
2026-01-24 16:20,24.9,55.0,448
2026-01-24 16:40,25.1,55.0,447
2026-01-24 17:00,24.9,57.0,473
2026-01-24 17:20,24.9,61.0,482
2026-01-24 17:40,24.5,62.0,485
2026-01-24 18:00,24.2,61.0,487
2026-01-24 18:20,24.2,62.0,491
2026-01-24 18:40,24.2,62.0,498
2026-01-24 19:00,24.1,60.0,500
2026-01-24 19:20,24.2,62.0,501
2026-01-24 19:40,24.3,58.0,499
2026-01-24 20:00,24.0,59.0,500
2026-01-24 20:20,24.0,59.0,502
2026-01-24 20:40,23.9,57.0,498
2026-01-24 21:00,24.1,57.0,495
2026-01-24 21:20,23.8,57.0,491
2026-01-24 21:40,23.9,56.0,495
2026-01-24 22:00,24.0,57.0,489
2026-01-24 22:20,21.2,60.0,500
2026-01-24 22:40,19.6,55.0,504
2026-01-24 23:00,18.6,55.0,514
2026-01-24 23:20,17.6,51.0,514
2026-01-24 23:40,17.7,47.0,518
2026-01-25 00:00,18.1,49.0,514
2026-01-25 00:20,17.2,52.0,519
2026-01-25 00:40,24.8,35.0,507
2026-01-25 01:00,18.1,48.0,516
2026-01-25 01:20,16.7,51.0,521
2026-01-25 01:40,23.9,35.0,514
2026-01-25 02:00,19.3,45.0,515
2026-01-25 02:20,17.1,50.0,519
2026-01-25 02:40,23.6,36.0,513
2026-01-25 03:00,17.3,49.0,523
2026-01-25 03:20,24.2,36.0,520
2026-01-25 03:40,18.3,47.0,528
2026-01-25 04:00,23.6,37.0,528
2026-01-25 04:20,27.3,37.0,509
2026-01-25 04:40,28.5,39.0,482
2026-01-25 05:00,28.8,41.0,470
2026-01-25 05:20,29.8,40.0,461
2026-01-25 05:40,30.3,40.0,455
2026-01-25 06:00,25.0,52.0,465
2026-01-25 06:20,23.4,54.0,471
2026-01-25 06:40,22.8,53.0,478
2026-01-25 07:00,22.6,54.0,477
2026-01-25 07:20,22.2,54.0,479
2026-01-25 07:40,21.9,52.0,479
2026-01-25 08:00,21.8,52.0,478
2026-01-25 08:20,21.9,51.0,479
2026-01-25 08:40,22.1,50.0,487
2026-01-25 09:00,22.2,52.0,483
2026-01-25 09:20,22.2,52.0,481
2026-01-25 09:40,23.0,52.0,477
2026-01-25 10:00,23.0,52.0,475
2026-01-25 10:20,23.1,53.0,472
2026-01-25 10:40,23.2,50.0,474
2026-01-25 11:00,23.2,52.0,475
2026-01-25 11:20,23.1,52.0,471
2026-01-25 11:40,23.2,51.0,470
2026-01-25 12:00,23.0,53.0,472
2026-01-25 12:20,23.2,55.0,475
2026-01-25 12:40,23.1,56.0,478
2026-01-25 13:00,22.9,53.0,482
2026-01-25 13:20,23.1,56.0,484
2026-01-25 13:40,23.8,60.0,470
2026-01-25 14:00,23.5,57.0,469
2026-01-25 14:20,23.6,57.0,472
2026-01-25 14:40,23.5,57.0,470
2026-01-25 15:00,23.6,56.0,469
2026-01-25 15:20,23.2,55.0,471
2026-01-25 15:40,23.6,58.0,474
2026-01-25 16:00,23.2,56.0,471
2026-01-25 16:20,23.2,56.0,475
2026-01-25 16:40,23.3,55.0,476
2026-01-25 17:00,23.2,57.0,476
2026-01-25 17:20,23.3,56.0,480
2026-01-25 17:40,23.1,54.0,483
2026-01-25 18:00,22.8,54.0,486
2026-01-25 18:20,22.6,55.0,485
2026-01-25 18:40,22.7,54.0,489
2026-01-25 19:00,22.7,54.0,491
2026-01-25 19:20,22.8,55.0,495
2026-01-25 19:40,22.6,54.0,498
2026-01-25 20:00,22.3,53.0,500
2026-01-25 20:20,22.2,54.0,497
2026-01-25 20:40,22.2,53.0,501
2026-01-25 21:00,22.2,54.0,507
2026-01-25 21:20,22.0,54.0,517
2026-01-25 21:40,22.7,51.0,517
2026-01-25 22:00,30.5,35.0,494
2026-01-25 22:20,29.3,35.0,504
2026-01-25 22:40,29.6,33.0,513
2026-01-25 23:00,29.7,32.0,522
2026-01-25 23:20,27.4,33.0,536
2026-01-25 23:40,21.2,41.0,536
2026-01-26 00:00,19.1,42.0,530
2026-01-26 00:20,17.7,43.0,519
2026-01-26 00:40,16.6,44.0,523
2026-01-26 01:00,20.3,38.0,514
2026-01-26 01:20,18.3,39.0,535
2026-01-26 01:40,25.2,29.0,539
2026-01-26 02:00,17.8,40.0,548
2026-01-26 02:20,16.3,41.0,545
2026-01-26 02:40,25.2,29.0,543
2026-01-26 03:00,17.3,40.0,561
2026-01-26 03:20,21.5,33.0,570
2026-01-26 03:40,18.0,40.0,563
2026-01-26 04:00,21.3,33.0,564
2026-01-26 04:20,25.6,31.0,552
2026-01-26 04:40,25.7,32.0,548
2026-01-26 05:00,26.0,32.0,545
2026-01-26 05:20,27.6,30.0,541
2026-01-26 05:40,27.4,31.0,543
2026-01-26 06:00,28.8,29.0,543
2026-01-26 06:20,28.4,28.0,548
2026-01-26 06:40,28.7,28.0,565
2026-01-26 07:00,22.7,35.0,571
2026-01-26 07:20,21.3,41.0,563
2026-01-26 07:40,20.9,42.0,561
2026-01-26 08:00,20.6,50.0,562
2026-01-26 08:20,20.2,48.0,554
2026-01-26 08:40,20.4,47.0,555
2026-01-26 09:00,20.4,47.0,566
2026-01-26 09:20,20.6,50.0,592
2026-01-26 09:40,20.4,52.0,586
2026-01-26 10:00,20.6,53.0,574
2026-01-26 10:20,20.8,54.0,572
2026-01-26 10:40,21.2,55.0,570
2026-01-26 11:00,21.1,53.0,556
2026-01-26 11:20,21.2,54.0,538
2026-01-26 11:40,21.4,55.0,531
2026-01-26 12:00,21.5,53.0,525
2026-01-26 12:20,21.6,52.0,523
2026-01-26 12:40,21.7,52.0,522
2026-01-26 13:00,21.7,53.0,526
2026-01-26 13:20,22.0,57.0,540
2026-01-26 13:40,22.0,56.0,548
2026-01-26 14:00,22.2,56.0,549
2026-01-26 14:20,22.4,57.0,561
2026-01-26 14:40,23.0,60.0,566
2026-01-26 15:00,23.4,61.0,545
2026-01-26 15:20,23.7,62.0,550
2026-01-26 15:40,24.2,62.0,541
2026-01-26 16:00,24.4,62.0,532
2026-01-26 16:20,24.0,60.0,518
2026-01-26 16:40,24.2,59.0,525
2026-01-26 17:00,24.2,58.0,530
2026-01-26 17:20,23.9,58.0,524
2026-01-26 17:40,23.8,57.0,508
2026-01-26 18:00,23.5,56.0,499
2026-01-26 18:20,23.5,56.0,497
2026-01-26 18:40,23.5,57.0,497
2026-01-26 19:00,23.8,57.0,503
2026-01-26 19:20,23.7,56.0,502
2026-01-26 19:40,23.9,56.0,492
2026-01-26 20:00,23.8,58.0,501
2026-01-26 20:20,23.8,61.0,495
2026-01-26 20:40,24.1,59.0,483
2026-01-26 21:00,24.2,60.0,479
2026-01-26 21:20,24.5,60.0,479
2026-01-26 21:40,24.6,60.0,482
2026-01-26 22:00,24.5,60.0,488
2026-01-26 22:20,21.4,64.0,519
2026-01-26 22:40,19.7,65.0,527
2026-01-26 23:00,18.7,67.0,528
2026-01-26 23:20,17.4,65.0,525
2026-01-26 23:40,17.1,59.0,526
2026-01-27 00:00,16.6,59.0,524
2026-01-27 00:20,16.4,61.0,526
2026-01-27 00:40,15.8,60.0,526
2026-01-27 01:00,15.5,68.0,524
2026-01-27 01:20,20.7,52.0,521
2026-01-27 01:40,18.6,55.0,508
2026-01-27 02:00,16.8,58.0,516
2026-01-27 02:20,15.7,63.0,516
2026-01-27 02:40,15.3,65.0,522
2026-01-27 03:00,14.7,66.0,519
2026-01-27 03:20,14.7,61.0,518
2026-01-27 03:40,14.4,62.0,520
2026-01-27 04:00,14.3,58.0,519
2026-01-27 04:20,17.6,62.0,499
2026-01-27 04:40,19.1,65.0,472
2026-01-27 05:00,20.4,63.0,457
2026-01-27 05:20,20.5,66.0,448
2026-01-27 05:40,21.2,66.0,449
2026-01-27 06:00,21.3,67.0,444
2026-01-27 06:20,21.2,66.0,453
2026-01-27 06:40,21.4,65.0,456
2026-01-27 07:00,21.2,64.0,460
2026-01-27 07:20,21.2,64.0,464
2026-01-27 07:40,21.5,64.0,468
2026-01-27 08:00,21.3,65.0,469
2026-01-27 08:20,21.1,63.0,477
2026-01-27 08:40,21.2,62.0,483
2026-01-27 09:00,21.3,64.0,484
2026-01-27 09:20,21.9,62.0,495
2026-01-27 09:40,22.6,62.0,484
2026-01-27 10:00,22.8,63.0,474
2026-01-27 10:20,23.2,63.0,470
2026-01-27 10:40,23.4,59.0,469
2026-01-27 11:00,23.7,62.0,465
2026-01-27 11:20,23.6,60.0,464
2026-01-27 11:40,23.5,64.0,471
2026-01-27 12:00,23.7,63.0,468
2026-01-27 12:20,23.5,62.0,466
2026-01-27 12:40,23.6,65.0,468
2026-01-27 13:00,23.6,64.0,462
2026-01-27 13:20,23.7,63.0,479
2026-01-27 13:40,23.8,63.0,499
2026-01-27 14:00,23.8,63.0,487
2026-01-27 14:20,24.0,66.0,473
2026-01-27 14:40,23.5,64.0,475
2026-01-27 15:00,23.9,63.0,488
2026-01-27 15:20,23.7,64.0,477
2026-01-27 15:40,24.0,63.0,485
2026-01-27 16:00,24.1,63.0,478
2026-01-27 16:20,23.6,60.0,477
2026-01-27 16:40,23.3,58.0,478
2026-01-27 17:00,23.4,61.0,500
2026-01-27 17:20,23.3,60.0,504
2026-01-27 17:40,22.8,60.0,512
2026-01-27 18:00,22.3,61.0,507
2026-01-27 18:20,22.5,64.0,503
2026-01-27 18:40,22.5,63.0,501
2026-01-27 19:00,22.7,62.0,500
2026-01-27 19:20,22.8,59.0,500
2026-01-27 19:40,22.7,58.0,510
2026-01-27 20:00,22.7,61.0,506
2026-01-27 20:20,23.2,64.0,500
2026-01-27 20:40,23.5,63.0,492
2026-01-27 21:00,23.5,64.0,493
2026-01-27 21:20,23.4,65.0,492
2026-01-27 21:40,23.5,64.0,495
2026-01-27 22:00,23.4,64.0,492
2026-01-27 22:20,20.1,69.0,509
2026-01-27 22:40,18.2,68.0,517
2026-01-27 23:00,17.1,70.0,525
2026-01-27 23:20,16.1,68.0,534
2026-01-27 23:40,15.4,65.0,538
2026-01-28 00:00,23.1,46.0,532
2026-01-28 00:20,20.3,50.0,537
2026-01-28 00:40,18.7,49.0,531
2026-01-28 01:00,16.7,54.0,536
2026-01-28 01:20,15.6,61.0,535
2026-01-28 01:40,14.6,62.0,537
2026-01-28 02:00,14.3,63.0,538
2026-01-28 02:20,14.1,62.0,543
2026-01-28 02:40,13.6,62.0,541
2026-01-28 03:00,13.3,66.0,545
2026-01-28 03:20,13.2,66.0,545
2026-01-28 03:40,12.5,72.0,548
2026-01-28 04:00,12.7,65.0,550
2026-01-28 04:20,21.2,49.0,516
2026-01-28 04:40,22.6,54.0,484
2026-01-28 05:00,25.2,49.0,479
2026-01-28 05:20,26.4,53.0,473
2026-01-28 05:40,27.1,53.0,463
2026-01-28 06:00,27.1,54.0,461
2026-01-28 06:20,27.4,52.0,461
2026-01-28 06:40,27.6,51.0,466
2026-01-28 07:00,24.8,58.0,482
2026-01-28 07:20,23.0,62.0,494
2026-01-28 07:40,22.5,63.0,501
2026-01-28 08:00,22.1,61.0,503
2026-01-28 08:20,21.8,58.0,498
2026-01-28 08:40,21.8,56.0,500
2026-01-28 09:00,21.8,57.0,501
2026-01-28 09:20,21.9,60.0,508
2026-01-28 09:40,22.2,64.0,503
2026-01-28 10:00,22.3,63.0,489
2026-01-28 10:20,22.4,66.0,490
2026-01-28 10:40,22.3,61.0,492
2026-01-28 11:00,22.3,64.0,498
2026-01-28 11:20,22.0,64.0,497
2026-01-28 11:40,22.1,63.0,506
2026-01-28 12:00,22.0,61.0,510
2026-01-28 12:20,21.9,64.0,508
2026-01-28 12:40,22.3,65.0,502
2026-01-28 13:00,22.3,65.0,497
2026-01-28 13:20,21.9,64.0,507
2026-01-28 13:40,22.3,62.0,503
2026-01-28 14:00,22.6,59.0,493
2026-01-28 14:20,23.0,59.0,487
2026-01-28 14:40,23.1,63.0,489
2026-01-28 15:00,23.1,66.0,489
2026-01-28 15:20,23.2,65.0,484
2026-01-28 15:40,23.6,64.0,489
2026-01-28 16:00,23.6,64.0,489
2026-01-28 16:20,23.6,60.0,484
2026-01-28 16:40,23.7,56.0,480
2026-01-28 17:00,23.5,55.0,487
2026-01-28 17:20,23.4,54.0,488
2026-01-28 17:40,23.3,54.0,493
2026-01-28 18:00,23.1,55.0,508
2026-01-28 18:20,23.1,53.0,506
2026-01-28 18:40,23.3,54.0,501
2026-01-28 19:00,23.2,54.0,499
2026-01-28 19:20,23.2,54.0,498
2026-01-28 19:40,23.4,54.0,500
2026-01-28 20:00,23.3,54.0,496
2026-01-28 20:20,23.6,56.0,491
2026-01-28 20:40,23.8,57.0,482
2026-01-28 21:00,24.1,59.0,476
2026-01-28 21:20,24.3,59.0,473
2026-01-28 21:40,27.4,50.0,472
2026-01-28 22:00,29.1,47.0,460
2026-01-28 22:20,28.2,48.0,485
2026-01-28 22:40,22.5,62.0,524
2026-01-28 23:00,20.6,63.0,550
2026-01-28 23:20,19.5,60.0,538
2026-01-28 23:40,18.6,56.0,536
2026-01-29 00:00,18.0,54.0,538
2026-01-29 00:20,17.5,55.0,534
2026-01-29 00:40,16.8,53.0,531
2026-01-29 01:00,16.5,53.0,533
2026-01-29 01:20,16.3,54.0,535
2026-01-29 01:40,16.8,50.0,524
2026-01-29 02:00,16.1,52.0,533
2026-01-29 02:20,15.7,52.0,538
2026-01-29 02:40,15.0,51.0,530
2026-01-29 03:00,14.7,54.0,533
2026-01-29 03:20,14.5,52.0,530
2026-01-29 03:40,13.9,55.0,528
2026-01-29 04:00,13.9,53.0,534
2026-01-29 04:20,23.0,41.0,498
2026-01-29 04:40,21.3,53.0,463
2026-01-29 05:00,21.0,56.0,457
2026-01-29 05:20,20.9,60.0,458
2026-01-29 05:40,21.2,59.0,456
2026-01-29 06:00,21.1,57.0,463
2026-01-29 06:20,21.1,62.0,471
2026-01-29 06:40,21.1,61.0,474
2026-01-29 07:00,20.9,60.0,484
2026-01-29 07:20,20.9,62.0,491
2026-01-29 07:40,20.9,63.0,501
2026-01-29 08:00,20.9,61.0,515
2026-01-29 08:20,21.0,61.0,521
2026-01-29 08:40,21.2,60.0,515
2026-01-29 09:00,21.6,62.0,509
2026-01-29 09:20,22.0,61.0,513
2026-01-29 09:40,22.7,60.0,509
2026-01-29 10:00,22.2,54.0,568
2026-01-29 10:20,22.6,54.0,533
2026-01-29 10:40,23.0,55.0,507
2026-01-29 11:00,23.0,54.0,500
2026-01-29 11:20,23.0,55.0,495
2026-01-29 11:40,23.2,53.0,486
2026-01-29 12:00,23.3,54.0,489
2026-01-29 12:20,23.1,53.0,486
2026-01-29 12:40,23.3,53.0,482
2026-01-29 13:00,23.3,54.0,478
2026-01-29 13:20,23.2,53.0,471
2026-01-29 13:40,23.4,51.0,478
2026-01-29 14:00,23.2,51.0,513
2026-01-29 14:20,23.5,53.0,527
2026-01-29 14:40,23.8,53.0,517
2026-01-29 15:00,24.0,56.0,501
2026-01-29 15:20,24.1,56.0,487
2026-01-29 15:40,24.4,55.0,509
2026-01-29 16:00,24.4,55.0,509
2026-01-29 16:20,24.3,55.0,502
2026-01-29 16:40,24.6,55.0,496
2026-01-29 17:00,24.8,54.0,479
2026-01-29 17:20,24.7,55.0,470
2026-01-29 17:40,24.5,52.0,471
2026-01-29 18:00,24.3,53.0,483
2026-01-29 18:20,24.1,52.0,490
2026-01-29 18:40,24.2,52.0,495
2026-01-29 19:00,24.2,53.0,494
2026-01-29 19:20,24.2,54.0,492
2026-01-29 19:40,24.3,50.0,492
2026-01-29 20:00,24.2,53.0,489
2026-01-29 20:20,24.4,54.0,484
2026-01-29 20:40,24.6,54.0,478
2026-01-29 21:00,24.5,56.0,474
2026-01-29 21:20,24.5,56.0,476
2026-01-29 21:40,25.4,50.0,477
2026-01-29 22:00,25.0,52.0,470
2026-01-29 22:20,21.4,59.0,504
2026-01-29 22:40,19.3,63.0,511
2026-01-29 23:00,18.5,58.0,518
2026-01-29 23:20,17.6,55.0,521
2026-01-29 23:40,16.8,51.0,524
2026-01-30 00:00,23.6,38.0,516
2026-01-30 00:20,18.0,48.0,529
2026-01-30 00:40,16.9,48.0,534
2026-01-30 01:00,16.2,51.0,534
2026-01-30 01:20,15.9,52.0,535
2026-01-30 01:40,15.6,51.0,536
2026-01-30 02:00,15.3,52.0,539
2026-01-30 02:20,15.2,52.0,539
2026-01-30 02:40,14.8,51.0,538
2026-01-30 03:00,14.6,53.0,541
2026-01-30 03:20,14.6,54.0,539
2026-01-30 03:40,14.3,54.0,541
2026-01-30 04:00,14.2,53.0,542
2026-01-30 04:20,24.1,42.0,511
2026-01-30 04:40,22.1,55.0,472
2026-01-30 05:00,21.5,56.0,466
2026-01-30 05:20,21.3,59.0,466
2026-01-30 05:40,21.6,59.0,462
2026-01-30 06:00,21.7,60.0,462
2026-01-30 06:20,21.2,62.0,471
2026-01-30 06:40,21.3,62.0,480
2026-01-30 07:00,21.1,62.0,486
2026-01-30 07:20,21.1,62.0,490
2026-01-30 07:40,21.1,61.0,497
2026-01-30 08:00,20.9,61.0,503
2026-01-30 08:20,20.8,60.0,504
2026-01-30 08:40,20.9,59.0,505
2026-01-30 09:00,21.2,59.0,506
2026-01-30 09:20,21.7,59.0,508
2026-01-30 09:40,22.0,58.0,499
2026-01-30 10:00,22.2,59.0,490
2026-01-30 10:20,22.4,60.0,492
2026-01-30 10:40,22.8,59.0,502
2026-01-30 11:00,22.9,60.0,498
