2026/03/10 09:00,On
2026/03/10 09:01,On
2026/03/10 09:01,On
2026/03/10 09:02,On
2026/03/10 09:03,On
2026/03/10 09:04,On
2026/03/10 11:34,On
2026/03/15 18:30,On
2026/03/15 18:31,On
2026/03/15 18:32,On
2026/03/15 18:33,On
2026/03/15 18:34,On
2026/03/15 19:00,On
2026/03/15 19:01,On
2026/03/15 19:02,On
2026/03/15 19:03,On
2026/03/15 19:04,On
2026/03/15 19:30,On
2026/03/15 19:31,On
2026/03/15 19:32,On
2026/03/15 19:33,On
2026/03/15 19:34,On
2026/03/15 20:00,On
2026/03/15 20:01,On
2026/03/15 20:02,On
2026/03/15 20:03,On
2026/03/15 20:04,On
2026/03/15 20:30,On
2026/03/15 20:31,On
2026/03/15 20:32,On
2026/03/15 20:33,On
2026/03/15 20:34,On
2026/03/15 21:00,On
2026/03/15 21:01,On
2026/03/15 21:02,On
2026/03/15 21:03,On
2026/03/15 21:04,On
2026/03/15 21:30,On
2026/03/15 21:31,On
2026/03/15 21:32,On
2026/03/15 21:33,On
2026/03/15 21:34,On
2026/03/15 22:00,On
2026/03/15 22:01,On
2026/03/15 22:02,On
2026/03/15 22:03,On
2026/03/15 22:04,On
2026/03/15 22:30,On
2026/03/15 22:31,On
2026/03/15 22:32,On
2026/03/15 22:33,On
2026/03/15 22:34,On
2026/03/15 23:00,On
2026/03/15 23:01,On
2026/03/15 23:02,On
2026/03/15 23:03,On
2026/03/15 23:04,On
2026/03/15 23:30,On
2026/03/15 23:31,On
2026/03/15 23:32,On
2026/03/15 23:33,On
2026/03/15 23:34,On
2026/03/16 00:00,On
2026/03/16 00:01,On
2026/03/16 00:02,On
2026/03/16 00:03,On
2026/03/16 00:04,On
2026/03/16 00:30,On
2026/03/16 00:31,On
2026/03/16 00:32,On
2026/03/16 00:33,On
2026/03/16 00:34,On
2026/03/16 01:00,On
2026/03/16 01:01,On
2026/03/16 01:02,On
2026/03/16 01:03,On
2026/03/16 01:04,On
2026/03/16 01:30,On
2026/03/16 01:31,On
2026/03/16 01:32,On
2026/03/16 01:33,On
2026/03/16 01:34,On
2026/03/16 02:00,On
2026/03/16 02:01,On
2026/03/16 02:02,On
2026/03/16 02:03,On
2026/03/16 02:04,On
2026/03/16 02:30,On
2026/03/16 02:31,On
2026/03/16 02:32,On
2026/03/16 02:33,On
2026/03/16 02:34,On
2026/03/16 03:00,On
2026/03/16 03:01,On
2026/03/16 03:02,On
2026/03/16 03:03,On
2026/03/16 03:04,On
2026/03/16 03:30,On
2026/03/16 03:31,On
2026/03/16 03:32,On
2026/03/16 03:33,On
2026/03/16 03:34,On
2026/03/16 04:00,On
2026/03/16 04:01,On
2026/03/16 04:02,On
2026/03/16 04:03,On
2026/03/16 04:04,On
2026/03/16 04:30,On
2026/03/16 04:31,On
2026/03/16 04:32,On
2026/03/16 04:33,On
2026/03/16 04:34,On
2026/03/16 05:00,On
2026/03/16 05:01,On
2026/03/16 05:02,On
2026/03/16 05:03,On
2026/03/16 05:04,On
2026/03/16 05:30,On
2026/03/16 05:31,On
2026/03/16 05:32,On
2026/03/16 05:33,On
2026/03/16 05:34,On
2026/03/16 06:00,On
2026/03/16 06:01,On
2026/03/16 06:02,On
2026/03/16 06:03,On
2026/03/16 06:04,On
2026/03/16 06:30,On
2026/03/16 06:31,On
2026/03/16 06:32,On
2026/03/16 06:33,On
2026/03/16 06:34,On
2026/03/16 07:00,On
2026/03/16 07:01,On
2026/03/16 07:02,On
2026/03/16 07:03,On
2026/03/16 07:04,On
2026/03/16 07:30,On
2026/03/16 07:31,On
2026/03/16 07:32,On
2026/03/16 07:33,On
2026/03/16 07:34,On
2026/03/16 08:00,On
2026/03/16 08:01,On
2026/03/16 08:02,On
2026/03/16 08:03,On
2026/03/16 08:04,On
2026/03/16 08:30,On
2026/03/16 08:31,On
2026/03/16 08:32,On
2026/03/16 08:33,On
2026/03/16 08:34,On
2026/03/16 09:00,On
2026/03/16 09:01,On
2026/03/16 09:02,On
2026/03/16 09:03,On
2026/03/16 09:04,On
2026/03/16 09:30,On
