2026/01/30 16:40,On
2026/01/30 16:41,On
2026/01/30 17:10,On
2026/01/30 17:11,On
2026/01/30 17:40,On
2026/01/30 17:41,On
2026/01/30 18:10,On
2026/01/30 18:10,On
2026/01/30 18:11,On
2026/01/30 18:11,On
2026/01/30 18:40,On
2026/01/30 18:41,On
2026/01/30 19:10,On
2026/01/30 19:11,On
2026/01/30 19:40,On
2026/01/30 19:41,On
2026/01/30 20:10,On
2026/01/30 20:11,On
2026/01/30 20:40,On
2026/01/30 20:41,On
2026/01/30 21:10,On
2026/01/30 21:11,On
2026/01/30 21:40,On
2026/01/30 21:41,On
2026/01/30 22:10,On
2026/01/30 22:11,On
2026/01/30 22:40,On
2026/01/30 22:41,On
2026/01/30 23:10,On
2026/01/30 23:11,On
2026/01/30 23:40,On
2026/01/30 23:41,On
2026/01/31 00:10,On
2026/01/31 00:11,On
2026/01/31 00:40,On
2026/01/31 00:41,On
2026/01/31 01:10,On
2026/01/31 01:11,On
2026/01/31 01:40,On
2026/01/31 01:41,On
2026/01/31 02:10,On
2026/01/31 02:11,On
2026/01/31 02:40,On
2026/01/31 02:41,On
2026/01/31 03:10,On
2026/01/31 03:11,On
2026/01/31 03:40,On
2026/01/31 03:41,On
2026/01/31 04:10,On
2026/01/31 04:11,On
2026/01/31 04:40,On
2026/01/31 04:41,On
2026/01/31 05:10,On
2026/01/31 05:11,On
2026/01/31 05:40,On
2026/01/31 05:41,On
2026/01/31 06:10,On
2026/01/31 06:11,On
2026/01/31 06:40,On
2026/01/31 06:41,On
2026/01/31 07:10,On
2026/01/31 07:11,On
2026/01/31 07:40,On
2026/01/31 07:41,On
2026/01/31 08:10,On
2026/01/31 08:11,On
2026/01/31 08:40,On
2026/01/31 08:41,On
2026/01/31 09:10,On
2026/01/31 09:11,On
2026/01/31 09:40,On
2026/01/31 09:41,On
2026/01/31 10:10,On
2026/01/31 10:11,On
2026/01/31 10:40,On
2026/01/31 10:41,On
2026/01/31 11:10,On
2026/01/31 11:11,On
2026/01/31 11:40,On
2026/01/31 11:41,On
2026/01/31 12:10,On
2026/01/31 12:11,On
2026/01/31 12:40,On
2026/01/31 12:41,On
2026/01/31 13:10,On
2026/01/31 13:11,On
2026/01/31 13:40,On
2026/01/31 13:41,On
2026/01/31 14:10,On
2026/01/31 14:11,On
2026/01/31 14:40,On
2026/01/31 14:41,On
2026/01/31 15:10,On
2026/01/31 15:11,On
2026/01/31 15:40,On
2026/01/31 15:41,On
2026/01/31 16:10,On
2026/01/31 16:11,On
2026/01/31 16:40,On
2026/01/31 16:41,On
2026/01/31 17:10,On
2026/01/31 17:11,On
2026/01/31 17:40,On
2026/01/31 17:41,On
2026/01/31 18:10,On
2026/01/31 18:11,On
2026/01/31 18:40,On
2026/01/31 18:41,On
2026/01/31 19:10,On
2026/01/31 19:11,On
2026/01/31 19:40,On
2026/01/31 19:41,On
2026/01/31 20:10,On
2026/01/31 20:11,On
2026/01/31 20:40,On
2026/01/31 20:41,On
2026/01/31 21:10,On
2026/01/31 21:11,On
2026/01/31 21:40,On
2026/01/31 21:41,On
2026/01/31 22:10,On
2026/01/31 22:11,On
2026/01/31 22:40,On
2026/01/31 22:41,On
2026/01/31 23:10,On
2026/01/31 23:11,On
2026/01/31 23:40,On
2026/01/31 23:41,On
2026/02/01 00:10,On
2026/02/01 00:11,On
2026/02/01 00:40,On
2026/02/01 00:41,On
2026/02/01 01:10,On
2026/02/01 01:11,On
2026/02/01 01:40,On
2026/02/01 01:41,On
2026/02/01 02:10,On
2026/02/01 02:11,On
2026/02/01 02:40,On
2026/02/01 02:41,On
2026/02/01 03:10,On
2026/02/01 03:11,On
2026/02/01 03:40,On
2026/02/01 03:41,On
2026/02/01 04:10,On
2026/02/01 04:11,On
2026/02/01 04:40,On
2026/02/01 04:41,On
2026/02/01 05:10,On
2026/02/01 05:11,On
2026/02/01 05:40,On
2026/02/01 05:41,On
2026/02/01 06:10,On
2026/02/01 06:11,On
2026/02/01 06:40,On
2026/02/01 06:41,On
2026/02/01 07:10,On
2026/02/01 07:11,On
2026/02/01 07:40,On
2026/02/01 07:41,On
2026/02/01 08:10,On
2026/02/01 08:11,On
2026/02/01 08:40,On
2026/02/01 08:41,On
2026/02/01 09:10,On
2026/02/01 09:11,On
2026/02/01 09:40,On
2026/02/01 09:41,On
2026/02/01 10:10,On
2026/02/01 10:11,On
2026/02/01 10:40,On
2026/02/01 10:41,On
2026/02/01 11:10,On
2026/02/01 11:11,On
2026/02/01 11:40,On
2026/02/01 11:41,On
2026/02/01 12:10,On
2026/02/01 12:11,On
2026/02/01 12:40,On
2026/02/01 12:41,On
2026/02/01 13:10,On
2026/02/01 13:11,On
2026/02/01 13:40,On
2026/02/01 13:41,On
2026/02/01 14:10,On
2026/02/01 14:11,On
2026/02/01 14:40,On
2026/02/01 14:41,On
2026/02/01 15:10,On
2026/02/01 15:11,On
2026/02/01 15:40,On
2026/02/01 15:41,On
2026/02/01 16:10,On
2026/02/01 16:11,On
2026/02/01 16:40,On
2026/02/01 16:41,On
2026/02/01 17:10,On
2026/02/01 17:11,On
2026/02/01 17:40,On
2026/02/01 17:41,On
2026/02/01 18:10,On
2026/02/01 18:11,On
2026/02/01 18:40,On
2026/02/01 18:41,On
2026/02/01 19:10,On
2026/02/01 19:11,On
2026/02/01 19:40,On
2026/02/01 19:41,On
2026/02/01 20:10,On
2026/02/01 20:11,On
2026/02/01 20:40,On
2026/02/01 20:41,On
2026/02/01 21:10,On
2026/02/01 21:11,On
2026/02/01 21:40,On
2026/02/01 21:41,On
2026/02/01 22:10,On
2026/02/01 22:11,On
2026/02/01 22:40,On
2026/02/01 22:41,On
2026/02/01 23:10,On
2026/02/01 23:11,On
2026/02/01 23:40,On
2026/02/01 23:41,On
2026/02/02 00:10,On
2026/02/02 00:11,On
2026/02/02 00:40,On
2026/02/02 00:41,On
2026/02/02 01:10,On
2026/02/02 01:11,On
2026/02/02 01:40,On
2026/02/02 01:41,On
2026/02/02 02:10,On
2026/02/02 02:11,On
2026/02/02 02:40,On
2026/02/02 02:41,On
2026/02/02 03:10,On
2026/02/02 03:11,On
2026/02/02 03:40,On
2026/02/02 03:41,On
2026/02/02 04:10,On
2026/02/02 04:11,On
2026/02/02 04:40,On
2026/02/02 04:41,On
2026/02/02 05:10,On
2026/02/02 05:11,On
2026/02/02 05:40,On
2026/02/02 05:41,On
2026/02/02 06:10,On
2026/02/02 06:11,On
2026/02/02 06:40,On
2026/02/02 06:41,On
2026/02/02 07:10,On
2026/02/02 07:11,On
2026/02/02 07:40,On
2026/02/02 07:41,On
2026/02/02 08:10,On
2026/02/02 08:11,On
2026/02/02 08:40,On
2026/02/02 08:41,On
2026/02/02 09:10,On
2026/02/02 09:11,On
2026/02/02 09:40,On
2026/02/02 09:41,On
2026/02/02 10:10,On
2026/02/02 10:11,On
2026/02/02 10:40,On
2026/02/02 10:41,On
2026/02/02 11:10,On
2026/02/02 11:11,On
2026/02/02 11:40,On
2026/02/02 11:41,On
2026/02/02 12:10,On
2026/02/02 12:11,On
2026/02/02 12:40,On
2026/02/02 12:41,On
2026/02/02 13:10,On
2026/02/02 13:11,On
2026/02/02 13:40,On
2026/02/02 13:41,On
2026/02/02 14:10,On
2026/02/02 14:11,On
2026/02/02 14:40,On
2026/02/02 14:41,On
2026/02/02 15:10,On
2026/02/02 15:11,On
2026/02/02 15:40,On
2026/02/02 15:41,On
2026/02/02 16:10,On
2026/02/02 16:11,On
2026/02/02 16:40,On
2026/02/02 16:41,On
2026/02/02 17:10,On
2026/02/02 17:11,On
2026/02/02 17:11,On
2026/02/02 17:40,On
2026/02/02 17:41,On
2026/02/02 18:10,On
2026/02/02 18:11,On
2026/02/02 18:40,On
2026/02/02 18:41,On
2026/02/02 19:10,On
2026/02/02 19:11,On
2026/02/02 19:40,On
2026/02/02 19:41,On
2026/02/02 20:10,On
2026/02/02 20:11,On
2026/02/02 20:40,On
2026/02/02 20:41,On
2026/02/02 21:10,On
2026/02/02 21:11,On
2026/02/02 21:40,On
2026/02/02 21:41,On
2026/02/02 22:10,On
2026/02/02 22:11,On
2026/02/02 22:40,On
2026/02/02 22:41,On
2026/02/02 23:10,On
2026/02/02 23:11,On
2026/02/02 23:40,On
2026/02/02 23:41,On
2026/02/03 00:10,On
2026/02/03 00:11,On
2026/02/03 00:40,On
2026/02/03 00:41,On
2026/02/03 01:10,On
2026/02/03 01:11,On
2026/02/03 01:40,On
2026/02/03 01:41,On
2026/02/03 02:10,On
2026/02/03 02:11,On
2026/02/03 02:40,On
2026/02/03 02:41,On
2026/02/03 03:10,On
2026/02/03 03:11,On
2026/02/03 03:40,On
2026/02/03 03:41,On
2026/02/03 04:10,On
2026/02/03 04:11,On
2026/02/03 04:40,On
2026/02/03 04:41,On
2026/02/03 05:10,On
2026/02/03 05:11,On
2026/02/03 05:40,On
2026/02/03 05:41,On
2026/02/03 06:10,On
2026/02/03 06:11,On
2026/02/03 06:40,On
2026/02/03 06:41,On
2026/02/03 07:10,On
2026/02/03 07:11,On
2026/02/03 07:40,On
2026/02/03 07:41,On
2026/02/03 08:10,On
2026/02/03 08:10,On
2026/02/03 08:11,On
2026/02/03 08:40,On
2026/02/03 08:41,On
2026/02/03 09:10,On
2026/02/03 09:11,On
2026/02/03 10:10,On
2026/02/03 10:11,On
2026/02/03 10:40,On
2026/02/03 10:41,On
2026/02/03 11:10,On
2026/02/03 11:11,On
2026/02/03 11:40,On
2026/02/03 11:41,On
2026/02/03 12:10,On
2026/02/03 12:11,On
2026/02/03 12:40,On
2026/02/03 12:41,On
2026/02/03 13:10,On
2026/02/03 13:11,On
2026/02/03 13:40,On
2026/02/03 13:41,On
2026/02/03 14:10,On
2026/02/03 14:11,On
2026/02/03 14:40,On
2026/02/03 14:41,On
2026/02/03 15:10,On
2026/02/03 15:11,On
2026/02/03 15:40,On
2026/02/03 15:41,On
2026/02/03 16:10,On
2026/02/03 16:11,On
2026/02/03 16:11,On
2026/02/03 16:40,On
2026/02/03 16:41,On
2026/02/03 16:41,On
2026/02/03 16:41,On
2026/02/03 17:10,On
2026/02/03 17:11,On
2026/02/03 17:40,On
2026/02/03 17:41,On
2026/02/03 18:10,On
2026/02/03 18:11,On
